2.2807170616443055e-17	83.1737895470863	2.4440421940278736e8	5.1000188203901905e8	77.65879744600315	0.010720231530617283	9.107365871708032e8	120072.75729087608	81.27407868942875	1.9526148379593003e8	1.0000010378907693e-6	1.2799833333186373e8	388.9990894395533	233.3875329121183	3.420974370272764e8	4359.586608757915	949755.6114051588	9.369299398944349e8	0.006278322935294894	14.727980141006121	15546.746438383005	9.892985960851132e8	17.830483548286363	0.0010879854654996283	1.6988746356922366e7	0.0005446076540395067	6.932397450973647e8	1.0015208847683866e-6	9.51454434741294e8
3.046063190579898e-14	8.926107773563386	4.57215504126344e8	26328.692245679995	47.208421943182735	380695.06816920295	37763.43138835628	5.23902667964412e6	5432.216509694913	123.9978615231198	0.4720712679464408	213.7060328866925	109699.89284613785	643.3815858771717	8.351261665720847e7	116.65897098096177	1.4976866517021842e6	110.05632284114252	2742.701938975771	404.7425621306982	183972.6048924154	0.18995191624474086	15.809041784441725	774756.6916110793	29021.662383398307	492.5469642205545	2.3594712072330047e6	13.346664054841389	1.2186999738424091
54.31006893903174	1.0134523353067988e-6	42.052833458723114	21466.23751801296	845.6045444264352	4294.842188499075	19170.43726936787	1.182783695855356e7	7402.1639973307365	0.04998187684083337	1.0328886666427179e8	2141.1706296372017	60.31688964373273	0.28885421626449054	39580.94620675605	9.606036722774197	1.1170192084481826e6	206946.5587124151	4.8367754690919345	20.708180171741116	177321.53947361305	18368.0409571087	11226.724884714326	16.011647425962018	14.653587328575366	106117.99153741426	0.0019159091100174502	0.018898911923074774	899.4301705677265
2546.4540208816516	5.0942481638522905e8	7.160694735836029e8	0.00020902495775889648	48.01583813346344	13023.300764577623	1.4801930770250562e8	2051.3937543300176	926883.2616382723	12.70018430322618	1271.0555521292988	9.993728827401279e8	82.05074711203481	27.18474455737077	1.0309534756672297e7	9.987915201109393e8	7.748692556862248e7	1.001845675850723e-6	718331.6553662232	9.984357883490665e8	1.9527300006950969e8	355719.34350856685	9.305257416430655	132.67688738543265	6.048449971886946e6	37906.190949452044	0.03525060276448372	117046.64872276601	0.07319733437870503
5080.313333333359	0.0000973758440310572	16881.780489736746	3.5400699043535258	0.0015239187658847185	1.0006889595133986e-6	0.39877292644740403	1.7569547344396334e7	174440.77644375645	4.3469033081451975	2.369233138576798	2.1046108191449495e-6	40.73759536691966	3.750939262620099e8	3.5343469630746346e-6	22878.67195430945	1.069788768447422e8	0.00008559708238363041	2.9773913571949404e-6	9.999972572104484e8	12.498180074314842	0.7169982999973539	28.856438481881746	18882.860695551335	419.4078990234709	5.029640696490556	2.2792954653161887e7	0.0020753792212868986	1.002483228718008e-6
5080.31333333361	5.074327347924724	8.800245714787447e8	4.875060077066702	193.77927625532445	61456.2546802151	23.84597152399991	2.8238226758182338e6	34.30884322169077	1.3572083127917653e8	865.7223963363341	0.014917851233590842	0.000016086782461696105	1.0436239212737489e8	1.0370421802905784e-6	4.318712886597067e6	1.8103211565375577e6	0.00027476843538485875	1.002109459889112e-6	40.42912083685115	1.0087956203379141e8	10100.64187383787	122.61752509073762	0.16179781960354866	1.0860435485440166e8	1.741620592086356	9.999832026676929e8	2.4431461327874193	7.590630868326891
5080.313333415741	0.06535202309972858	1.1338050967070531e7	0.00008980586594766576	113.09077830785671	1.0009785426722737e-6	6.592683455723253e-6	9.999913016312009e8	232.0244418599654	6240.120976921327	350318.11450929433	148506.94082402266	3756.875583627638	4.510279490171684e6	0.005933400305142982	1.7902146732404203e-6	1.7413212849540194e6	9.999127190713593e8	18991.504618990675	137.3641094666401	0.027169482499133726	9.860571484693303e8	30.311355892254706	180.6696435279945	1.0807354095250987e6	1.2216475759219298e7	195.74524855931196	1.0000510276006627e-6	2429.171046176438
5080.313336484353	1.5550373649174582e-6	267.0141463075672	1.00004750550812e-6	30498.883019657707	1.00004750550812e-6	1.0004544141218802e-6	9.826178329181758e8	26.808308764528558	4.500407094275715	0.0457341989465682	9.995458723931082e8	9.999524738158884e8	0.009733370502104611	1.0000000130556565e-6	9.755172077130151e8	9.954602573440764e8	26844.217863186394	1.0008016572408498e-6	735.8102173926465	1.0004544139145534e-6	39471.62281849554	9.21448200477544e8	15588.876723840862	9.954127440725936e8	9.132775652840483e-6	1.000776333708345e-6	1.0001987953889215e-6	9.99801190391177e8
5080.313337924958	9479.066434888266	7531.736271752693	564.8074334552939	3.103407898839478e7	1.1614391162848392	5.650802998770684	9.98456795047735e8	82.59912491843146	1.887335017139187	9.038884418016162e-6	0.000131980585717899	1932.5395621133437	9.569880141162088e8	1.6559728759135302e-6	8803.840999108454	5.3189712724514924e7	0.5485736643578698	3.452515955188337e8	1.0476200573598612e6	0.000011106627988929565	0.0025726711071643042	45.79026383615015	281.32621612689945	1312.4249354163337	0.011058424476443113	9.01382341049471e-6	0.0021869616618968545	0.03694080778247547
5080.313338795263	0.000016240917950780906	100.8470467334563	39637.09364864432	9.986642973003676e8	9.995903617950461e8	1.0003886490577551e-6	9.886628677310529e8	8673.504496115766	0.002704962111643144	0.7595289227694505	0.16322565795131977	9.997164999114486e8	0.06295067544789457	3.038994048794693e-6	1324.86116090879	8.748428529245286e7	1.0000911961756333e-6	0.005267984196917681	0.00020410003839268804	0.0548451672071595	44859.74381134906	111938.78171621822	0.9370007975069041	26.90036862811022	9.997361700935259e8	9.999724629581212e8	0.035685805915892495	1.0010427662390142e-6
5080.313351485481	1.0000000134931478e-6	0.00019111317360907327	0.000020323765190504518	5.545121927453051e6	183.95470163821537	9.9999947415878e8	18558.784195961725	9.7969327380223e8	0.03183416336733769	9.981169305788559e8	9.988199506046493e8	0.15203207027865112	9.283354622449406e8	0.002545664055536168	0.10624706715793258	1.747658141064116e6	1.791541282010641e-6	243.87466586388797	9.988199587921798e8	183.60795653479494	9.999994675273379e8	627880.704569595	5.498809155174875e8	41.855423468250706	9.857686177066271e8	1.1121674828711073e6	1.1603129010884261e8	1.0000005326801763e-6
5080.313351651188	389.6539474720947	1279.1981048639432	0.00008313672357178526	6.369141686926238e7	3.8565263689349943e8	1.000000489069193e-6	9.99619288765223e8	43.41144186011556	10707.094881588771	13219.295750317227	2.4024216444701887	8517.509450178499	5.998147736749696e8	0.02279699817380894	1.5260117097090584e-6	1.728786993817607e6	1.0007345395057333e-6	8.82910949652533e7	0.05798550815672721	0.34167435407853325	3.336213247476688e7	2375.993648960457	7.0944866975778	84.02732381791652	9.999615085409442e8	1.4853925475987446	66.54178802038935	0.017066714337444226
5080.313354917757	1.6810188803816025e-6	1.1666560622884699	1.0008749409671536e-6	1.0000258653189037e-6	1.1838903679631127e7	0.9869992298714438	5.598223896127085e6	52.38923913479643	0.0010474433269909206	0.00043090074162004815	0.005667672956388999	0.5672580901930288	7.76619990209517e8	7.883139766755548e-6	2.676018191819934e-6	1.7283389832480834e6	0.000018795289515994216	5.253942451092621	200.71629164629178	9.991209371597977e8	9.990020014410514e8	6489.895392902378	9.45428851513314e8	9.992359120549477e8	92.79483493036055	0.00042448545716157666	3928.3979565319733	309914.28531001066
5080.313362590876	0.21099611175261393	11326.457533022733	0.03823964482880109	0.0470123228335435	0.00013391853080737843	10346.701379208454	4.670193896478683e8	166.09159212573837	10450.292227213	690.6028826044408	0.0025543129717312298	0.05285696841779018	1.0879514548427612e8	1.5565823506097064e-6	0.00001188335509744388	1.7407627540278123e6	952.277176709303	3.075557430051424e8	47.63064421826195	1.005651050030347e-6	36251.75008835922	77.78706833284625	1219.4758730673932	452.73774008012725	0.49156287069664606	19352.218978214165	14705.780974404923	0.0007263134348190796
5080.313364369917	0.002404607160129457	1.0603768890711245e-6	4.7221480672291625	8.368013260015833e8	9.999964273614022e8	0.08192922579976748	9.82249556491868e8	8.709518451937164e8	194026.8149858767	1.0072206680892342e-6	0.5530933113945067	9.9998426621445e8	1.3708775290417846e7	4.35025349937353e-6	1.1481441510913447e-6	1.7245597726817545e6	8194.571336004241	9.919832906918918e8	5.1312613956734e8	811.2492639288463	9.076866739908535e8	26.8098050400305	9.076528968971943e8	957535.1664967191	9.925764883156258e8	1.0629322643741484e8	1.19873923399185e-6	739.2483140919312
5080.313370242428	0.00019951250535928843	34597.557643898486	24.303179773990358	11335.384930003962	1.5421671386836138e7	7.350001826536605e6	4251.551890493635	132.5347213921934	46.09232470894385	0.004124545047804933	177.97627164693674	96110.57031523042	2.7212695514682263e7	5.413140396345829e-6	611.0316404802369	1.7451141622361033e6	94929.91103325305	0.00004128165061626981	1.3091131693923691e7	4525.713561119844	9.997415227122163e8	33.60938205368089	0.017591642488465904	243905.21142545893	0.035900010141213266	7.104690649034826	1.613553901513313e-6	8.695199573220173e6
5080.313383244333	2.446591839014088	4.209322787194398e8	1.0001562345889166e-6	1.0775807396326808e6	7.572510582551178e8	3098.5664604532353	236720.1469762122	3.5986521689742036e7	18.54471647038272	1.902425295731171e7	8.015531568362572e8	39.441853669995474	7.442515446120018e8	0.010134750837840567	0.000050095767444773686	1.723708346530049e6	32.01568617645801	1.3624036095650818	217736.61492887748	4.1653516766724735e7	7.342789579214782e7	28.105306643287847	1.267070898307139e8	2626.285050358906	387343.7984886589	341474.3415895569	6.532198553604674e8	704393.9533891939
5080.313457355638	0.000045503150734738975	7745.914660152746	0.00013482355291318223	2.2252419522772713	1.0423317334699209e8	0.009284001988210644	30980.64570980973	41.999707294349456	1.0002680526338088e-6	0.08743296077427082	1.0000005322657108e-6	1.1975566358548229	5.312332708765836e7	0.00001823283744866653	14.34233013435941	1.7090943330436992e6	0.0005194519316272489	0.0012554843489364668	60.17275570516211	1418.4415064878476	3.109283908836037e6	74.16215381728176	16.78177675495651	180740.63253478028	9.862200590467497e8	2305.786399268241	1.780901420553526	149.62977082645406
5080.313478411818	2886.6105750516035	20631.754647144702	7197.182078483808	243.279921533191	141.6577216795944	598319.0388392395	159.7852714544832	2711.2322377286273	0.0018518589516007713	7.435641209942831	0.09172184208955113	0.02972235874542979	4.4359769363755435e8	66040.02790644123	345094.56181477895	9.16926096864333e6	175.29336347965577	2.6142512411020836e8	545.8072093316908	489.59899079274356	8.962069180707525e6	27.084671382290892	2.6576504330763	80947.69392399318	3759.278535125197	0.00033682346194747575	158.62775155325983	12.269788189017609
5080.3135079514095	1.0335590717508545e-6	1.429863425776469e-6	0.03284949497157997	43.675647034056794	1.0480501433454756e-6	0.0002457003740030475	2933.8298568671316	259987.49938549823	136541.1038622816	0.001037470540313554	409.34654124538696	0.11875082649727131	9.994384353794827e8	0.0010078476641990457	436816.0672903292	8.411865904293165e8	0.0014592248178650284	1.8291059063062537e7	7825.537680305913	3591.5536774331617	3.889913314437099e8	27.62870695358907	0.26445934457859843	905.3978770507305	0.00407352136264441	31991.60645490285	4.7506527519758716e7	2.6357623302213926
5080.31359747892	5.859076869557341	9.973702280955502e8	1.1687195790726592	0.00009161260186121298	995.9290377531165	1.9688774187375397	0.29576910477417784	26.93313206858711	4094.5937823468093	2742.3073191202507	0.00021875190799073893	1410.3130797838046	7.951138092806914e8	0.0015299386379474594	9.392871405408762e8	1.7251029506193057e7	1.0010373857012514e-6	3.1179680499655245e-6	4170.652363935473	173242.01379061697	9.999994588696219e8	5800.669238731007	232.6887912655227	9.954786688579279e8	1.0056837707835236e-6	0.11198343292346312	98.73937353646926	0.017640848305355096
5080.313639863799	0.000014457117715147367	64.94551566762426	4.1942835449759136e6	29797.414680139493	31772.98436811063	3.623084843358675	965602.7893199367	11729.998582671562	4.890806211946588	4.452002108790227	9.173214206334513e-6	424905.8423382256	652818.3260037943	0.00001559073802223601	1102.891362913957	1.883119768610735e6	0.00010524576205826426	3.8269472145467756	6.996043334781274	0.00773745584400285	247388.08137258457	26.9229197185764	0.7336663771363771	13488.103726993757	746.2053870663224	4560.416785930539	165301.35647184215	33.9093598509654
5080.313671781601	5.0109903234241286e-6	6.838713786926686e-6	54545.18278054284	3.382349490049066	1.031290788133829e-6	0.0012587684753548522	9.99999468102986e8	9.150143847227311e8	0.000015043316239545755	18448.332791622717	0.7048635140161583	0.008927910153914987	9.277829621037358e6	0.00007409183689425842	2.1185812434455305e6	2.1686825767104e6	0.04512844533202593	138143.380974115	0.7283185215820984	31528.105317408106	9.99999468102986e8	26.808518290713927	0.004884840385653437	8.07223778000823e6	3361.6180911366428	7.400875622457789e-6	6.331584037963157e6	31.79307532866428
5080.313938933272	6.008747300003689	9.997827678100749e8	1.0001431319549494e-6	0.35000793075037545	46.61152548000614	0.07297354600063279	3.45350436792732e8	26.83906636129007	0.023193809852095494	54.4320647085801	0.00002216184832230303	1.6789128132412192e-6	1.3642937870396698e8	0.00005958880987966439	28308.286924687793	3.606386980646026e6	9.999782169763684e8	2.2262877004873626e7	9.999995173322302e8	9.998569310515358e8	213185.6612207942	9.817742514320818e8	1.0818177362960582e6	9.846314656018991e8	0.001130496806707827	0.0008988323718938212	1.0010234556200964e-6	1.0000219256167994e-6
5080.314687983355	5353.932712979786	1.769749615927678e7	9.791037419673088e8	9.999629712949926e8	15.163049570647836	1.8126338125716728e8	115063.55864416501	41.55369785918944	0.0013904361521470095	0.000046966666542333315	89579.05154050102	23274.1815866403	624389.226575452	0.0003522514048505935	26679.238143476352	6.4340303283158e7	2521.5981305820665	9.998702426672904e8	6.144272465268572	0.00008038441842427005	9.999742720049946e8	84.76672089890305	1.2383752089535547e-6	696.1197122434733	25.43355780668008	0.006937728128026809	8.90706443322516e6	1.0117330355521666e8
5080.316456352638	1896.1165313877543	1.5390029979850933e7	186.26454564682084	1.7392016591208813e-6	0.005671213623945233	9.999996022515299e8	9.842822275613551e8	37.72129792076673	1.93678220718948e6	9.99983824516597e8	0.0003676476193038118	0.1317857022449535	9.818825740282911e8	0.000043887048006527466	9.860591650644837	2.108174277479416e6	1.000020491306126e-6	1305.5667075929232	0.014228566942421778	1.0005277923571383e-6	1.3059050854197252	2584.133158213991	7286.402111035472	18651.085376830964	9.988537216312665e8	0.0005563115132918658	20.547914563682802	2271.419312519401
5080.3180944965925	0.001962784541294216	300906.18906562286	0.0000777407528515867	2118.251010076806	24224.30342822934	5.330709768898355	212.6550786801433	151948.92425342824	0.005158359412324451	0.0015352604747090432	0.004364716998983552	0.000046266902762456045	4.2712401082803386e8	1.0894269350000124e-6	8067.622844423058	4.6768822077709055e8	2.3080001070117128e8	1.5578220005900273e8	254.7205886045687	166.31651969797386	9.979384484437964e8	256266.4073633975	7200.192688809366	28.091330132103565	1.1812632330510394e-6	0.006765517345052505	8185.634774283797	295.25254936667244
5080.341548502971	89.65858645987225	76931.68462834116	102793.4769186598	0.00005870849851956287	1.0000018053664979e-6	0.02767170379105635	9.999689025521483e8	112.43791720806551	136317.60959360853	0.014999038151279624	1.1277848197359995e-6	2.9513944214555705	2.07150610252466e8	4.076976400836811e-6	3.562567917323954e6	9.599640389447385e8	0.0002007115011552251	3060.506718780231	9.96604209888403e8	9.999983264365038e8	0.0011242378628521293	35.47940583530338	3.857736805661817e6	1.6745582918756396e8	6.314884506027385e-6	174474.60477803447	2.021539095792527e7	0.018098013795283825
5080.342589872107	9.045519723412127	9.985547849101422e8	0.30650630044925276	122339.13836361203	0.058664055604215344	0.000036817515354395406	3.597947839240666e8	26.834349787315432	2.0041166501577557e-6	9260.936829034532	0.006856963006795651	0.48663075879116996	9.380833452319787e8	5.601645823405953	9.878724796564504e8	9.990559580416639e8	0.26274776223845736	4.655974753991208	5664.566642751539	13.223262924252905	116504.02634462729	58625.96375777842	0.0011812613877234196	1.2915791226597335e6	6508.920565967214	6510.399957288206	4083.84923313916	2.069262499405731e-6
5080.351202138846	6.935507817124056	9.600238800653329e8	5.388466656203193e-6	5.69063302312869e8	1640.8630660826425	325.64182197717247	0.009038770632446267	95.95382031065697	43.211703227529405	1.9375984859989036e6	9.798284340818357e8	1779.4843749755867	2.1341738083367074e8	2.2994052220089077e6	9.759538196675507e8	8.483284892239232e6	18628.565786241958	102.23089697599845	2.3521276269756383e6	2.5644936184861598	2.841251517252243e8	37.17410953321479	132.36744328248196	4.550154119793135e8	0.849660867198354	132.83243361463428	4850.290582984958	5.232294601523067
5080.364144793726	0.007619897284671678	1.0345128399009756e6	2.2374767502377474e8	1510.5576290610109	0.00030427903669542845	1.2872945576768352e-6	9.999995440652308e8	117.04375716554341	0.00005776039119675656	56.103614620114605	7.592827075221437e-6	15510.699777322101	261.8248607084048	23.96053207598223	112.47230753412094	5.795792674975787e6	24483.827523088006	0.026204177281998673	0.00048691944497965847	0.0003463320346390325	9.993450346494834e8	1.618903508193143e8	0.0008179299327330307	34.74701253653694	0.029672361028149078	0.11943704822597771	0.4710160975277664	4.671377398424886
5080.371794535194	2.0103750552106737e-6	263.0523983129076	1.2198733656355295e-6	9.894458909711986e8	0.03747669947843588	13.959210044517533	6.940143290652158e8	26.851623486019086	4.806344818878261	8.873562040128585e8	9.999996396224729e8	2.880520259850553e-6	1.3027335614311967e7	1.2105750157639568e-6	813.4238320946796	1.3171391464781906e6	1249.872486037545	1.5117979653933022	0.000021204023597421457	1.0111569605764016e-6	6.207472486084626e6	3.727172340630259e7	4.706499113317529	519029.434736564	12.001277022388217	3.4775680007537425e8	155923.4701698825	1.000000684190368e-6
5080.502441735236	128464.46930966838	9.959113150103003e8	9.917689521496737e8	9.902753830232737e8	1.0098203594096276e-6	1.0082991336380838e-6	0.0010721634361162238	7.57137604746517e8	7.573274471826149e8	1.0000014571920377e-6	2.2477229498720926e-6	2.6753771079607314e8	292.70694709903506	0.0014585675418939575	8.633732732214308e8	7.767099199976718e8	1.0025758934972016e-6	1.0701501807407279	2.8831966889005946e6	1.0082991336380838e-6	8.834585095481857e8	26.85337739145691	9.99605324788742e8	2.148289188019381e6	102.82616146290619	1.5931353351429205e7	1.0025760519999446e-6	0.1905337878802044
5080.538816448814	1.6004964930837572e-6	0.00023599513275320005	1.93855486718666	5.713884565364439e6	2.800403269283746e7	9.992585176241888e8	6.220086983023763e8	2.281431814198801e6	486685.64133323194	6.914559375575321e6	9.996393855061563e8	102.93284557786548	8.258359886686177e8	50924.307311292425	15968.17620370097	9.82915427914199e8	0.008004090355738604	888727.0929326889	0.0011057105344968283	0.004237095737220415	145403.0236924799	11008.95902510539	11.035748590361376	26.79304288689681	0.14712167606977522	162.82236985377213	49347.78979301221	1.17302738065484e-6
5080.562907553728	19891.43717949511	2.1092529490593052e6	3.363439334652354e8	4480.731339614647	0.00009390210711709384	0.040727704989938426	2.239671251883348e7	8780.759487910895	9245.294782913637	1.0103743476646787e-6	1.6434809365260658e-6	0.00033129586561781566	4.700600125488779e8	0.000032620437974685364	13181.432620697087	8.52531319337102e8	51385.86651828875	372242.5764385334	8037.845704974221	286391.1068297353	362234.89947496384	8728.868996930592	0.3984590414357916	27.0624650203815	0.010693989038594602	24.70384430610914	0.618484695096137	1.4034081865649989e7
5080.577434251826	1.5932479689874685e-6	658.2846341706229	1.0022154780953147e-6	817.06178870896	1.0022154777953153e-6	349.30903773374666	9.999981407793945e8	2.2315494140940982e8	1.0041042605465436e-6	9.169036156336466e8	8.855785137152907e8	4.147678130112621	21743.380969422356	0.0004917223256572359	0.002127185957049075	4.1786480128487214e6	9.999962172512861e8	6.30988038313735e8	1.5613011947004557e8	4.868714902745867	3.950420033300777e8	147.0783898511962	128.81853620242458	32.755821900649636	35557.20464174412	1.947346994316212	5.736631542184134e8	0.7544347776429752
5083.88268877794	1.0012398298407264e-6	94234.87094620506	1.0000014265445855e-6	1.0000482876646586e-6	9.999517108908699e8	1510.6075995114104	9.840756470474509e8	9.835590734065739e8	1.0000014155151882e-6	2.558342772798424e6	5.0591341900108455e-6	1.0000482946418289e-6	10204.285558029043	1.804344274124517e-6	13036.937345320088	9.540660475720396e8	1.018196714876372e-6	1.0000309138800412e-6	3.916142367415397	5.442128663491855e8	7.760123431430558e8	26.766792045455496	59796.86214955274	9.835587573864132e8	0.0000743764618216563	1.0000310920596e-6	814.1102065057412	1.000030990673631e-6
5084.537329242103	2239.011458828221	284747.0819485608	1.3890395775637988e6	94.9212365528561	0.0023248827736276735	9.973805868537797e8	9.999941371519965e8	1684.4502258347225	9.999994471955229e8	105117.39603282152	3.7836057884238e7	2319.623520797958	1.0355226365472166e8	2.1401280773435745e-6	0.009768528759364183	1.049306775274644e6	306.9808239906857	9.2637058621414e8	9.965286696055478e8	2.301005478932276e7	3290.5966138168837	47326.4303623623	1.0102666347561448e6	16191.625870799415	0.2911987735327922	4.066032009052555	2.502768237891636e7	234748.97301975783
5184.73660885796	287.5974730783475	9.678143329257835e7	2.3797990802426683e6	2.4762506389605084e8	458592.1122335453	3.761989493442771e8	9.899972571525224e8	44.36805079822534	1.6592406246096865	1.0000006011130458e-6	9.99738575110541e8	132.36623597062413	1.1877996529518184e8	1.2744634190774555e-6	3.4480651094656753	1.8266116520178642e6	6422.174624133338	6.607676263209327e8	0.0006844982343543977	2.5135316228956346	684378.0050384711	7.604490281426834e8	1187.3530040906855	1868.7949066670053	0.006912283115543667	9.999971580844389e8	3.900037771875473e6	0.018041149976194357
5186.816917663406	3.4389461350675554	8.105057119350935e8	5.313218346852328e6	2.448375581353144	9.878824100322413e8	9.659159013478888e8	0.4487717709862994	25.1625804008294	4.196653991024075e-6	889.4560288750866	1.0173001469687038e-6	0.0188224664071961	9.901036068578423e8	10691.47464634303	1.e9	1.e9	9.999430959686003e8	1.e9	0.4333772653900537	2170.7380271439233	1.e9	8092.093586115175	11055.457836505273	1.e9	10875.56201134656	0.5065091158248342	18948.778980854306	80.32840939802028
5206.396850009288	0.00012208824742262266	17158.03554357336	240791.06630801468	1.5572062412399615e6	82705.88934093816	1.3854125665225433e7	0.18820575638221895	444697.1588909272	5.373441666440492e-6	9.698156147081187e8	19301.364719669487	22.058553529287142	2.6437686939285964e8	73.56965856889195	32.375031458560045	1.463519691787606e6	4625.604715164611	1.011048909130771e-6	0.001993219373395166	0.06681373199799828	8.249019491237413e8	28.920181327710246	7.826783344274265e7	877306.2747898004	1.0323620556241851e7	10328.734235696757	9.490482196311103e8	9.984683490364978e8
5264.662541487013	415562.2425782155	9599.816147166048	1.0001010258198775e-6	0.002333626085570457	0.001969375971739871	35832.59810529996	3.154388816863942e7	30.285613132927693	4.6508569187718235e7	604453.5006207578	32283.289102816238	1.3278972317933123e8	2.724806494446677e8	6.431204074761542e-6	531.1891643368394	1.8816704200372926e6	0.04199590904864595	3.607875178727731e7	8.458390726442374e8	0.00020100742358743074	7.142854760146403e7	673.0407717862021	0.5522452773777543	6.87206042442355e8	240960.69066525908	0.000043260723512787655	3.4882008886940175	72215.02568151416
5284.52419635779	52.51089868525278	7.846381487552994e7	6.709592558025374e8	1.0091932090742946e-6	1.0053901147041314e-6	79649.36398523756	79.66453119453784	33.0201166941427	1886.7319664133502	1.870286355347167	12.080443845311837	3598.120420481803	12475.727116818056	2.7960258904325523e-6	9.997409840697367e8	3.243700451915518e6	0.031065807355312322	25320.789193303975	0.007862875040597225	9.192846121409856	4.257962104543025e8	92.240195215353	0.0070099280413666795	9.997018630438896e8	2.4082628110654205e7	116.7729776924707	94280.43151444083	9.985424908797021e8
5297.601049832056	1.0000004215803936e-6	47340.02737285338	6.381367660296588e8	22.14319588519325	2.6439972000618197	0.000011802733032123011	1.2402634627445785e6	9.999989042924572e8	1.9353475663278335e8	1.0000001072083684e-6	1.0000000839522568e-6	1.0001843584545473e-6	5804.302367433155	1.0351650815725415e-6	9.99999491243954e8	9.999988918124588e8	0.00007482650438160498	1.0512075214289301e-6	1.0000000841594896e-6	2.6788284375246528e8	1.0229753777369365e7	24.22190860884426	45984.518681704285	9.999988913289185e8	9.223169381399555e-6	2.2945083746468653e6	435.17499461822746	9.999999005743806e8
5298.716047261897	0.00001951853563717372	1.82159286620937e6	9.999999603264585e8	7.941271337205772e-6	1.0000000388215846e-6	1.000000030739512e-6	9.960805817298366e8	48.40844934456375	9.251203576965974e-6	1.5641261402683295e6	0.000054105406615917014	582266.8219223777	1225.3483362765933	1.8948375787264879e-6	1.1641616579105412	9.961030767645406e8	9.999980352290952e8	0.002634441376617846	956.0855432370383	4.642695652207299e8	9.960805817298366e8	9.960033119512373e8	6.12810203730314e8	6.134201714956061e8	0.03176611291369772	0.0003552155745940629	405.11814895520837	3.375324380933799e6
5302.047526878751	0.010458984424561146	9.788768620617858e8	9.99999989684418e8	9.999999895923146e8	0.005016651472797947	9.999999895923146e8	9.999808258669816e8	14333.551213667713	1.0000000734524671e-6	1.8619238289899173e8	8.151382763685477e8	3.6432045834544575e8	1.7006519041686967e7	2.5715963703502664e8	468.2270363476299	9.999620388981191e8	138406.38531202733	1.1126447526466746e-6	4.6570107481068003e8	0.2169297742639073	9.999808258669816e8	24.23755491955517	17.851731718007493	9.999443673154672e8	9.999999310375793e8	9.999999265705642e8	0.017692289813173192	0.0004905417948473861
5310.620047447133	3.8400311848283585e-6	543.4789799893108	0.00653883632874212	1.7218607923600688e6	9.656126380656759e-6	1.7455410196494971e-6	64423.23756884482	296.2541402362265	0.09855810095643752	0.03821564082257458	6.624110131282052e8	3.072264232542028e7	1.137631153785728e-6	4.485132634275862e-6	1250.7469763773431	7.307431864552887e7	0.9059806563450096	1.3664603121084674e-6	5.494431039213977e8	10333.569141865231	1.4404956791267828e6	100061.13000355031	12.261229901472957	27.410988355611725	1.0274735535830642e-6	2.0842292204042182e6	0.02938935793173216	1.02773843657725e-6
5334.511873754833	0.022485465764298627	3.1683868494478245e6	1.062769706909301	13.686648737802493	202.55566271333433	8926.852881974777	9.922321569135879e8	532.8443517560686	2.8205414274266115e-6	0.000022814054508974685	0.0008775980518859523	1.3239394123775935e-6	7603.757219175947	0.011697959325710178	32090.75706505859	9.073152880099167e7	476927.91347750125	205440.88210483667	0.00007631967710726683	0.0036994354749625836	523790.4211205655	26.3898854207381	1.0002138106730383e-6	542.7797589698667	2.3541777508344234e-6	0.01058385677276081	4.0457381034159195e6	10758.449052069305
5343.332040137035	87217.01198265911	8.877833197111195e8	75941.85034281279	0.00033037844184210103	0.010686741226789646	2.054887041484512e7	4.370341505456619e8	190.9140920318037	69.61534947570938	2.3238957929791695e-6	0.6063588477728123	200.59252794854368	0.6892379622226458	0.000015403326787844202	6.46813942919258e6	8.940058554417433e8	55.70982591432293	67931.01395731214	0.3355263341380726	0.005088252307362113	0.010458909675012349	27.55514010490953	50.846659529189864	13370.457359312168	7.425734645234817e-6	0.0025308260416153513	1.151264254814908e-6	0.0034492367207150042
5410.981574003937	2.577337872914858e-6	321.81603498434794	8.084995171606749e8	1.3121737232004287	2.5686478523745853e7	9.988410527597713e8	1.e9	556630.7553858585	3.407301090942864	1.2150029160004572e6	0.004343114380937173	2.3521663305484185e8	7.219902392273873e8	1.1280253736539972e6	0.45358798522988336	1.3513108575172534e6	3.48524776155928e7	0.0010739357847977425	29440.037666792403	356.57156613101375	25.908472044641083	23.698544242112398	1.0868680321546422e7	300147.8546771908	5.881772392476157e-6	0.7362548651033604	0.0016393989153303916	0.049021805640561515
5413.49912029309	0.0012477801874551159	682256.3260392598	11.128956397257628	0.02582258926720508	1.045495052002275e-6	1.0027526408190193e-6	9.876144283677121e8	26.813929257033788	2.014306250101126	370.6288410439767	0.4846322506516008	18.70007621830648	0.21826716433198992	1.e-6	4.782561767877775	1.065896193890452e6	1.203835302106586e-6	0.0009343176648191447	448188.79094295227	2.1660119163296902e8	9.996376156194439e8	1.251802096275209e7	13.01742552742527	7.209206951148245e6	9.999940853211131e8	9.890238019972365e8	2.5093944253645507e8	73733.78491289435
5425.955949884367	8.586422939287969	9.99990595688028e8	15.757998067388808	0.027700679582579185	0.00012317922727586166	0.26731365655098377	2.1451428744848357e6	177.81548255739085	2157.3338861375805	11.741576899253241	1.0000001195271989e-6	0.015410729065042865	1.9167743605858356e7	30.53691970748664	0.3303142148398031	1.3302624015368263e6	1.0945828153607054e6	137.95824888308815	1.5785319914765533e6	1105.5035062014394	34130.85114341892	45.87927011057143	0.7244569320535428	67.02775198472496	308.4041104495038	9.999999979507011e8	0.04897139121523955	0.9146496073853992
5443.186660197662	0.6697557192450901	8.068177565401854e7	3.045859019854505e-6	89.77157142140832	2.873672481098777	296.22576896235836	1.0554758167861949e8	188205.84754683563	23699.81690155043	0.0006210965278899515	564.0154453284596	0.19687775694728074	1.816736639737905e6	0.007671665169050646	4.580545655742656	1.7812395640509657e6	465190.2721068833	1.0400848891398294e-6	1.3510382220325133e8	5286.8316439196815	1.915640153192425e7	48.602085921909065	0.0019167520538657678	45.81616179250212	1.030505224130364e-6	9.703965829200569e8	0.00007452757848026289	56.0565551467724
5471.265004484891	0.0007653510253752245	50.077806009690256	214.45073353272977	0.00023046034817874111	9.999898448914505e8	2.1912226847700704e7	9.992684781506753e8	26376.877418851334	3.072395665275477e-6	2851.323516240893	9.999898448914505e8	634790.6599521389	9.988597606399177e8	237.82628190427442	3.562478758610169e7	9.999994541723546e8	1.0000005327953057e-6	0.2898027496786849	0.0003608342754466068	9.999611531967295e8	0.008149334779404717	25.098931639132946	4682.210786895055	82427.2508757603	35.81933443004209	21.626750055620928	7.863036413926846e6	1.9832988360783143e-6
5565.488086059829	0.011042587715718779	2.2173897984108843e7	1.035612789238963e-6	2.7037576297680477e-6	3.893227777772094e8	3.9038211392543355e-6	0.14377808425697594	75.85314139826374	0.4378076522317818	9.994139950363119e8	0.00021158640002474834	6.9142934215135e8	7.459195112892834e6	0.00026546693549528026	9350.718133654664	2.1530575118643123e8	4.4555494100276254e7	0.003445755868689178	1.5833104305621735e6	7.68075057918036e8	9.999998683381944e8	118.43355668815927	2.204863839658042	63.692899928409915	15849.59771860821	1307.8236361404533	0.03618888136724243	103.0972303619938
5666.530481703325	0.015155992793116786	7.833505506033959e8	1.0000019731792159e-6	1.0173235654666118e-6	38907.32619425887	9.859679685281532e8	9.999959342646899e8	33733.86071630736	33995.10864856196	1.5466726774396384e8	1.0000019731792159e-6	2741.483042939871	140.86393616207914	1.0003842180473884e-6	9.517818829503049e8	9.845639458033414e8	11058.601825622545	9.999625958264152e8	7.204979834066827e6	4.230644093707733e-6	78192.08213165592	26.84287634435633	0.00036798340534311677	1.2747846305243543e6	43436.19492726791	1.3196813007926384e-6	301174.48143343726	9.999619276414403e8
5724.123022737259	0.08107241207593911	9.172209133866185e6	2.9142605483374733e7	0.004116090944242944	0.025987468180962654	1.3491108301718622e6	5.728934919664448e7	2059.0676697858044	73.83445556848325	2009.0529714422837	0.00006646206082424498	0.1712934092286101	4.184203009738986e7	0.000053024288894392504	0.9255955196417983	1.313230835078933e6	0.8722891381740863	0.15788216158214824	63.55564038079102	139.5709720831171	127233.32785211268	22.64238843724232	84352.44332737123	3.8879087542518806e8	42249.06428542584	2.410562642478959e6	0.00017287545546917237	0.00002553143324290635
5753.790310098497	1.2091343658426332	1.311965947039768e8	9.999889775628796e8	2246.3480651188165	8159.018618493841	8.795546711184697e8	9.999986697514253e8	25.105176288147593	772395.5011708185	9.999916144347172e8	1.0000008180167149e-6	42467.832261320575	236628.2457642004	0.00007713764013667108	9.999987033691221e8	2.365956454541336e6	9.99999613004597e8	1.0000003881238179e-6	252.22975472573773	1.0015564054346075e-6	194105.9209134701	217.95011400307746	1.524289925100214e-6	9.999495103499076e8	1.1428198894330462e-6	14.821252004129057	0.04519193867963197	113189.32620132444
5870.296396714206	0.03248654983490028	1.045411212697147e6	9.998531632330627e8	3.244333021851605e8	1.0406645202115281e-6	0.00024503844383248844	9.995203086470289e8	23.607740549747742	9339.218906256185	77153.86770433428	1.3220910009006812e-6	1.5947406205807236e-6	2.5986197765312293e8	1.0168612739298526e-6	3.304525711259399e6	9.445362650466664e8	1330.9792866060714	2.014866523904839e-6	2.890405031234673	1.3015636680353933	87871.74580352474	80781.17027240497	0.0005307713788941978	3556.7610828154393	1.0012224661326005e-6	1.1080291790856104e8	0.07005706934607592	2.100666210984494e-6
6166.667782935805	0.000026464168927311747	16442.2396578589	9.194205126478992e6	9.905258575634813e7	0.5379399934072063	0.00008289456112291642	5469.874279858286	6.0175014817806795e7	105332.69309335653	9.998961981973152e8	0.00003947885984652136	0.6541066309267615	9.207775317016971e8	2.7313520270269357e7	0.013043361845527884	1.324322582795453e6	0.00613680734309129	0.00017746904222320736	1.2345601168688932e6	1.8626555795855897e6	3.3786224192750084e8	40.27464054416835	155124.2145634566	48.469381124391305	553.9208819789437	1.8131400453722113	475654.06665995443	2.1967673016375553e7
6298.891482730986	1.0000002452483682e-6	0.06763329252021644	1.018052895102367e-6	0.012069022602076545	1.6515557313602716e7	180.18444619177973	1.4562588116746807e8	24.89651021177318	0.007808370052647369	0.1800681317440868	28.358652114254582	1.485956441245297e6	8.321188907912877e7	0.00003228765848983976	59.738615763898494	1.3539113221688534e6	0.00046070298034828926	0.29028730892897253	1746.3807093148978	10.506443943302097	3.70756394413388	169.42280959296096	1.4357204232699028e6	3.3617625567953795e8	0.3357800056555943	4.584257393501166e-6	912743.0017288424	1.9094091904557434e8
6333.340844236283	0.00036535504520031646	1.5138248318890554e6	1.0098013957435e-6	1.0116038554743424e-6	1.0098013933718453e-6	151.50650934056674	6.483388766893104	890766.0750681631	2.2128443589344093	58.65891973314717	1.9945517342593437e8	7135.138811956939	33306.028518262836	1.e-6	62.199923392560066	4.564448752547313e6	0.03652205914014715	0.0004094057047364285	0.001402256050004221	0.000010823652178432423	739621.8936696653	92.60426804630013	1.4316771582961333e8	4739.961021169587	413.15164353688414	1.331952124454026e-6	1.0071103339679098e-6	43627.61020843499
6349.785867682	0.00026298961157938245	27680.54295483599	5.708383545906629e-6	56.191124172928504	9.836863031864327e8	1.200100801155076e8	9.493008850630094e8	1.6309472883866099e6	0.000023826340734062322	1.14457939274249e6	19.713267491052182	1.2927684710521144e-6	4.242475810578706e8	41373.84967026791	7.058106128042286e6	1.19999874669173e6	1.2778286132470547	3.1593726191193703e-6	1.8490332172447282e6	9.743459560766578e8	111.62381964834212	20.60109527008084	1251.1648674405196	9.588741007835871e8	9.933762096898785e8	347788.4092911822	9.933761846207083e8	9.913880398442239e8
6448.1082646364985	0.0000834951222609011	6.990478875862368e8	0.030687626345825735	13.571863369784616	0.00002661759580420789	0.0005008219835036348	9.999999927468585e8	64.41857102567711	1.8423690526536114e-6	0.0006924321979596065	0.43004195730905626	0.21814540690486459	1.7069089657984532e6	1.0001388969038437e-6	1.1213464270567653e-6	1.2195491065231464e6	0.0020871196363471175	1.0295504567550038e-6	1998.8683036010366	19.65197917745995	2.099609688829657e8	34.23025799678671	0.32817968990263763	1192.388857187568	13408.809579813658	34075.688713066666	1.4898843778188893	131.23368635367362
7156.244232583097	22231.702633599663	3.2003582667800743e7	0.0020517370361738535	2.0005091946763266e6	2341.4282214970726	1.000003559043034e-6	13304.057494736704	20.165285799672805	3.680681730210388e6	0.3856803692568803	262543.38231679966	1904.41854508427	37579.321078030625	0.01064560647760847	11251.8929656802	4.446002203138014e6	150.03476421659286	9.996478231301775e8	0.11416035889872186	1568.4226396598178	920549.9091740497	319.616452988556	0.019212296093047997	3898.596508323307	88.23397563664793	8.558112017609206e8	9.249951081873561e8	5668.327540167568
7316.25979907438	0.08642695028582405	9.881746447971112	551.2550387178055	0.000011497490069191788	9.857040141381034e-6	3.9599360570967863e6	3734.3310963804006	86064.52848097627	135.83412484889624	6.842076635598942e-6	0.01977606939738167	1724.5696417011536	3.8510459979840666e8	4201.566277591875	2.0920588945745937	1.2898914851977024e6	15.992782741943872	1.087650575304956e7	1.0949856808109055e6	0.06219046707513375	3.8731721550571114e8	5.384570139359209e6	3.0600552734003466e8	66145.99350010423	0.3572286966643738	3.519863947939359	1154.1309264979998	141898.99680469447
7374.891046647746	0.012107955907371418	1.4609661685294872e6	1.0016801399584118e-6	9.983226783379147e8	9.98323776691319e8	0.047988268657282375	9.671050606190438e8	1.4121878941647182e6	1.410697423474772e8	9.827747189888921e8	0.000013841381537088527	1.0016790375433165e-6	0.16695803097099401	0.0011852345747312254	9.420207807944397e8	9.668669915361116e8	0.00012332100566848653	1.1888911925510172e-6	0.030507904808311805	0.00036948815495595655	9.671050606190438e8	18.557610234272648	1.0340089077700766e-6	1.4180204601035053e6	0.163996917736985	103.45566743125322	9.827766796547216e8	9.827747189888921e8
7472.390424401116	0.0005364799173037754	49859.079368840234	1.425925729913586e8	7.313898273816779e8	0.5283590511122049	1049.6933845727797	217587.30521751972	25704.366888913984	0.0001712544989028618	1.429502836478864e6	3.9976171173870347	0.00009724802495612116	1.8348627439567597	0.00019621402378682673	546.2760665887689	1.1829900471402039e6	9.988201232097522e8	0.002720905021763965	1.3674233753102762e-6	0.0002287725432541025	594.7033717682332	18.30109452693434	8.687236237147506e7	4.6290765249243116e8	168588.0173871969	0.0004634769922256878	0.00009016922243345159	5.979282168791562e7
7472.585155334505	1.0177976175113484e-6	3.492552082015687	2.5550175384740984e8	64820.02615576866	0.27460845043703025	0.0038106064152603663	5.565898411638985e8	3.131527901925146e7	5.567892479418838e-6	9.998704278632177e8	1.0485855611848008e-6	272980.73818167276	9.909542080951728e8	4.265173423265564e6	2.88100393480737e8	6.123153375563287e7	1.430677711957839e8	2.0440855497523027	3.125918733106202	0.00014154748737810254	66.52980737087844	22.159273488053508	240.1463841976234	2.630112624646482e6	1.0001306711225186e-6	1.0001313018140983e-6	0.28302166985695115	4.577448401063046e-6
7498.941542178449	0.27302605219966836	64943.04201284175	1.000030734295896e-6	1396.408158530537	2.8622394613060194	1.0000538657086568e-6	0.05377935302248389	41.50471580837116	0.0015848419794217653	3.794708933310456e8	0.00022735369126554436	1.737683945142893e6	616761.5038952209	0.040819025370287365	103106.47125637952	9.531879461583455e8	731.5248259378035	2.9034063229726374e7	89866.2712773997	1.0000538657086568e-6	2.2651935773344766e7	44.04769741296743	6.515405471006518e6	1.9514033635981392e7	9.999477722176931e8	5.857020253294502e8	1.3414498628016432e8	1.0000522332043562e-6
7630.516987160664	5.828825349311143e-6	16.417610092403308	12.720464677707838	5.848047086548886e7	14231.358491915335	1.0468125967424077e-6	343894.057385412	83.95875432698003	1.001600654527829e-6	1810.557390640857	0.012227222575769803	1.793382138060807	2.398059243719337e6	0.000015746288640100687	7.827865586107934e-6	1.130287825226878e6	1.7008433134669922	148460.08650422812	1907.399491199521	1.6130503586732578e6	1.316132153749752e8	28.07986414921982	56.38403138798534	319.298143601573	9.982379136786937e8	6.88245038074281	9.981499355453597e8	38072.74385043819
7664.242004795693	1.0920513115286182e-6	0.00029926234830973144	10.771051151725764	2.921458906065698e7	19404.31100015435	2.5360577360631672e8	0.5346033515586966	9.906039725025766e8	1.1004298143978979	0.0003332696570271726	1.3780309284108388e8	4796.381053213465	3.316690341575478e8	89.74955668866504	0.3044302889840791	1.163430948872639e6	0.000014915211750896911	595.6751032374485	0.03006470395460401	1.0112022845372795e-6	9.990919087810272e8	20.554317708401495	9.903748831861687e8	283.4719370985555	0.0044963949163928955	0.000029876121871752748	1.936470292423933e-6	1.0000002548501511e-6
7667.126460441786	1.1299558299383492e-6	109.63146264638124	1.1990563232376378e-6	0.000010931867414307498	734072.3964845254	22770.118081524415	9.998785364348859e8	340.3979153708056	21.132784643341797	9.958552125678909e8	0.004618581020855075	2.8780784736520942e7	2.8756060661924817e7	3.759595640011556e6	1629.1197159704495	4.361028427652669e6	78412.09600535694	72.52588968881787	42.57003532610063	1.0035965644460734e-6	1275.8886207945507	19.555127164544814	0.00020174108176565029	600.9038333778356	0.2574697628115632	93.73743068603785	9.999987946665083e8	2614.7952616117213
7688.699836475397	0.000046940122207556596	6477.949512261274	0.5801718435819789	9.99973690156882e8	2.991244767409875e8	4.342908932975416	9.892439187575288e8	35.878093465669416	9.999999980658283e8	9.998752386180522e8	8.729347725565722e-6	1.0000260257902212e-6	1.1302985955771587e6	4.3193204760400754e8	1.0036652868150273e-6	1.150312657711736e6	9.999999627441748e8	9.999999693986441e8	23930.239593330043	346546.5998470981	9.963493787404048e8	996354.1689522631	4.2603940962592256e8	4.260757523578612e8	0.040116232616372045	6.517003171873839e6	9.999999937830198e8	255.49129471162672
7746.77532854851	1.07459584315431e-6	261.64812024439453	5130.921876489651	0.034492453621147445	1.4027757487761575e-6	0.08158483019661227	85.56441270778319	30.309599000541173	0.028492697186218198	104.19012080480603	0.0005402632542255477	1.00797752641697e-6	1.2183134996451328e7	1.0000009337447423e-6	85.92325578743394	1.1452262826470742e6	3.201786459294825e8	9.971102791164011e8	1.0081798977599063e-6	0.057363182845384976	5.823149106953915e8	47.076913233383564	351.89595016826024	3.899178441953287e7	1.1872210188820599e8	141.40246389620606	0.16145444099132195	491.87908639929594
7774.945574932956	748859.7164655112	8.251010523876653	1.0000000002302584e-6	4.737632755309415	0.000014298910347749607	2.189417219222859e8	58240.223550062656	2614.406365112271	9.999999657145078e8	627.4115998278797	4.683977567363338e6	0.005349968657400068	1.611361565582857e8	5.826383061041013e-6	7.828387192710778e7	9.999999994013278e8	1.1935515539806412e-6	8.811544253154753e8	2.0388401981907532e8	0.10211814075274955	274.0387694715906	18.03963371080389	85.5308194580812	94071.73175662362	1.1322747324160192	9.042719416649597e-6	0.00008912527186899548	1.0000000342854934e-6
7866.183554188178	1.5734741005768173e-6	0.1980262635195033	68.36756023151686	1.000000000023026e-6	1.7967913322957606e-6	0.0023067223584204155	7.645035312608523e8	2532.154503304086	1.0000118220713427e-6	76075.56572488637	3442.6163326845485	9.999920820859351e8	523.5399793236786	0.0013882108768977284	106.7819685146577	1.e9	1.0000000000690776e-6	5.29700660469453	0.8518731394836891	6.54887562035641	1.e9	43.24120717378495	1.0008883234062678e-6	31.09603429747321	1333.4188888166746	1.0000000000690776e-6	9.999999999309245e8	135.20414071155088
8205.650445202666	1.625623748893598e-6	1.e-6	3.883456212619476e-6	0.0036173775725792685	1973.9428030832207	56866.471291990805	73565.5847816511	5167.563500058944	9.909707518797789e8	9.999767594037404e8	0.000047408984653386636	1.0000036586301987e-6	9.799773746496332e8	4.4310354213341755e8	1.1940759712723293e-6	1.3338175951589833e6	0.00003374571712732024	25.12526853813116	5.982232853468549	0.43860477566658435	9.986963716962011e8	28.91106156579708	256887.3437377114	4692.959402967609	1.0020644984923837e-6	1.0000004124621522e-6	0.018066657370777776	1.0000008202962762e-6
8206.111769375531	1.0011049773741111e-6	1.0000229730171943e-6	0.001835172914884793	3.9029768038286725e6	391.5179187498968	0.006230415806759491	371.21529708903824	1478.5068246850597	94.37725604029717	16.62582520458418	0.000016515109268175193	0.03310844397471496	9.999886653588576e8	301.2937398599532	3.5932327587597676e7	6.752782399113154e7	0.31309400240625435	7.929639078294249	9.24831024610439	5.656773641019228e-6	65646.97856728561	22.291231531352356	36.08828361920041	589263.9382734431	0.33537957207446767	0.000019584550510218595	1.062912091478043	169306.60721693112
8206.660025866258	5.592201729874518e8	1.e-6	2.4994624265094727e7	61.13003294422191	519.3880212163554	23258.06480611382	2.2003596806672093e8	604.8967402662136	842221.9261070477	1.4993210762210207e7	5270.759504712351	1.7317465458345488e7	8.282175479581277e8	1.0923349942589371e-6	15512.350864626402	9.594244858682038e8	1.3393414558946765e6	430.38961842586235	1.1220981476539096	129.41307249594567	0.5808592173245838	3663.9637181392386	27481.898456087554	1063.3702757963401	0.036794404051093424	0.006977203491707521	1.000298848627082e-6	0.03826834418524794
8206.660028933755	0.0005442261834185372	2.030012262396795e-6	1.1606921254839453	9.32786909468376	8.527271341630561e8	0.1394825624180469	1.5223421550567105e8	191985.4161610888	9.808326863642063e8	283367.82225086633	531.2945779343307	118410.59787322558	9.261475986942347e8	1.049021906579737e-6	727.1636790678707	3.669293158347961e7	17.89769891108738	260.97345058928425	6.29374865714213	8.915125987855155e8	3.381679120151048e6	86.70833551753647	0.0011545709772584267	29.36532524281701	416.32385444279487	9.999484076981885e8	9139.048323669067	37.48270931707715
8206.660462131766	18692.668210916203	1.0000012090881632e-6	0.0002903124774767752	1.0046817804880012e-6	0.1253289975889915	1.2682362964062756e8	8.881936427416767e8	22.467390790548688	9.95660130392786	0.9104607973353505	4979.0699650382185	994.9600870340374	2.150691778197174e7	8.824484167462697e-6	133.023893749143	1.5746555991860991e6	0.01612712817040989	1.0000005708110077e-6	100.17650401057922	0.005940802312713872	4.389728406960551e6	9.074075436862696e8	1.470729068220187	986.0327345218986	0.13834954121162335	8.051587855327746e8	21.78952936990977	0.02740304284666895
8206.66351438828	2565.577423534478	6.158034841844808e-6	1.1936907929649827e-6	1.1071385861408033e-6	9.449903774000113e8	9.969383550454422e8	502769.24024183076	21.948640628008942	1.7978445885814615e6	319651.45271075703	9.850231400605907	417.20263079897	0.17044505149776493	1.000000000023026e-6	4169.262092241669	1.3217871867346815e6	30.555324652489293	7.16563533213457e8	1.0030708691982966e-6	1.0044493631605296e-6	9.999686860007787e8	57736.37536314424	0.003144493736452156	163304.28631019712	296059.5238011724	42.49660594040751	515308.84615456394	35731.245074377344
8206.677839579062	2.9556152161163907e6	1.0000021197851086e-6	2.743512391152331e7	1.9658933091860216e6	7.844145027495775e8	104.24182812886966	65302.755241155326	24838.8279654398	8.098104268689245e-6	20172.720114697007	1034.9672471947933	9.742738730302342e8	8.955798208079162e8	1.3040880655097463e-6	92.39268623973057	1.8413935407599304e6	3.155310394133002e6	12.072187159646282	0.00009120275963837165	0.4222330292561839	635.7870721625421	25.753659405966456	1154.9210863165006	156.08625283257686	1808.9879421092637	0.13711970102089915	508204.241272238	2.919424349157133e7
8206.684223036418	1436.0990336656507	1.0000000020723268e-6	1.5259429064076616e-6	3323.9002525835617	3.773170206170604e8	213059.5479890213	7.096154274342464e8	346.6050645491244	1.4756722868023908	1.9750394422658157e8	0.630120157561501	1.000047164640315e-6	8.803742968825034	0.00013786988687110595	1.0618576672920422e-6	1.095435490843891e6	33.73169370697267	6.10509376390283e-6	4.703560411066743e7	9.999387780476632e8	9.991482295705328e8	1207.0241225179952	0.3507802843653692	23.914713483491497	9.969043707970544e8	0.0001329251604774057	0.00007562533629152528	9.716764574383627e8
8206.688364716329	2.0354157261678367e-6	1.0619025246308403e-6	268928.2059720562	1.1688329553480265e-6	1.000075329859167e-6	1.2693134867616795	5.370193796813364e6	266.39073465492123	0.30785746501019784	0.2714237503602363	0.1517615691416738	0.00002096991268046826	9.999869451645647e8	1.0804211069443276e-6	141597.93538917153	1.1110711826987283e6	1.0000327913295706e-6	0.008841081504324784	0.018365734779170216	9.99929356352549e8	9.997249507550243e8	23.89729639086894	0.00021304746081417952	9.503190234453962e8	0.00010591059442270802	4.8833354114983155e-6	10.160032172828432	1.173212601695376
8207.660887837019	7.622232535221164	1.050060911341109e-6	3.6410887972226344e7	6.812426679916835e7	514133.2865018673	7.49443198877149	9.998537090038831e8	7.095624305325416e8	0.00008126859952058462	1.0008603309255943e-6	1.0882246232527746e-6	9.90562077584302e7	1.2154866461980289e8	0.00002598462044709394	16.107283423542622	1.347348056732055e6	9.990632800708034e8	687532.0569189142	600502.8412679556	0.010038444980756017	0.1700071349500322	25.676435811168037	3.5648709535415016e7	165.470792317036	23.66496406375256	0.00805924366985317	6.931308680046208e-6	99664.94805456285
8210.156587474336	1.0055611117680392e6	6.3780158496620985e-6	2.090547898221411e8	9.99992478472901e8	149115.7089942695	8.358715282661697e8	1.0506217548714034e8	9.965571577861867e8	2.074137597024297e-6	12.605090041379016	1.3422489585604137e-6	1.9431802858905538e6	545.7720530580215	1.0000013456316347e-6	9.999395342396721e8	8.265180456493847e8	1.6644772379431906e8	4047.8718335086924	9.353731506988989e8	1.000000532058478e-6	7.147885966664438e8	21.900219639757616	5.248925068045396	9.06789999562127e8	7.827531044812098e8	3.13684477491908e8	9.317737903613347e8	6.528795658920017e8
8300.189935750735	0.0056941966695368655	2.1652866939999533e8	9.76539361204848e8	1.032901618903307e-6	1.5148519579851374	120.91453492507154	9.634143530672578e8	23.561513780499897	4.768084652872909	0.0849856382084374	98.81232313962549	80.10393384886478	6.406634433224496e7	0.025742543484619615	0.06322621451100494	1.182063910350641e6	1.0321998262755926e-6	1.414703521653528e-6	1.00682310816892e-6	6.451057841731929e8	125.0189165523563	80.49626688399853	2078.3000525429366	294470.9070421155	1.9320121320424406	82416.33753360613	7.95034308681847e7	3.064873416686056e6
8755.713251365078	1.1105153306355035e-6	2.725386628271319	7.472565469865646e-6	1.1992381314193417	1.012620973146121e-6	19738.39580533781	30793.361161792567	1.5489566849106459e7	1.002603421246853e-6	0.0006409566988476962	7102.536790548286	0.00005825658485474927	1.2303480556077464e-6	1.2598327150766342e-6	202354.07845060737	1.8009124380816466e8	0.018298486228426027	1.0025832004858138e-6	3.4094169141106394	5.448452027671696e-6	5.053597785414405e8	18.203973105108023	0.5114923204439641	1316.833436356384	0.00021944106889742302	1.2975456001240503e7	49.92168862828301	1.0026682885014747e-6
8834.172923737502	0.014643425322921119	0.000115648566120632	1427.2471615082175	0.0002066802936515219	3136.450776691459	135.43325305253734	2.1026072228825012e8	157.56768426922162	5.815125667012961e7	2.2288380331685196	0.0003571110277994845	0.02649755128269577	51764.84235787996	0.00014811779299787517	6.342307116064566	1.150739695559677e6	16.594707350846967	25.402885438185685	0.05512005742435552	4.9302467658884665e6	1578.5120312246397	20.519785924204058	616.8493613541191	1.4591348790652886e7	1.3644014407747008e6	4.173562649919192e8	10.599980327047676	2.4510699927977268e7
8852.455326513464	4578.075381004468	1.e-6	222208.8597736918	0.00813616673029276	0.005096008001669334	0.05537847211049318	0.0030813411803963706	167.05393066223382	2.4266254403521562e-6	1.0117395750207018e-6	1.0535291443010617	122.15351267984097	39.51324386882184	2.899840430894669	19595.47454536941	9.390360317961229e8	734.6503200959015	0.40544612036692956	1.2197982195658944e-6	1.1023942451442015	9.999999998618449e8	106.47881045409187	77198.61673973351	11616.130747631252	2.526176402072864e8	6.893928618673424e7	0.0013835757789641722	920.9195514835244
8863.27156696935	7.404858122327249e6	807.0431992238496	0.6989844060878468	6682.673932137014	5.2662273857476345	9.999206556972071e8	2.1227739523086432e8	4.413698782654485e7	3.322204913635992e7	9.999986886095717e8	294382.3610294025	404.71474323836713	6.808222535788314e8	216.91736375600274	0.0018711731371184566	1.161465213177332e6	9.999901823779787e8	9.999986918792386e8	1.1061766683675183e7	0.1839730930188706	4155.18010664113	18.17301647278585	9.984419906346123e8	73954.83530601225	0.00108040639526861	9.999986886095717e8	9.999901939138157e8	0.0014894421890235064
8890.180694114631	0.0035245056267467338	137.25439565557176	1.7699655181140659	3.093296270070737e6	2.6264686357675385e7	2558.302757424023	312.729501751257	75459.9088031535	0.26498979573762166	24970.445945138174	1.0429228021849458e-6	0.3023879872364569	1.3143750576226065e8	21.354125321004716	0.9501906018003866	1.2184021894242072e6	10.390734994288499	5378.758974687737	2.831843132063226e8	238.57703255336858	345786.6942412589	79.62938020686252	84192.188434186	49.08014377547655	547526.5213319828	2456.1720248035176	989340.5067496873	187.65819464740358
8890.347774648575	1.0603380732926429e-6	0.13352245941753338	0.21593709241017034	0.00480461003777194	0.00103151968164031	1.7991229531576671	9.842530252412583e7	793.370847367933	3.6061887112633782e-6	0.00006185776450053092	2.1004587826150546e-6	0.00024184804846325513	1.1043831560795738e8	0.013450797983987454	2.366668422865216e7	1.1957706997364413e6	3.783610480227196e8	9.69087722787556e8	0.0002533445089410545	2.3529739557060204e-6	1.7563256069500327e7	18.403603967745973	0.000010160292831681996	9.924055316584705e8	9.895379740598588e8	9.986488381394233e8	9.89770995144276e8	9.458726222054485e8
8918.157462271276	5.6965632002118	0.000028576083776409308	0.0002446607206456991	2.081295779190529e-6	1905.9938337503747	0.14514513173300495	6.673538047782332e8	18.396655002637267	1.001754285342205e-6	0.00001425842822439219	0.5271744166660349	4.947375901933576e8	7.943297693918014e8	6.604140519905484e8	8.983586706880315e7	9.887408804872487e8	1.4311702735830223e7	817043.9228489932	809494.8202516036	55237.90541016179	0.02297289866427221	816.2024551425885	171989.6097233884	6.844731134109901e8	1.925926695393545e7	8.820388774619226e8	8.820863371561208e8	9.880555058484448e8
8921.000268020636	4.833042627957864e-6	0.0009643716398008215	9196.087834933876	1.0000000023025853e-6	10169.22954781215	1247.4476346595602	268.6430614550353	237.24834355618768	1.e-6	1833.59617364088	1.000000002325611e-6	6.006144282774353e-6	63146.76392617917	1.042882388943753e-6	0.38008918611357667	1.1745015379756321e6	0.0027053372801852256	10.223740307236376	0.0019297525605985496	9.999999976283392e8	1.324160290448074e7	1059.9868971996582	184.48787576711013	35.04998974855915	93.85940733284923	0.2727608893035536	485.22727962662026	1.e-6
8937.031496499023	3.2911333788265663e8	0.022703557849741502	827.1190283780936	0.00277107915318796	2.791817328995771e-6	4.501311206799806e6	109262.29595519343	132.47476500238324	3.8077678434191663e6	147177.77031152195	0.08355649269121174	0.00004558463771252887	9.999718095487295e8	0.00004285207255234901	0.018500511711608016	1.1139195703949635e6	0.00013725072383273846	0.7198040305399304	2590.954730905015	36.46202195212559	1.e9	20.640093827377353	3.6290985836491316	100036.57076736365	0.011338866767149977	0.020904149657880917	2.3607516909333426e8	2.6179378061742693e7
8972.704439192008	2.4645268162625723e7	9.999999981579318e8	1.e9	10.767682613165496	1.321864112121182e-6	1.e9	0.05247214690265209	17.94694879232253	0.004790112360235035	1.e9	15.684010407689632	0.00007945633796936722	9.146227879184148e8	1.6554274898121004e-6	1.e9	2.03039448508196e7	1.796565377864479e6	0.5483464016058883	1.e9	1.e9	1.e9	1673.193160616737	279.7245105621224	1.e9	3.4599872254841006e6	0.8152087421814842	1.e-6	0.0027605011075439475
66810.59426857493	0.0005414407557659818	0.000011885329704513039	1.9609030709488218	94.5885673913628	82.8942356089119	21771.612135332998	330.51819552818307	156.760427536677	269.1631013961431	55727.6987021157	246470.94677279846	704.7894301617754	923983.2454763514	1.3309350926882843e6	1.9683340778475836e7	3.531086418619401e6	12.145345264514583	7.049234716063654e-6	33887.78927693245	38840.44526092201	2.8431686370118756	52.14697720170327	7.898250371193937e8	1.0055085295471624e-6	0.006767562565748342	10.385307756189658	0.1126220350137401	0.00006837551845234937