1.0709212094853926e-6,2.3568847889373535e-7
1.8777695435465707e-6,2.6966060329037857e-8
0.00001830191310466384,4.130923845377855e-8
0.000024840521102230352,6.870275288115094e-9
1.1359775871628745e-7,1.7623535506135316e-8
1.2812171873074406e-7,1.695193246300741e-8
2.4124313834704565e-6,3.025304219031389e-9
3.65161577209451e-8,1.2036580175771475e-7
8.391339253980058e-8,2.5573244281409305e-8
1.000169702868915e-7,1.5098398975220301e-7
1.8831869156254555e-7,5.720667999144963e-7
2.997624749396912e-7,1.7957664553268836e-7
2.6462567606167483e-8,5.517338260253389e-9
4.6957938092343e-8,2.5209908413752387e-8
1.6544124047099071e-7,7.34415451138289e-9
2.6435647157520192e-8,4.3042322832019106e-11
1.8686022176376092e-8,1.9622902690226292e-8
1.66373381890298e-7,1.8609874207247685e-9
4.3029274162061655e-7,7.474994444581272e-9
4.5824022600241063e-7,4.855829710075236e-9
6.617727403222776e-8,1.42126488242057e-7
8.254205943616099e-9,2.3350474366751713e-8
9.004908687722002e-9,1.8403103086632124e-8
7.181337810416715e-8,1.9412058914300292e-7
1.6265208653312422e-7,5.9456157814468653e-8
6.1538289872629034e-6,6.299341799715243e-10
4.992904736935851e-6,2.1312737510951075e-8
5.716798833413639e-7,4.90317289854027e-7
0.0000100565040852806,2.761418595188406e-7
4.592741312814931e-7,7.125686415000672e-9
1.1813662360113902e-7,8.42598952695783e-8
3.089337867695836e-8,5.5863432952143324e-8
6.987168290413978e-6,2.2408250792457286e-8
6.149048909435458e-8,0
1.5289837936981386e-9,9.69091316299118e-7
0.000014535669191805099,4.893159891930309e-10
3.934668913377689e-9,2.4423732855824275e-7
7.311042814136591e-7,5.218931196812581e-10
4.3668839696658565e-7,3.9907375258690564e-8
1.566741484307652e-7,6.3481626530565065e-9
9.826520575609105e-8,8.529265778678538e-8
2.7601298208823067e-7,3.364789455977992e-6
8.368420385276898e-8,2.622176204793654e-6
2.9340044404054026e-7,1.476287096536039e-6
1.9394995359721445e-7,1.0419953521525139e-8
9.588470877836581e-9,3.656207488494695e-8
3.4902795683248044e-7,1.9782181899869934e-7
9.180255547715099e-8,3.131689237640822e-10
2.374990435983528e-8,7.682400703532478e-8
1.8037908782346116e-7,1.367518286341715e-7
4.3659093845492396e-7,1.4085170281533662e-8
2.2916200140292058e-7,1.1643649292668003e-7
9.65123914163149e-8,1.2869860974809695e-7
9.655361316215185e-7,0.019823212637072016
0.000015030424389217097,0.019836530632368277
4.970330379801009e-7,0.019778990309288133
1.993378295857569e-6,0.019839745463656355
7.806532804821203e-8,0.019835302707651034
0.000016656794790297244,0.01981987790366514
2.8469949510923315e-8,0.019837813348858743
7.776442112333487e-7,0.019837438912871392
1.0049846009785074e-6,0.019779280718146608
1.8619305707233962e-8,0.019841031794993153
9.129583148674822e-9,0.01983581694999622
6.41578277528973e-7,0.01977944525073948
1.5370871332228411e-6,0.019823404036479784
2.3439593670937133e-8,0.01983544020543806
8.523949108416772e-7,0.019778864656210964
5.408320400429123e-7,0.019886090466255668
6.852825693870369e-7,0.01983545223015875
1.3802809993990464e-7,0.01977910218739524
1.7967473522821587e-8,0.019823366980639117
9.784490628048359e-9,0.01983544065966497
1.231247024126807e-8,0.019784765639458288
6.452222041679532e-8,0.01983971010145726
3.3222475721474183e-8,0.019835422515741215
3.6977871067305487e-7,0.019793563135322358
1.16314751964158e-7,0.019844126082418475
6.369686866964007e-8,0.019835434078039286
4.887361110684642e-7,0.019778649614450364
2.007559872813001e-7,0.019784941608440316
0.00001258954253145294,0.0198347306948443
3.7534618451232756e-6,0.019846492335738396
1.5515615461430937e-8,0.019790908805276675
7.86172343077778e-8,0.019834667733416866
8.352829415020021e-8,0.01984630594981819
2.6737377125583543e-6,0.019787792218907783
7.604642780167515e-8,0.01983442528993782
0.000014589013498067275,0.019846269897057657
5.503359624937857e-6,0.019779438030420347
4.3112079121465495e-8,0.0198351697975114
5.126926545656058e-7,0.019846913687425836
2.3963232645363107e-8,0.019790671159392297
1.6450954289361054e-7,0.019835011830592247
1.5328181528850617e-8,0.0198468899821699
4.4069687305902894e-7,0.01979036374910501
2.2342966347677029e-7,0.01983548853277536
1.9807060135422932e-7,0.019847165334672314
5.512188486629611e-7,0.01978968806013401
4.0063052216738734e-8,0.01983505266832338
9.225715560621276e-8,0.01984685194977147
1.4512566306477064e-7,0.019790655684971018
9.374431156049339e-8,0.01983511658817172
1.2194758563759694e-8,0.019846901628380723
1.876954124315418e-7,0.019790499744869326
4.374541991855839e-7,0.019834760623128278
1.4832239898281679e-7,0.019847167218576756
1.217524298029088e-8,0.01979178928278416
0.000011270135241628903,0.01984011941759141
9.340219936228262e-6,0.019852974842189227
1.82791079615273e-6,0.01979618563032102
1.9907294144221523e-7,0.019840485626155577
1.172133374798539e-6,0.019852849602240288
1.8746561735197803e-6,0.019795277750594947
1.4491118355434343e-7,0.01984043985621259
4.744304494079482e-6,0.019852390923562318
3.837442897346832e-8,0.019796101468509734
4.890895566379158e-8,0.019840731361921986
1.0705978470914116e-8,0.019853264478460458
3.525279448518975e-6,0.019796692468372373
2.44247705417744e-7,0.01984073462337495
3.938716207146833e-7,0.01985318722269237
2.2265960551875107e-7,0.019796513705404844
4.994853015046563e-7,0.019840713543417546
1.6271540319006807e-7,0.019852736044722142
3.0127402265668546e-7,0.019796666358745132
8.853086231763497e-10,0.019840704544165696
2.681771073899762e-8,0.01985329597632312
3.1199378989696836e-7,0.01979700677229779
9.283547558984325e-8,0.01984071484562405
1.0750312577454015e-8,0.01985317030780853
9.445451454066762e-7,0.019796040844247815
2.7739138936408474e-8,0.019840688852754154
3.7051617525461336e-8,0.019852715883199513
3.5423848735157425e-7,0.01979642616620985
6.439561052219034e-7,0.019846251258811815
0.000011625135320806587,0.019858293671215985
2.841076523843617e-6,0.019800687334232674
1.7011920900083107e-6,0.01984598076546787
6.320755727128889e-9,0.01985812162770548
2.1401543491429865e-6,0.019802337653280478
4.616198795400815e-7,0.019846708292044116
1.010592504440685e-6,0.019858198714120288
9.349215765129814e-8,0.01980205491936603
7.424331928888426e-7,0.019846744282210255
2.8738820676785695e-6,0.019858807049610395
6.756639313097007e-7,0.019802222553328103
2.326730696478414e-8,0.019846787649961173
3.300255865565008e-8,0.01985879873035333
1.4894443350582568e-7,0.019802575594831544
8.735000946228078e-7,0.01984675550166529
4.5071543710963965e-8,0.019858809365786063
4.346662147887282e-8,0.01980269145325803
1.067568100565853e-7,0.019846794817686468
2.3431839793411264e-8,0.019858781112548
1.0496397198454958e-7,0.019802853459594996
7.699659885321935e-8,0.019846772972944227
2.7609427573361627e-7,0.01985878170424024
1.5582944917080536e-7,0.019802792951920285
3.1840377881126924e-7,0.019846704487584556
8.257433980367421e-9,0.019858802920020874
3.6105470530966756e-7,0.01980226260511806
0.000010186693279773576,0.017582292185031653
0.00001352141349403777,0.017604449189056876
0.000014676927665453561,0.017533096302986294
1.8732598651519716e-6,0.017538897312177417
7.830720480978244e-6,0.01751938096476293
6.620045978769276e-9,0.017549939580469378
8.920003123601695e-9,0.017556927139633454
9.527376129039207e-8,0.01755032256453049
1.3231130774250062e-6,0.01755824850716344
1.5570870013863136e-8,0.017557081945699292
5.568748464952835e-8,0.017571284145560178
1.0925094634892251e-7,0.01755590048485405
8.735955922688169e-8,0.017528215777800213
8.894313830532862e-8,0.017555563543617553
0.000020977094378533047,0.01751596839328315
0.000011833665693440382,0.017544531300884406
0.000010798609956389605,0.017520291406914197
1.2171721802812454e-7,0.017569932654841726
5.552561953782249e-6,0.017534127376430064
0.000010544443390435552,0.017537378356333653
3.746214078604272e-6,0.017529878139180104
8.266138254649286e-7,0.017558494186086706
4.295936152540505e-6,0.017547857177676696
1.634325732560276e-6,0.01754783875958398
3.1462504360866727e-6,0.017527245456998738
2.117413335780327e-7,0.017553021264527114
2.2967338639328385e-7,0.01752635891799308
2.2848631333682847e-7,0.017557065305889505
3.904893909084873e-6,0.017517680190516183
1.2524640290597333e-8,7.776479752490257e-9
2.5992473603025886e-7,3.3588964392241717e-10
3.5989461790735683e-7,1.2715581434053039e-8
2.8659592950046545e-8,2.5492894276790563e-12
7.869693914359866e-8,5.87544996060504e-10
2.0756762464570366e-8,1.3214281844715823e-10
7.369500541404765e-9,1.995240513772337e-8
3.065091752340972e-6,8.94603726930212e-10
0.000011297990091544541,7.141929788327402e-8
3.2951943086077134e-7,3.8349161140796875e-9
3.8166567227948085e-8,1.6618519184144704e-7
6.783865543050646e-7,6.503755031750308e-10
1.3600389214832546e-7,9.341292650645347e-8
4.530332527255277e-7,5.994312731559848e-9
1.1791853319784884e-7,1.6968031876768383e-8
4.151246525181758e-7,8.470023582331262e-9
2.60518280447377e-7,7.358006591726081e-7
3.169378567445921e-8,2.1802284294321384e-6
3.391645077868627e-8,6.539254455011153e-8
2.0928128616141418e-7,1.4821546120271776e-10
9.047635131446937e-8,2.0777292855936377e-8
1.2295307408424458e-8,3.9011110832458104e-8
2.802541297550865e-8,2.641489220548246e-9
3.3209126005095886e-8,1.3631344111589231e-7
4.671547549806269e-9,6.69252627838155e-8
1.6035559681232548e-7,1.280332142793075e-8
4.3315050938065415e-7,2.5866633491918306e-9
5.796483293710133e-9,1.3508665161952727e-9
5.644753815398831e-8,7.653833715727189e-8
3.122494865042254e-7,2.2075716908491703e-8
3.028550611801457e-8,1.5039861827547116e-8
2.4935851368490822e-8,8.864546160862975e-12
2.1889813306144484e-8,2.3465529111165728e-8
1.7480585716577727e-8,1.3127449021626716e-8
3.832058857118706e-8,4.503720908327879e-8
1.785929303162703e-8,1.2633841805689598e-7
3.985177791241712e-7,2.599519422913101e-9
8.870979892235318e-9,7.79278098444088e-9
3.315112342838899e-7,2.7079867808344127e-9
2.556163857050009e-7,1.2286629836973326e-8
1.5747123733988438e-8,4.31995917061406e-9
2.5652820259064584e-7,7.1144934425692225e-9
6.836149282596941e-9,5.9035066736741715e-9
4.4686413589748973e-7,2.628531534811872e-9
5.223354031523073e-7,2.0771857250116564e-9
5.755990925021193e-7,2.9013997263501456e-10
3.119357448065909e-10,1.7119602173113668e-9
6.266033092824508e-9,4.992377853810507e-7
5.938758821558348e-8,7.386960469026617e-10
9.23960306651499e-9,6.193121058451406e-11
8.203345675826191e-8,1.9529278803569223e-10
3.338843046579788e-10,7.085171286078795e-10
5.607203781210085e-7,1.8050975991449392e-10
2.370972509361009e-7,5.1423660803038004e-11
9.220301085419788e-6,3.662942224589611e-10
4.775523238762235e-6,2.0996427372761365e-10
0.000014467935942551897,6.404014953589129e-12
1.7211782835030455e-7,7.217354765957405e-12
0.000012387236716210634,1.5739829998196816e-9
1.5392948171576918e-7,8.28900703433219e-12
4.957040543186881e-6,1.6479658538987992e-9
5.557183990465049e-9,1.5680796537819262e-6
2.467811402450831e-7,2.4587391470712137e-10
6.547663436904804e-8,7.377566105614124e-8
6.745774836548013e-8,1.4189947613019967e-8
7.903624974348991e-7,4.2018046783833444e-8
2.8338144711310987e-8,3.178345940666721e-7
4.3577692996026053e-7,1.5321162332703283e-10
4.7135114528748893e-7,2.732476674629419e-7
6.754017636271667e-9,4.431383998958682e-7
1.6713044297802672e-8,8.496454856536352e-8
2.1166453972930412e-6,2.863097762308201e-10
3.772546468238471e-8,3.561925868057141e-11
1.310962109924347e-8,2.3447324948366687e-9
5.0552783881516654e-8,1.1360294820686253e-9
8.194274038603965e-9,1.2465515576831202e-8
6.8249842007102485e-9,2.2863897007460626e-8
2.8037174928603414e-7,7.236768132505572e-11
1.1722188944519989e-8,1.4562539601104124e-8
1.92840529707781e-8,1.0599709270180546e-8
1.2743148596351044e-7,1.0691711669833638e-11
8.902973171644871e-7,1.1666120546751458e-8
0.00001252339693079538,8.901706090039428e-8
4.7129831379167576e-7,5.4699750404680874e-9
6.77345409056268e-6,4.6701270994090694e-8
0.000022597001636289798,4.7952648901796075e-8
9.569045021849814e-8,1.3013520722114694e-7
2.1426572034220898e-6,3.027871836111469e-10
3.2070392121321105e-7,2.2901524992423723e-8
3.7812759937104457e-7,1.3127692544661405e-6
6.479516279542513e-7,9.08475308226734e-8
5.8890896986420386e-8,2.48541574806708e-7
3.288715484615477e-7,3.484547456873585e-10
1.359608365070378e-6,2.021643087410424e-9
1.9776619079042e-6,5.429763157565024e-9
5.644309702560859e-7,3.2546189375623197e-9
2.9901177654530675e-7,1.4686577222608588e-6
1.5670228426306078e-8,1.7052652158952864e-6
1.3220091932711103e-6,8.325981452500637e-11
1.755911579785046e-7,1.463733056888446e-9
2.804089452090837e-9,9.901795164890333e-9
2.1405757451894396e-7,1.830429834349056e-7
3.7382503934779724e-7,1.1947725669112352e-10
5.4116795734249284e-8,7.859523144582716e-9
2.2914029876797687e-7,1.2055313970259845e-9
1.7250037573115394e-7,8.78589483181052e-8
3.122551715199665e-9,2.3693283355090409e-7
6.514739181481381e-8,2.190773953895117e-7
0.0000221108414900203,3.9662306412244344e-10
7.674212485047184e-7,4.059021767042515e-11
2.6612051717899286e-7,1.6144674053732108e-6
3.758896871851129e-8,1.0048886660031283e-9
3.036518616998877e-8,8.008218552794974e-11
8.581708810189667e-6,2.4573436829688504e-9
1.6605657618541703e-6,6.584954921215501e-11
5.2200182070566145e-6,1.725054035917676e-8
0.000010739207508621331,8.261268825804754e-10
3.0705706877091827e-8,8.727177194906317e-10
2.1777254501471772e-7,4.888556770425098e-9
1.9735003352898442e-8,0
5.972547069609035e-7,3.450961622339427e-8
1.5191637646846212e-7,1.3435636333355102e-9
2.4750013837340186e-7,1.3944770359706879e-7
8.847875246345324e-9,4.306395000648788e-7
3.520820066331362e-7,8.475694322641873e-10
3.606361410894142e-8,8.163527780611752e-7
4.4655729447361465e-9,3.618213119678639e-8
5.554592946590957e-8,4.616989136715734e-10
1.5143463794489375e-7,3.070859872473523e-8
1.497999780809745e-8,1.7286891900911296e-8
6.937411578122547e-8,1.5382702975606615e-10
4.5019843366496705e-8,5.418127544176876e-8
2.88691160623892e-8,8.252297482946829e-9
2.2478829540214453e-8,2.503861126437349e-9
9.760186638314084e-8,5.293791538250588e-11
0.000013305231865953707,2.9334379860018374e-8
2.600491509320068e-6,6.765178382628598e-12
0.000010675413916447916,2.274053643864773e-7
0.00003138671175590644,8.031904624681855e-8
0.000015118910195798907,9.75501983896071e-10
5.841167634685504e-6,4.664822893267418e-8
1.2139113959328716e-6,1.510505262562481e-7
2.128435668538971e-6,9.401059512242029e-14
6.17672783906002e-8,1.5261130664873892e-6
4.44305318995272e-7,2.3603128860050256e-8
8.626203255972802e-8,2.897296408576538e-7
3.622247747809275e-7,6.556476065895738e-8
4.024447513343111e-7,6.410534486190977e-8
3.4349182789134823e-9,4.042377647919802e-7
2.090666493317014e-7,2.924409910919413e-10
3.172383553578548e-7,3.309977377781414e-8
4.353265173501962e-8,1.6756225509021836e-6
2.3676270843144236e-7,1.0775337013771226e-6
4.7566505707751785e-7,1.9315778950023057e-11
3.134505814617056e-7,5.02666377642391e-10
2.7056248112127967e-7,1.9277404189591217e-8
1.4586628241305758e-7,2.828000908330896e-7
2.976769459959148e-7,7.612622468210275e-10
6.444992580504158e-8,2.2977310726542227e-7
4.7106048264779204e-8,7.330181092725306e-8
2.1563722421995525e-8,2.4147820172823435e-7
8.761170583320249e-8,1.857737492945865e-7
3.2868211284436314e-6,0.021602601774018678
1.2947541690323586e-8,0.021610182763314424
4.097465580189734e-6,0.0215774726226913
0.00002046822851242775,0.021602690980617817
2.452245901053156e-7,0.021610255049090865
1.1240907687640037e-7,0.021577753416213756
1.1725601786354547e-7,0.02160258690015025
8.145529470620435e-8,0.021609997665539657
0.000013825590771865835,0.021577711292802955
3.7591144881642054e-8,0.02160339959900202
8.957336247416684e-8,0.021610864324873726
3.772253972279595e-7,0.021578218345089804
5.868396897286509e-8,0.021603443786570975
5.215448116501936e-7,0.021610885069110065
6.997449608581555e-7,0.021578374601109136
1.1453349236295703e-7,0.021603489595662884
2.1847836546195626e-8,0.02161088486558029
1.6656748074196982e-7,0.021577952649869395
5.97861935634479e-8,0.02160341195731008
1.904865829732171e-8,0.021610861635878224
3.304014916536626e-8,0.021578194055872715
5.2949647858214064e-8,0.02160342563445954
1.0874673113891812e-7,0.02161087173013978
1.3964231636736905e-7,0.02157830804466915
4.4519522816611465e-8,0.021603457479947685
3.591104537456203e-8,0.021610865993753618
9.314959456204472e-8,0.02157832100450735
8.718165843088677e-8,0.021560731179063736
6.558043329157696e-7,0.02153552261460103
1.786234464926496e-7,0.021560654645749588
2.1685297855398513e-8,0.021568320575971488
4.499525461589499e-7,0.021534955931209
7.474636229392403e-10,0.02156076121040234
2.983827668264152e-7,0.021567938402870857
1.6261475183074924e-7,0.021536413163307837
6.022074606134251e-8,0.02156223891369071
7.650319673723825e-9,0.02156909406161426
3.81956501284892e-8,0.021536513902201238
6.7700798501353435e-9,0.02156244383555828
1.5114208410940144e-8,0.021569029900525893
7.713709455652682e-8,0.0215359348572025
1.7282182146692098e-8,0.021562877443739623
3.3179025070822636e-9,0.02157063776686013
3.109181026741264e-8,0.02153403379882079
3.485106443843412e-8,0.021562141316087254
1.213231526044193e-8,0.021569654002638338
5.525181035049582e-8,0.02153732572188404
3.985708955854288e-9,0.021561834155842865
6.43732837938303e-9,0.02152399270355727
4.156049527597451e-7,0.0215233756078658
1.2951907648479237e-7,0.02156188549496738
7.31190671235955e-9,0.021570592042697373
1.524699469305253e-8,0.021537011223838238
4.812302502347086e-8,0.02156192214743195
4.827548487272625e-6,0.021569368515917783
7.430145393102534e-6,0.021536292569072163
3.184063745290729e-9,0.02156154402928522
0.00004827203966351797,0.021569180166848043
3.525883219677481e-6,0.02153644516183109
0.000013407523383110596,0.021561822625398096
8.120589911504299e-6,0.02156896017712022
3.837243989184139e-8,0.021536505682763395
1.1654375398330154e-8,0.021563078193450283
1.299652004184546e-7,0.02157050512544012
8.138498053658607e-8,0.021537778757500018
3.1271812316696444e-8,0.021563061868568264
1.1989884056306564e-7,0.021570496905125296
7.519773668490027e-8,0.021537972160295314
1.1613563597880565e-7,0.021563215246450274
8.69765785015323e-9,0.02157049964261634
5.373100786899107e-7,0.021537328754323477
1.2585825779781966e-8,0.021563073855115657
7.548916603753615e-9,0.021570505464986574
1.2048535157890225e-8,0.0215379101643422
5.103592806083551e-9,0.021563077232008437
3.3355192600537904e-10,0.021570500461253382
2.9728140252763196e-8,0.02153804599018931
2.6110799474406796e-8,0.021563087442684165
2.6194603104000713e-8,0.021570508709855093
7.981671311464904e-7,0.0215369016308726
2.8938799669999142e-6,0.02155956482919362
6.089079603648014e-6,0.02156713603820248
2.988027586040504e-7,0.02153528214913944
8.848787020262446e-6,0.021559598679363894
1.537747090206541e-6,0.02156723465510543
4.752491100395188e-7,0.02153424336682775
1.3398101330389455e-8,0.021559593651553556
0.000013277388823454113,0.02156738661717285
7.574235653291046e-7,0.021534353301295214
1.378206066738203e-8,0.021561293345600318
3.442508201047263e-8,0.02156869238301664
4.828141609000059e-7,0.021536689293616577
1.6952107923257876e-6,0.021561338220994524
3.941794903539964e-8,0.0215686991679863
2.1765167355248163e-7,0.02153732772638005
1.0475502715552781e-8,0.02156125393588315
1.0564302097351489e-7,0.021568689677243968
2.296413590660665e-7,0.021535933587130858
4.288688206961237e-8,0.021561296088021764
8.448783934383104e-8,0.021568709199105997
3.7055482399179217e-8,0.02153605934331042
4.135998212965285e-8,0.021561311996069518
3.811522233811276e-8,0.021568710016410926
3.521204501226387e-9,0.021536625426754028
6.434076278477856e-8,0.02156127838355301
2.7483958656720635e-8,0.021568709043653607
3.1279196086484383e-7,0.021536348711782536
2.544424458700642e-9,0.0215847543472251
2.7725315646358664e-9,0.02174249263547583
6.81507317856108e-9,0.021585305658917583
5.391800152677421e-6,0.021577777252843617
0.000018733222023515,0.021585063069155242
0.00001035898543983704,0.021552844725326977
3.2686123823390094e-7,0.02157739363468977
5.3561831703982505e-8,0.021585014827283925
2.9301964771181436e-7,0.02155300635190268
6.586216337270974e-6,0.021577835530656213
1.0344323105945705e-7,0.021584932150532223
4.9948232229666854e-6,0.021552551530454867
2.730939182797481e-7,0.021579320535007343
1.2225298204362507e-7,0.021586688968748026
6.381602689749207e-7,0.021554166602859668
3.264485780174618e-7,0.021579245525752397
2.6611084402000278e-8,0.02158670473879146
1.1188014133613412e-8,0.021554453893491452
1.0452073877986283e-7,0.021579374920516124
1.339741489067075e-7,0.021586701071520924
1.6911088433468407e-7,0.021553737623094406
2.1598088500952015e-8,0.021579269340876273
1.1714276105494356e-8,0.021586700420424574
3.6040792093672717e-8,0.02155454806136747
3.215439545507832e-8,0.02157925665833196
7.205107135052051e-10,0.02158670099328766
3.3629846121189195e-7,0.021553887342058167
2.5802450168746443e-7,0.021579190383179164
2.0491071196159702e-8,0.021586704684939242
8.300214786471978e-9,0.02155436067190737
0.000010513052056181242,0.021575823240976334
3.4337723959772276e-7,0.02158224965904605
8.065097160253712e-8,0.021550896061635995
2.352192300514974e-8,0.021575703088819672
0.000014642621819897546,0.021583015322189193
3.8702461158390595e-7,0.021550846354792794
2.955537882470346e-7,0.02157573513075336
1.4170357768227613e-7,0.021583019584756363
2.9758627583369154e-7,0.02155034821085606
1.978934240549529e-7,0.021577218716278313
1.9843170296336616e-7,0.02158474251440201
3.9204496877037925e-7,0.021551437539421507
6.308831348943783e-7,0.021577327621980936
4.25809174037158e-7,0.021584741352133036
1.4889698128372652e-6,0.021551712562989347
2.1453448320298843e-8,0.02157735085489358
6.702406135943907e-8,0.02158474710503702
1.6769566665298088e-7,0.02155182698925374
3.4868232941606366e-8,0.02157682753114052
7.216842079527435e-8,0.021584745110378206
6.36622473838378e-7,0.021552138537118667
1.2508343970272574e-8,0.021577405926231558
2.455805097592505e-8,0.021584747595504904
2.7655776921961054e-7,0.02155267348911138
1.5454965427158564e-7,0.021577383651820905
4.072179543213555e-7,0.021584748427771534
9.089932049160425e-7,0.021552554507966122
2.0221880361550328e-8,0.018059408420073236
7.496990628188524e-7,0.018063349593414855
1.977034722807651e-8,0.018052857778709967
0.000010325249258818945,0.0180678030621922
1.0435533344668392e-8,0.018068613855152175
3.032293404499965e-6,0.01803660464938057
1.458689689171889e-6,0.018055517806231613
8.664922700497593e-8,0.01806284300815908
1.306409589064987e-7,0.018039471221127156
1.2642600405280135e-6,0.01807785457436353
6.111940505148092e-6,0.018083384326887383
1.6578088559544856e-8,0.01807634955767641
0.00002087938105773341,0.018088193443887592
3.8786262434654825e-7,0.017989495934996713
0.000010823504512777478,0.01804171955191144
8.774764724991711e-7,0.01805032428017721
0.000010617549266687982,0.018038155219869356
0.00002333532331224594,0.018111683372048833
1.7153421642761484e-7,0.01806291091062128
1.8073846160562042e-7,0.01805678090433414
7.801076905591503e-6,0.018055307194349633
5.672062826507185e-6,0.01806991888976995
2.4746192413688826e-7,0.01803526289912728
0.000030292897713389984,0.01806164616299694
0.000048341544300418224,0.01806709784612568
0.00003530149494919296,0.018041019176683645
3.304672402391708e-6,0.018060829351661364
1.4206230973754796e-6,0.018077265627422723
3.1454431448877666e-8,0.018045200799229104
1.4835848263825553e-8,0.0180642051128033
5.027642567911348e-6,0.018069811123102634
0.000017922273896863125,0.01804595869461755
2.3269867350034512e-8,0.01807209057140843
4.918911726386542e-6,0.018083594072374035
1.2020299362326358e-7,0.01805417357996571
1.6027099782697337e-6,0.018071249269010936
1.522031559179304e-7,0.01807816955634908
0.00007234990739876097,0.01805610036831856
7.645870543922479e-7,0.01808231730732112
2.5796731725816217e-6,0.018112706706354204
4.4633597755105293e-7,0.018067802747803983
0.0000155232460740023,0.01807393823014145
8.209518831385705e-6,0.018082849546327724
4.63254094561696e-6,0.018038486854934706
2.550367586216281e-6,0.018070240390563354
5.486570950844151e-9,0.01808405817000968
6.64996767861097e-7,0.01805761252319612
1.2934852209834236e-6,0.018067211763237657
8.566689675289352e-6,0.01808415113647235
7.511480164667613e-6,0.01804979921473937
9.484142865579772e-6,0.018060652029663237
0.00002255319435268296,0.018063309251161397
0.00002568630095800846,0.018041724583625587
9.601907676818437e-6,0.018062751108065947
7.20586045089885e-7,0.018062442060852703
0.00001778985069440055,0.018041479040775084
8.632503107474778e-7,0.018065112703469624
2.0515877227976735e-6,0.018060429145799674
1.6160712828085458e-6,0.018037260153024134
3.5808062305006613e-7,0.01805665924858157
7.136391657651911e-7,0.018063657617343725
3.524879095622088e-7,0.018041030783051238
1.1872894272133296e-6,0.018057406562774395
1.3934299491707794e-6,0.018065190198341106
2.369723625259156e-6,0.018042498524016185
1.8832195631834734e-6,0.01807542633363333
3.5479364669235767e-6,0.018072757350924902
0.000014266118673955867,0.018069226909305954
1.561259920669471e-6,0.018060876197101457
4.601868822609848e-8,0.01809539642816692
9.342508595361127e-7,0.018044703695800083
2.0975747439895656e-7,0.01805821194259349
1.8223504167554871e-6,0.018063944013173863
5.047033917454119e-6,0.018031540211784436
2.714974129463007e-8,0.018070195219788757
6.227378912793091e-6,0.01805576795291359
7.661561854917173e-7,0.01806712395219831
8.645855754387395e-9,0.01806569748209994
1.7946383439357662e-6,0.018071524004941476
6.239321328507825e-6,0.01805617639936353
7.135348230895826e-7,0.018064055014280142
3.2267491579703007e-6,0.018061478409176792
1.302566097001107e-6,0.018060330933445674
1.4982077508386413e-7,0.018056703926015702
0.000021354335240791747,0.018081734237823766
3.1043806234516875e-8,0.017930162965690798
0.00007892243235369161,0.01822073355486068
9.835493827207724e-9,0.01803574128086943
1.8480161957557878e-8,0.018095835893638546
0.000027096567235322084,0.018132895655108085
0.000013399396790071882,0.01808046870378335
2.7934650793729964e-8,0.018028677298069784
1.176149041598206e-9,0.018065968960253344
0.000028338134146216144,0.018152477031543053
9.605055780329273e-6,0.018076200073217193
3.769319515332208e-10,0.018042126522712087
9.306223287373119e-6,0.018084473713800422
0.000013148474053867955,0.018084434347872148
1.216159066542346e-6,0.01808776280222795
4.91821903922025e-6,0.018059543921555322
5.277218452114402e-6,0.018069047402868178
0.000022625872228537437,0.01808745223892169
3.4303400586508862e-6,0.018062097617372565
2.814809344949818e-6,0.018073891219967917
1.5537318259147559e-7,0.01808065266055871
4.501920180515797e-7,0.018069654266958234
1.768034999760899e-7,0.018087980036503692
9.1351925577625e-8,0.0180948672371808
6.824717426949751e-7,0.01806259553354537
3.994938188018356e-6,0.018076765031811732
2.772995968960237e-6,0.01808028071320652
4.326845438751909e-7,0.018065569541296008
2.25841014319245e-7,0.01809105698654054
5.322999475430457e-6,0.01808448313877052
4.477232872721217e-8,0.018070345584067195
6.201770318178895e-7,0.018077450187646664
9.287474289508593e-6,0.018069625526082853
6.431103808855955e-7,0.018070158515270118
2.0640533062802592e-8,0.018075987138649684
1.2400176677341258e-9,0.018088049769497044
2.666575753226902e-7,0.018073302514157577
8.742004260034554e-8,0.018081831842551528
1.8058065976073393e-10,0.01808830656292875
1.36232574898762e-8,0.018075330612846476
7.53931457038964e-6,0.018065285383539107
1.6693274482796503e-6,0.018069522828452363
2.153022395074987e-8,0.018050500381145983
2.1740628604694515e-6,0.018062790286765343
2.4605235463244633e-7,0.01806825130155796
5.052546294937339e-7,0.018046983531339243
0.000010800723480224971,0.01806425480334463
2.034552048257445e-6,0.018070888838609443
3.4319105134519645e-6,0.01804304190562948
2.672403719743426e-7,0.01806074148570943
1.9787647245107555e-7,0.018069842632715376
1.4566350726139673e-6,0.018049640537862743
2.7450822092228526e-6,0.018067559268751306
7.077788689019523e-7,0.018070741388739594
5.972338176192164e-7,0.018051677261743147
3.8259382005548026e-7,0.01806794805758749
3.7553994986507286e-6,0.018046384110219
1.558557316167351e-6,0.018067535871030826
4.1084131116421257e-7,0.01807976859599393
1.3618224648949244e-7,0.018050281023930706
0.000010356024267785408,0.018052238181645957
2.5343329700175827e-6,0.018073883647586518
1.8280267997640924e-6,0.018057825071057458
2.4260383837496006e-6,0.018072413210387883
0.000010738405555805018,0.01804276903491802
7.204984883826027e-10,6.330270932877522e-9
0.000013680853328445495,6.584856097447832e-9
8.314766235841407e-6,3.651837768201498e-10
8.56018889268785e-8,2.640307365947669e-7
2.5629962901019686e-7,3.850661873938829e-8
1.2516213381855622e-6,1.0605797504140732e-9
3.4613415530725715e-8,3.765708766062083e-10
7.720430148482297e-8,6.6211342053054405e-9
1.1838372902648958e-8,1.991847959419707e-8
0.000011894900008910428,1.2575832113898273e-10
5.4666472977857974e-11,2.914984989885857e-8
0.000010218620999502465,8.236141394755147e-10
4.997380856336268e-10,2.245351401276028e-8
8.498962532004117e-6,0
0.00001728464611233924,6.401876111368047e-9
3.3494849573220573e-7,3.684455788669443e-9
7.028090101218466e-9,2.668678820420239e-8
1.316234225860305e-7,1.0530157744845846e-8
2.3387740152583413e-7,2.015026324467603e-11
7.279094241092883e-8,2.725453499366951e-9
1.6536032619918097e-7,7.685107659869957e-7
2.7348494489717998e-8,1.2002642356228082e-8
1.6579379245041663e-8,1.840080229192766e-8
1.5521124348320287e-8,1.2369922667743789e-8
1.3131208197105467e-8,3.0834443819896877e-10
2.079727619524626e-9,8.607721032015728e-9
1.2005781109334852e-8,2.3096828478415164e-8
2.2027974059438372e-8,2.2750004298294312e-10
2.476613855777424e-8,1.850669883358148e-8
4.9403769380321505e-8,3.13451326668218e-9
3.417714388393395e-6,2.3664894370228917e-7
0.00002873089336765411,3.051614535035312e-11
3.9168139478285517e-7,9.535529192713935e-10
9.547376404832775e-8,7.918234120356467e-8
0.000018826368590363505,9.939959688864068e-8
4.833314288807995e-7,4.919047448772428e-7
1.613540723087238e-6,9.145474542311942e-7
2.994193001312986e-6,9.604383454006732e-9
2.2556615339213506e-7,2.828581290833281e-7
4.917808104850399e-7,1.8901439513897463e-10
4.432862724506658e-7,4.247560748308292e-7
1.892120722617156e-7,1.9346109342854997e-7
4.2753955809575116e-7,1.854316025874536e-8
3.210111219825687e-7,3.262731199782797e-7
1.926325720159905e-7,8.557792160430268e-7
1.975343093536108e-6,4.5902258324056005e-9
1.934659743657601e-6,3.6612368048708244e-9
2.442121710796301e-7,1.7900124234808754e-11
4.4308625512111064e-8,1.2026134657398664e-7
1.7468732784863805e-7,8.846033790699333e-10
1.1604983471537208e-6,9.90981988882809e-9
7.991377251292573e-10,1.0332719250807309e-7
9.219011925503532e-8,5.298474841928443e-8
4.660636337099525e-8,1.0932221097456308e-8
3.382966798597287e-8,2.7445144267407463e-8
7.092321704629184e-6,1.3136570593375757e-8
8.373141015974922e-10,1.6991298346798897e-9
8.21758590768817e-9,1.2752241234691946e-8
1.6189079915034813e-8,8.972123628277256e-9
0.000015615444892965067,6.554465835313186e-10
2.5584740970271186e-8,2.876610974677696e-9
0.00001086217685552332,4.841708522560623e-9
2.707424274994007e-6,9.972048608937666e-9
4.663267676999948e-6,8.158055170536262e-9
2.2184952261156745e-7,2.5224526002184958e-8
1.8609170845542494e-7,4.24599466692449e-10
8.162606147441449e-9,6.961645590009482e-9
1.725541525566286e-7,7.371147381812343e-9
2.5677584613531806e-9,6.457768331158156e-7
1.249439620861119e-8,0.000010956430467157816
1.51497750948194e-8,1.8567270445362932e-6
7.603660639420286e-9,2.2184067790244026e-9
1.5407257114623615e-8,3.4976946262930173e-10
1.4909237899180293e-8,1.3328419203331292e-9
1.2826894253107438e-8,1.9025146522068757e-8
2.2625181065557383e-8,5.985449077634151e-9
1.372975343132605e-8,7.007778148043404e-10
5.8296517299272606e-8,4.667575365910254e-10
2.335806056382945e-8,9.544833636246571e-8
7.03681403680211e-8,2.321265985466914e-9
4.3880577763206353e-7,3.048466466560419e-10
1.2084227174502323e-7,6.891218189256266e-11
6.905075057684354e-7,1.5363329111975534e-6
7.908685984731861e-7,4.990453277942559e-10
6.860654870884138e-6,9.82618312962221e-8
0.00001283468635549918,6.894131420425112e-9
0.00006157999891388858,1.7007835991745085e-7
1.50229047591965e-7,4.4928668215551774e-7
5.226066101918806e-7,3.341202191206167e-8
1.016962905982029e-7,1.5901574283443292e-7
8.52350203008402e-8,2.8785616640549165e-8
1.053639648519083e-6,1.712976888690858e-7
5.013621727729355e-8,7.390946826367468e-7
2.5173055645687873e-8,2.149234773661747e-6
1.234406829506141e-7,2.3785946070702144e-6
6.596594728701874e-8,9.13518914670312e-10
2.3431196753529901e-7,3.944052315905697e-9
8.163394488508953e-9,1.2833895538443897e-7
5.547195302710413e-8,1.0143471859080865e-7
7.633004594749712e-8,1.328729399528052e-7
1.598861594207846e-9,2.097572873901917e-8
4.0797469296578394e-8,2.1318915239763656e-7
1.296603658835421e-8,5.442214577877954e-8
2.804909460069772e-7,1.0587816769569216e-8
1.6188041189252134e-6,0.02562864878675299
7.33441345116129e-7,0.02563353819700755
6.144250964566775e-7,0.02562805926044813
0.00002301359511147307,0.02563331282790834
2.8087282961313044e-9,0.025622713400618686
8.790797659283706e-6,0.025633430256738053
4.061575472669609e-8,0.02563073843539424
4.264437192007946e-8,0.02563533059334078
3.1118467930617593e-7,0.025624500856797235
4.117047603885519e-8,0.025630736600286218
1.0342625410438818e-7,0.02563538842539921
4.4118854923137814e-7,0.025624464624199556
5.1579121211363126e-8,0.025848205288360772
2.706585653360346e-8,0.025633635852246827
6.80534026918665e-8,0.02563074964662249
4.328970264436743e-9,0.02563536583098304
4.275019613929507e-8,0.025624519337972537
1.9919629032738346e-8,0.0257469191442906
4.250334959260921e-6,0.02548465340293503
8.97502486235573e-6,0.02548935843824182
2.2070974672853254e-6,0.025478529319449668
8.538761621630474e-6,0.025484529286495295
3.15930911019275e-6,0.025489428568913352
0.000010729108628229992,0.02547838421465437
7.933012436920505e-6,0.025484621213334047
3.934736710779953e-6,0.0254892307071301
3.621843161836765e-8,0.02547819253498979
3.848762645169833e-7,0.025492705377390894
1.6253799787696354e-8,0.0254881994601149
8.210972827587353e-8,0.025492675918725886
8.379152099869963e-9,0.025481877151748253
1.0894435995488245e-7,0.025488197031910357
8.955094376675439e-9,0.025492648695886036
3.1188160357244493e-7,0.025481903217257573
1.2158906470403476e-8,0.02549419457339781
1.2716637039993856e-8,0.02549867009241018
7.121370226533604e-8,0.025487875999690077
3.1480853098857856e-8,0.02549419150818401
1.3855768405303013e-8,0.025492684235107654
3.27252718063377e-7,0.02548787702436376
1.0086495928391815e-7,0.02548821502718426
5.6492213024695754e-8,0.02549268182966523
2.5868873899963567e-8,0.025481917549041135
3.383735222231783e-9,0.025497414937346093
1.0725360385384868e-8,0.025471464118515526
0.000010040129059981196,0.02546086251352539
1.960149834031337e-6,0.02547050633653985
3.1949868200670446e-8,0.025464243931079475
1.8664120768270804e-8,0.020071201656242363
2.2035885411018184e-8,0.020078332241223573
1.1361071920997935e-7,0.020072901894579855
9.790943734257758e-7,0.02006383156334576
5.74834991079436e-7,0.020077667518474025
1.8004717383760328e-8,0.020076654547658574
9.684880843166647e-8,0.019950194081520243
6.233736501396855e-6,0.019949736185673566
7.234406533021869e-6,0.019942156100866287
8.650680123770672e-7,0.01994936129403081
7.524692071663281e-6,0.019955532241833513
4.664316375729849e-9,0.019949789802536772
4.055487853014312e-9,0.019955330499499623
2.0086464289301226e-8,0.019959358986992227
1.1406848447221758e-7,0.01996510996729481
1.2614918137507882e-8,0.0199605688247686
1.1330386700286275e-6,0.01995583902067841
4.8987169994833176e-6,0.0199449978075696
5.749292896008259e-7,0.019961347896552423
9.751503882107412e-7,0.019956583364616174
2.3764192108444755e-7,0.01995050500170492
5.300936826150711e-8,0.01994753616964351
3.83725321501089e-6,0.01996275158369219
4.447639411347096e-6,0.019951300692146734
7.009120099641425e-9,0.019954955448638734
6.287455226105765e-10,0.019960355195251033
8.294362425756249e-8,0.019952876108635855
0.00001093498867696148,0.019938239638362557
3.436879041551032e-6,0.01995530225448808
5.349296310163139e-8,0.019953031833226487
0.000014245452700184268,0.019934880660820754
2.4397022174467334e-8,0.019968099079692797
0.000014016170874349237,0.019932223815299754
6.214426613706862e-7,0.019922613902757298
0.000012185681441939863,0.01993406057371959
0.000012288319809155065,0.019929386647520964
0.000021213525766724796,0.019912151108979922
5.659349254614605e-7,0.01993034960109737
0.000017544669285509192,0.01992898763031551
5.711295664952844e-10,0.019926708014202522
2.308243912183397e-8,0.019806200069965526
2.255583650414735e-6,0.01992659474493057
1.8811073705969314e-6,0.019937450792010706
2.383736070132038e-7,0.019929709235881964
3.778677299388809e-9,0.019911041492854307
2.808628944777943e-7,0.01993568808604823
2.763047502797213e-7,0.01992891973037413
7.034737154138132e-6,0.019924340693018953
3.536014455331914e-6,0.019892105841588938
0.000031754740382955046,0.019896692438521595
3.1077229975380936e-6,0.01993157450787371
1.1719145400371858e-6,0.019934764134099014
3.6201610880017834e-7,0.01991320422721113
7.634653534947357e-6,0.019910028321951597
1.0845107335322745e-6,0.01993159050511036
1.7756587399079064e-6,0.019910866055752673
5.289216537859558e-6,0.01993308032800629
8.158933883988953e-8,0.01993685314778966
1.8410514783944888e-7,0.019928994948696422
8.867486629678697e-6,0.019956016796499165
5.627974593063223e-6,0.019952906873238155
1.2819208728984015e-6,0.019962933342938943
6.648021447965001e-8,0.019963382532483847
6.70215803946051e-6,0.0199565634920796
8.671710071712474e-8,0.020024161021815347
1.45137608376196e-6,0.020018728562842873
5.790779855541621e-9,0.019961510870678212
4.733763138419439e-8,0.01996000353868661
0.000010983159375811252,0.019965572878175367
3.505854186628827e-10,0.020026877087245053
4.185474937347732e-7,0.019962020335477008
4.3081693535441244e-7,0.01995858539365746
1.3332668762888122e-7,0.019974466013790104
5.03192712066408e-7,0.019964407186332155
0.000019996317295852983,0.02007137884265663
0.000016598668653720916,0.019939769724486505
1.3409758003821898e-8,0.019937905157894013
1.9068435887177167e-7,0.019940126559146145
7.342324162117597e-7,0.019937813401472083
4.572413884021286e-6,0.019938012008775995
1.6903783076583728e-6,0.019941365681233465
0.000010116926879471484,0.0199356873550513
2.6298486179934833e-8,0.019932443394537175
6.738918057546202e-6,0.019932218132643398
0.000010386009001325827,0.019934864323371652
1.5343438296690265e-7,0.019940549822777567
7.1427586522951e-7,0.01994341879825435
7.725637510106657e-8,0.019937131076708643
6.342223160278053e-7,0.019941890231371565
1.8839413229115672e-6,0.01994369456171037
7.993692677046367e-9,0.019937644476918724
4.347448094709806e-6,0.01992444619473735
5.659373597128276e-7,0.01994090406738685
1.4619667850595961e-8,0.01996552462310101
1.50886347086164e-6,0.019948467470442793
3.961432332911114e-6,0.019952738609117966
7.589276915350756e-6,0.019934006268081134
1.1116192865812077e-6,0.019937945786125438
2.9301694745059382e-6,0.01993976353398831
1.4185133427472662e-6,0.019939977990786013
5.442441464482812e-6,0.019941466609457142
0.000017803042735017536,0.019926007973856803
9.971799789565248e-7,0.019937385537362573
2.2318752472844147e-7,2.837869838964449e-7
5.012397917787437e-8,4.738788429601744e-8
3.128183805837987e-8,6.434354649534017e-8
3.172600846512836e-6,1.7511579621282038e-7
1.0629831924226314e-6,7.407766215389276e-7
9.461726951786847e-6,6.715853911523811e-9
4.3981723754327583e-7,1.8830939356079737e-7
1.8616591675991523e-7,2.0403881128729033e-7
8.550257853706344e-8,1.190755072773332e-7
4.094296546014723e-7,1.9436290641242973e-8
1.0237061695280434e-8,1.8143176887353037e-7
9.805218332009945e-8,6.23556625718722e-9
5.594569675938628e-7,0.0197970519348647
0.00001559905937806617,0.017523596024592653
7.036480485209929e-7,0.01755722698868845
4.02285142129619e-6,0.017520544125294732
1.2843201453828983e-8,0.017573008699104328
7.743494077640017e-6,0.017551684533288432
6.065656048382672e-6,0.017519193290015493
1.7579103804149027e-6,0.0175494417188576
0.00001007783693892729,0.01754428728154163
4.448707335008417e-8,0.017528889112585624
2.2278943775131867e-7,0.0175510396723432
1.5022283763073276e-7,0.01755747080620205
2.654257445936645e-6,0.017520722089624446
2.0984908572435826e-6,0.017550853704201435
7.529099338030794e-8,0.017558361173636773
1.7507674105295053e-6,0.017526491421636783
1.2072496526088962e-6,0.01754626082392242
8.848592570658876e-9,0.017563274770245732
7.946388570502578e-8,0.017524796897080135
8.028602955622261e-7,0.01755447631447074
2.258614098717806e-6,0.01755775687383277
2.7230270637582205e-7,0.01752244292216027
9.498195426592177e-7,0.017551487338724154
6.94938970553744e-7,0.017559283726199665
7.994478654439104e-7,0.017515558642128136
3.2353586734903015e-6,0.017549932686657093
7.634422717915634e-7,0.017557893229996163
2.89013114682059e-6,0.017516752650483018
6.291718610985886e-7,0.017554145107545382
4.124780743339346e-6,0.017548359857434435
1.8742303194471158e-6,0.017556105380184574
1.3561895137515116e-7,4.458756611589985e-8
3.739796087359828e-7,3.493766711801069e-7
3.1947176097446944e-7,3.9319537904717197e-7
1.9845955677525315e-7,2.654554700148455e-7
1.352100739816981e-7,7.082554383319928e-8
2.00456428048166e-7,4.753424974326229e-7
1.553830204599017e-7,1.0825385091078678e-10
2.013061892715046e-7,4.0919524353786555e-9
4.409845939999326e-7,6.257384075349048e-10
4.37054702777128e-8,1.8937296322366844e-8
4.385985874490708e-8,4.952238637347409e-8
3.490553812889412e-7,9.824863915526238e-8
1.9720592906725127e-7,4.156442644640081e-8
3.714548221914066e-8,7.21453471626336e-8
4.834397898123659e-7,4.140632514891675e-8
3.49165800278757e-8,1.401350090039012e-7
6.349049824531205e-6,2.7855623222119865e-9
8.074017273490081e-7,9.664799787225117e-7
8.014457053124561e-9,1.1742445138655155e-7
3.4097000810587704e-8,2.0448998112298244e-7
1.1128112466488639e-8,3.850269743238495e-8
5.359273303466329e-8,3.768161327185433e-8
1.5617502816898845e-8,1.2714402394578595e-7
9.337609802514522e-8,1.0465175917662766e-8
1.0505568935098361e-7,1.2793350209457275e-8
1.4791964250418457e-7,3.8450880021293025e-9
2.3592968881739754e-7,3.8549765509555465e-8
7.257713245125618e-7,9.944967655116141e-8
3.706407055067503e-7,8.773303563254878e-11
1.2520660624995925e-8,8.043832674491045e-7
5.438441537220863e-7,6.514937236016244e-8
5.299709273703045e-10,4.1202721366647826e-7
3.918615523764569e-8,2.984512206407056e-7
2.8795284113269714e-10,7.528643830687047e-8
1.827765127475399e-7,1.0742135699229494e-7
8.295199100856617e-8,4.3511361611020965e-8
7.038575127580186e-8,4.582193380059439e-8
1.3191595728636003e-7,1.4657383404478174e-7
1.2718101478346088e-7,1.2324088931745602e-8
3.0827686080634307e-7,1.71333762977764e-7
1.496338141736891e-7,6.968657482710615e-8
9.726950347694266e-8,8.532778723593038e-8
3.817746788066093e-7,8.759561793136463e-7
1.4273027846982137e-6,1.1257468971883911e-10
7.316107449705003e-7,1.0153202764830524e-9
1.011315529477931e-8,3.640433898812917e-8
6.49347932538402e-8,1.199682677938499e-10
4.7796153938491125e-9,9.406686587430809e-9
4.699853314581149e-8,7.353918386578676e-8
7.553540324277623e-8,3.834741559297457e-12
1.2184467090914255e-7,1.2302526321638541e-9
5.248029074599174e-9,8.304288250906975e-11
1.85687324823276e-7,6.1308805447587e-11
9.168252139565926e-8,2.2403736146272794e-10
6.658055547539791e-7,6.423861284481325e-8
6.039978489457604e-7,2.7977461313541264e-7
2.6293415057947526e-7,3.9999271049995697e-7
5.149052307985802e-7,3.289514632203473e-7
1.215306340728611e-7,1.7244836356206116e-7
2.576411519830317e-7,2.658124986463287e-7
4.4402548459912447e-7,2.824194725541633e-7
1.5297250280711341e-6,1.5793600650290928e-9
6.844488433519872e-7,2.0761737227108326e-7
4.879252487005495e-7,2.809404934642587e-9
3.6613197843586456e-7,1.7736005843594765e-7
2.919985314027031e-7,2.3837070070864357e-7
1.330226635285469e-7,1.6325139495573757e-7
1.6606627185062064e-7,1.2933287308486053e-7
1.9216562573513753e-7,5.645180070487832e-7
1.1307804341659128e-7,4.7140206726626357e-7
7.092289250199006e-8,1.405562236945292e-7
8.841759505903476e-8,2.43902642735658e-7
3.2312828465747696e-7,1.020870334194782e-9
9.715388756705572e-8,8.241846117244667e-8
5.335489500367948e-9,2.084488745453037e-7
8.101805797415193e-8,2.56919876512755e-7
2.2226878828085528e-7,1.1860169218168753e-7
2.2672681122122753e-7,1.183047021668938e-7
1.1192340756827178e-7,1.6997831452302548e-8
1.150503986471115e-7,6.74235969817253e-8
8.595097853569696e-8,8.198425192775103e-8
9.491170504333933e-8,9.413789379553074e-8
2.504454664277074e-7,2.1554841437329955e-7
4.768673185819217e-8,1.4698971417738703e-7
2.730799085618622e-7,8.645178041239323e-7
9.040371495225364e-7,1.6911885947883774e-7
8.135386921094785e-8,2.4831880332005906e-7
1.4814632696482346e-8,6.198270627692314e-11
3.163733745733592e-9,9.950921111326055e-9
5.256333269843395e-10,1.870167195930099e-8
1.402684876977822e-7,3.543562769329282e-7
2.1157994168540343e-7,7.690046011225117e-8
1.0524722454828114e-6,7.773070053203294e-9
6.207187915144373e-7,5.834554658539281e-7
1.7344274991432253e-7,8.412138061987754e-8
2.0861586127315004e-7,1.0720701785391353e-6
1.264396604731777e-7,4.876818931294604e-9
4.739083128448425e-6,2.5369944707323207e-8
5.859154873423379e-7,3.3539098460467345e-8
1.1749463968689107e-8,7.20836501942375e-7
7.921455551161636e-7,6.047662668629579e-8
7.889738467201536e-7,2.311696075109942e-7
2.648599995661413e-7,2.1441348998574688e-7
3.5012251498323434e-7,4.6005923581601167e-7
1.5727906395149033e-6,2.2303865328364262e-7
2.2060965868640534e-7,8.550552248589509e-8
2.2677151468998515e-7,5.2413714777131385e-8
5.198621796258049e-7,1.1971719777790546e-7
1.1285706915228226e-7,7.991670730438323e-8
7.067153230221983e-9,2.812858193522151e-7
1.5037297518011556e-7,1.2358698615051565e-7
1.9739349129142842e-7,1.0266839781191069e-7
4.573296450553387e-8,7.118506888103658e-8
3.1251328486298786e-7,7.760378407672014e-11
1.240800233711557e-7,1.8601113133434664e-10
4.103194675212533e-8,8.838060105402577e-8
1.0137219270070031e-7,7.923824685126669e-8
1.691245645147465e-6,0.021573579400056466
7.985180391166383e-7,0.02157329314333574
1.728107340360314e-7,0.0215737637873761
1.6892541884581907e-6,0.021575828402026404
1.9985046318072507e-6,0.02157486239500356
2.7688460606948715e-7,0.021575618806090623
1.3874721849623082e-8,0.02157488529241199
6.142193844882417e-7,0.021575194604637565
1.6195081909560736e-7,0.021575270560445815
8.451603954190269e-8,0.021554320507081507
2.178267898070729e-7,0.02156186051109278
1.6148706376694488e-7,0.021529455770053937
8.4293574002994e-8,0.021554431430108677
4.4470757882459374e-7,0.021561617572749762
6.279859690059106e-7,0.021529356456443216
1.4827048166790672e-7,0.0215543460564402
8.022100083272364e-8,0.02156188061941007
2.4197041894398854e-7,0.021529339376092704
4.2023910828947245e-7,0.02155714695047966
1.8488013817621664e-8,0.021564614893490857
2.5137315376673037e-6,0.02153215813806349
5.9134654011055575e-8,0.02155728022108394
1.609956496257789e-7,0.021564647200284663
1.872925541371227e-8,0.021532094220721276
2.772377452845645e-6,0.02155716484094028
2.6229846601615862e-8,0.02156462698805944
1.5028401390900026e-6,0.021531862639588683
2.159439733304932e-9,0.02155718843517322
1.3379803224103723e-7,0.021564654373302516
3.3919367160623297e-8,0.021532012786421178
3.60648037715885e-8,0.021557212535083064
3.0963431506062064e-8,0.02156465332970763
2.586938791404749e-7,0.021531948357773018
2.633684783377167e-8,0.021557184201319957
6.541112605056152e-8,0.021564643309460965
5.790697718665723e-7,0.021531597466531983
0.000020728560285334287,0.021558871451196504
6.442660880166594e-6,0.021523325286652916
3.4568718012620516e-7,0.02155660665539564
7.393692862636973e-6,0.021524229780493717
4.220369503004426e-8,0.021552167666625686
1.3480951714233469e-6,0.021561253328540787
2.7794499024192167e-7,0.021527312081423014
1.9421151237297166e-7,0.02155530898194821
3.484299654708494e-8,0.021562652384458383
2.0323281460108734e-7,0.021530127616151966
3.252361725836038e-7,0.021555201697837093
2.0137745594976955e-7,0.021564983059095096
1.8731144198203878e-6,0.02153148937205252
1.1476107388603973e-7,0.021555277386375728
2.6698238750653973e-8,0.021562633280235256
1.3105684746482665e-7,0.021530225434137667
1.8118033710004815e-8,0.021555252101231645
3.044522702358083e-7,0.021562659420620096
1.2531111052604127e-7,0.02152992879096764
5.492416901085708e-7,0.02155522631433545
1.1228457984763508e-7,0.021562664152680322
6.663971757463804e-8,0.02153005901817775
3.273891475897171e-8,0.021555240207587485
8.383473774719741e-7,0.02156265371395115
1.6780927498214974e-7,0.021529930281474062
3.0810270656555684e-7,0.02157031178309497
1.6925677549480745e-7,0.02157775800113308
7.370594219732842e-7,0.02154550213597305
3.9493183342109765e-7,0.021570350369395915
3.004170443633571e-8,0.021577124030995366
2.252741445697673e-6,0.02154514980682447
3.4948496659367056e-7,0.02157046861713251
1.8383417115978055e-7,0.021578123652168223
1.9520083288418208e-8,0.021545235782608474
5.29673239878505e-7,0.021573035464153362
1.0456087426729323e-6,0.021580568407212824
2.164146064837818e-7,0.021548967522189297
2.5928558262378074e-7,0.02157322973760607
1.6667778874038528e-8,0.02158056245984189
2.2119584459562055e-8,0.02154843068222888
4.5280884043289653e-8,0.021573228142960324
1.120291577968188e-7,0.021580561583763872
9.361024367868906e-8,0.02154821468936094
8.012369248270505e-8,0.02157318881226172
1.331662030124897e-9,0.021580579680373625
2.4666834688385215e-7,0.021548934617029582
6.248558085357644e-9,0.021573194981471602
1.1644738249524094e-8,0.021580588440167203
3.57696637131078e-7,0.021548252002200997
6.586253304879867e-8,0.02157312243695022
2.7754616616957414e-8,0.021580585461802755
5.191379846298681e-7,0.021548121113867762
1.5823338602946275e-7,0.021567942015211866
2.1445639234292806e-7,0.021575321377880805
2.8390232078737554e-6,0.02154259140707758
1.6259936424653477e-7,0.021567789660588803
9.943076839712715e-7,0.021575212579276793
2.1747387478436556e-7,0.021542456329625974
1.0093088382679147e-6,0.021567848232232702
2.5816717520513923e-6,0.021575201574890512
8.821815775314557e-7,0.021542688079144227
2.659401105997444e-7,0.02157104904337062
2.9008826567032703e-7,0.02157847255659165
3.5363772028630637e-7,0.021545863035575916
3.975710736734109e-7,0.021571079995549868
8.886650358901866e-7,0.02157840942901773
4.6131579878485074e-8,0.021545966930170347
1.2061132044415215e-7,0.021570968685110756
1.6154001089486737e-7,0.02157838645562745
5.244216676236853e-7,0.021546046977832
1.8925105270924103e-9,0.021571052794169394
2.6493279099407728e-8,0.021578415304630366
6.997835442199817e-7,0.021546239842487575
1.103284060557383e-6,0.02157105122769764
7.809782726403606e-7,0.021578417449096204
3.847710344933174e-7,0.02154593521104034
9.454401808318154e-8,0.0215710481371351
2.284707157570224e-7,0.021578409144609813
2.507133988486018e-7,0.021546319710853946
7.355303648712789e-7,0.018149780448472236
6.224902784100425e-6,0.018161507088724386
3.2443331238181754e-6,0.018138377290209163
4.71652608713533e-6,0.018146057869624158
6.435963196674866e-6,0.018156027007031287
4.85471463063803e-7,0.018134987895332348
2.0390016334520187e-7,0.018149955069736167
1.8261348920413785e-6,0.018155946814652137
6.740760978314622e-6,0.018126451120217484
8.429452392222978e-8,0.018159561985335405
4.542041259305257e-7,0.018155942034287584
3.271342170961584e-8,0.01814695067003586
1.0347586462676759e-7,0.01816199121284128
0.00001750700159067716,0.0181321473769993
9.944896983896492e-9,0.018143212242015226
1.639886102450571e-6,0.018166238976582372
6.343118646402163e-9,0.01816101951909734
3.242063565323756e-7,0.018129320275575313
9.896961321124243e-6,0.01813571787243538
9.20082374444938e-9,0.01817226109548792
2.3411466495567935e-7,0.018139849473201027
0.000015803333666430376,0.01812563797901987
0.00001443397503824624,0.018139379882048976
0.000020287953685652592,0.01810602253903122
0.000011059017186816296,0.018138918577592436
3.346980461133392e-7,0.018153863077855194
6.339394312511828e-8,0.018140050189402804
7.624706810785085e-7,0.018069283234537156
1.5846366992297138e-7,0.018074748683643862
3.849832060791438e-8,0.01805646793648827
3.4761320776642534e-7,0.0180670490821959
5.086376228038605e-6,0.018074238101783057
2.679308425530947e-6,0.018048120105452675
6.442564456546189e-6,0.018059995020159213
0.00001258293828601358,0.018056609964026995
5.689047488701134e-8,0.018062318374281152
1.993126606288492e-7,0.01807682102467205
4.89000152089769e-7,0.018077919435029097
2.4384371621039785e-6,0.018058973102827107
5.8130604671187576e-8,0.018077089393088063
3.0200694071923747e-8,0.018077835334640708
2.1409405670557466e-7,0.018060677881032456
3.197260096155519e-6,0.01806718351727757
6.869311221343316e-7,0.01807239663683711
2.776120687689215e-6,0.018049474076281706
1.2180718160158577e-7,0.01808372273123252
5.120329879986585e-7,0.018078534275015254
7.727068203941817e-6,0.018042442509579
1.680828032477648e-7,0.018076045959500863
8.585921587984757e-6,0.018068087736897727
5.70430668372615e-6,0.01804377901521796
4.027739255126507e-8,0.01809095577858209
4.592277483482998e-6,0.01806925372180304
4.9999031885441444e-6,0.01804198973383635
4.204982626688761e-6,0.01805966183382467
3.2981224220312416e-6,0.018062949441601202
7.270237271006508e-6,0.018038741257139446
6.724730691636432e-7,0.01805704967671063
1.81028755782674e-6,0.018064204420416126
9.616851644469103e-7,0.01803932820148119
1.1417238058547544e-6,0.01805381090268663
3.589889914070409e-7,0.018062599603253304
8.838508750741873e-7,0.01803752799037147
1.4335431554441137e-7,0.01805601835564481
1.4872540507236496e-6,0.018064093821540884
3.887812926898703e-7,0.018043496215040738
2.5531317179063923e-7,0.01805772673069115
1.416274608345439e-6,0.01806662032182581
2.949588093192338e-6,0.018040913454648033
2.527511006594879e-6,0.01805714108672361
2.1231196721415794e-8,0.018063680450594748
4.651116526915691e-7,0.018039968564330638
7.230347707120009e-8,0.018085278749093523
4.312295193147465e-6,0.01806147713304029
0.00002413658096922249,0.0180162613857948
8.311943638799595e-9,0.018082983886514994
6.597021096688466e-6,0.018059405790188686
9.195243951646823e-6,0.018034299287090546
8.185427557827591e-6,0.01804594448704833
4.4079848843620666e-6,0.01806183376216964
2.531485015972312e-7,0.018066610507314645
5.537831702293304e-10,0.01807573735930034
5.566634194263361e-6,0.01808284714574553
1.1540418416226215e-6,0.018053558031851397
5.975280353234035e-6,0.01807167882516375
7.784625601616475e-8,0.018080047259014537
4.483712458985558e-6,0.018063270569657362
3.5575142101157297e-7,0.018075580154152466
5.038156602108785e-6,0.018073639613001083
1.132338149439118e-6,0.018081137361176083
1.9180322915470516e-6,0.018080735065259097
1.2066178371324518e-6,0.01806018249326198
3.2868261279716726e-6,0.018074019459048418
2.2397898100134863e-6,0.01807697600920055
2.1155733396331453e-6,0.01805883704230382
1.9819893468900155e-7,0.018080973979933305
4.701291790961307e-9,0.01809742166151569
8.066505769245663e-6,0.018064707908862478
1.558658169171922e-8,0.018121003950123515
8.359653943350163e-8,0.018068223873634704
2.4432649680095744e-7,0.01807794766648708
0.00001132238245635223,0.018064289411845992
1.7438471997314765e-7,0.018074332397940467
3.3383926894684534e-10,0.018094392131602195
1.8561081890633782e-8,0.01810078456139783
6.131063805629332e-7,0.018064110079457452
5.681993350714589e-6,0.018069206531349257
3.2946599251750136e-7,0.01804665479175754
6.300376705816847e-8,0.018063352055676166
9.241285599289905e-7,0.01806892962241446
2.829944992054208e-6,0.01805020464372762
3.913712652312857e-7,0.018060642513851775
3.691072243841676e-7,0.01806597142431325
2.425302980354019e-6,0.018046961821118628
1.0449951446271372e-6,0.018066174119145198
2.022504542855359e-6,0.018070908029398987
1.954220096672773e-6,0.018050815358356648
5.1901509113419e-7,0.01806744337473083
5.049011944981502e-7,0.01806740758067634
4.615517576010855e-6,0.018051065493747184
5.444974714608118e-7,0.018070704349511062
2.6825415159124087e-6,0.018069809549948374
1.1585227961995486e-6,0.018049796352220475
3.777594233400667e-6,0.018069104639357004
6.021505394173557e-7,0.018086945632243216
9.396208514664165e-7,0.01805400849710264
7.779844106161523e-7,0.018065340357954634
1.0018882307073465e-7,0.018098921826204956
2.2221234653076433e-7,0.018054123822724765
1.3965749590941683e-7,0.018084025838448686
2.815214128552059e-7,0.01806884222170992
1.113948711196683e-6,0.018062287131236324
2.9450001423936245e-7,7.138496253270797e-10
2.8953242829751285e-7,4.0959299638365295e-7
7.587330581749682e-7,4.266474207017911e-9
1.2452912073856347e-8,4.610836483377993e-8
9.327245197126e-8,4.167154099796612e-8
4.58431011239106e-7,8.109084650313531e-8
1.4240434205506646e-7,4.4599589768901005e-7
2.0788020331925747e-7,1.1918874692479537e-9
7.594743384112033e-8,1.2095969772685055e-9
4.106708485993076e-10,5.202638523036224e-8
1.1703723343403215e-7,2.145865638614314e-9
1.2527503073319952e-7,2.1404027400824954e-8
1.6679639775174681e-7,3.220667930663257e-7
3.3729871476971783e-8,3.8332893860494434e-11
4.710334381970695e-9,4.824646990439192e-9
6.124148353729947e-9,2.3845889120062978e-8
4.489832474755831e-8,1.1175010908098284e-9
2.875635355537858e-11,5.8634266821704375e-9
4.854614342096868e-8,2.139928157080189e-10
2.916884658173251e-8,2.2972366381787145e-10
1.8563943201561798e-7,1.6928013590741523e-7
5.063772886655206e-8,2.894005255902246e-7
1.9604421362175768e-6,3.9656230329537623e-10
3.033878907962199e-7,1.678101486133501e-7
6.154823982043067e-7,1.6647852061115883e-10
1.3329161332458353e-7,4.020498915081868e-7
1.3054487247015974e-7,2.9599275396696956e-7
3.9103764998196115e-7,3.679031940109262e-10
4.339386254765484e-7,6.972147301306881e-10
1.9031639431264798e-7,2.1692227398854343e-7
3.9796754902585273e-7,4.681321815253526e-10
2.1525381303124862e-7,1.9830609708607447e-8
5.599661693167308e-7,2.2601795500613105e-8
5.7993077295551563e-8,8.140050279495415e-8
5.706740916434699e-10,1.8194670205065348e-7
2.1962410814415278e-7,9.690389036514942e-12
3.8411854520287677e-7,1.7369647415927133e-7
2.1508424043752393e-7,1.0347874807038597e-7
1.5114803908923953e-7,2.627724723071706e-10
4.934335108966063e-7,4.135455565113124e-11
2.2477766599976054e-7,3.9741224232190576e-7
5.519447350505321e-7,1.7184448960038868e-10
5.363976805853546e-8,5.8024847328605564e-8
2.7994135817779143e-7,2.1667946511595e-7
3.6902674531163884e-7,2.8606810873010874e-10
5.8620768623185285e-8,1.1528146266962474e-7
1.2662903020095011e-7,4.21971773196984e-8
1.1324123934291976e-8,5.796756194644818e-8
5.458932030892583e-8,1.6007024816856483e-7
1.0503268566066874e-7,1.0915127805679451e-7
7.208269569178972e-8,5.264700612979399e-8
9.138872070909168e-8,9.087495185399983e-8
7.94012851626638e-8,7.048478049440929e-8
2.6836991008100527e-6,1.203571157003879e-7
2.452060335698903e-7,2.6916222898311725e-8
1.9440575101018589e-7,5.706423757473058e-7
5.98690389680351e-8,7.573342715189256e-9
2.2386580132489454e-10,1.1397034522915627e-7
5.475750463165302e-8,8.32781576201286e-11
3.842894614691753e-8,8.740534458232022e-9
3.123189800889204e-8,5.791231681286305e-11
1.3952504216681765e-7,2.219972571717892e-9
6.984650844444732e-9,4.991885014365577e-9
2.9742231917481455e-8,1.0556222943779194e-10
4.981519995379914e-10,2.5772303353096005e-8
1.796873691322012e-9,3.0899126407845083e-9
1.911149640297959e-6,6.364466891545371e-10
2.8767280698344516e-7,6.719084701256782e-7
4.349960510448154e-7,9.39675284051563e-10
5.031800057591045e-7,5.205144838235625e-7
7.914467129880991e-7,2.567691366124488e-7
4.5476636560004617e-7,7.526534565020424e-11
1.5683368533569674e-7,3.6985213060460284e-7
6.505792259686229e-7,6.492869001578704e-7
1.3944519824549592e-6,1.1896583016896445e-10
3.113051293207625e-7,1.0309517699893964e-7
5.119873956754154e-7,1.2277527404538114e-7
9.423647142533134e-7,3.707012508700004e-7
4.819005497200047e-9,3.145103093468039e-7
8.844438566821132e-8,7.527641612244034e-8
1.1896161339887212e-6,6.109222365035848e-10
1.3584391725102696e-9,1.4495708576651223e-7
3.0915819573181684e-7,1.0872129952905687e-9
5.424712787752537e-8,5.877847732122281e-7
1.0258118378053973e-9,7.38709715802081e-8
3.0885441087577084e-7,8.69650701833947e-10
4.224249352037255e-8,9.529157917505434e-8
1.1603756247044188e-7,7.797317863416188e-8
1.0445292587612766e-7,3.005585596407794e-8
5.205090267104242e-7,3.11635897091953e-8
1.1249364037463975e-7,4.8590952255017744e-8
1.6445663536940826e-9,2.0846999228443547e-7
1.761938455573468e-7,9.731694871614631e-8
6.587236835630849e-10,0.025628315294330833
3.845385542113604e-7,0.025674357816271504
4.817084106351389e-7,0.02562841987158864
1.0083995459552773e-6,0.02567445965502425
4.809129096019474e-7,0.025662161112379553
9.103348592496794e-8,0.025617239759393527
3.2752196196058457e-9,0.025745132739518693
1.451101739968097e-6,0.02563135014516988
1.8401582871947748e-6,0.025677804835670327
4.8840905415643355e-8,0.025626773089546733
4.163924654703697e-9,0.025631380144686206
1.4120077561513423e-7,0.025677832933802294
7.492453099547683e-9,0.025626771451166958
4.257923662384891e-8,0.025681696312897417
1.1914940395918246e-7,0.02569998777447363
3.062792015272564e-6,0.025626190500481014
8.765682505432642e-8,0.02563140091119538
2.0838760612529055e-7,0.025677795787171876
2.581607157686413e-8,0.02562678144876247
2.465477325146277e-8,0.025631413406908467
2.796536622835589e-8,0.025677922286650917
1.6978300901384924e-7,0.025688543996220923
4.846779276331226e-9,0.025631411114304413
2.276307043807382e-6,0.025700959470631692
2.9828046535784266e-7,0.025476129279364827
2.244745971402154e-7,0.02548082768702723
2.6368551885285047e-7,0.025469853082034605
2.1328647070593905e-8,0.02547621756877714
5.322193504292803e-9,0.02548099338536934
8.764736392276999e-8,0.025476446729602167
2.1719269313662308e-7,0.025480412648116894
9.576827645468786e-9,0.025469587225181462
1.580374446988887e-7,0.02548172562280072
7.712380128460158e-8,0.025486220535356825
5.3309491448414794e-8,0.02547538572007867
9.057794978366282e-9,0.0254817305221681
5.09142784521636e-10,0.025486230088207284
0.000015592969332044715,0.025475378602449632
2.369634467537355e-7,0.02548172720577143
1.220411488859899e-6,0.025486185714391183
1.0971937749531794e-7,0.0254754407459289
2.931558276723868e-8,0.02548177153088489
5.43413645498616e-8,0.02548624778514479
5.7990344615169036e-8,0.025475445736488155
2.0396593335200874e-8,0.025481779550847225
1.8474956153656062e-8,0.0254862570886298
1.1160442537170444e-8,0.025475473717629205
5.034386169779568e-9,0.025481782121565752
3.4118339035140433e-7,0.02548623326849734
9.923060659507834e-7,0.02547547983701302
2.7395481303142264e-6,0.02545886216709432
6.38710643217148e-7,0.02546308367695702
7.849028983452504e-7,0.025452512357711975
1.7438229441984756e-6,0.025458747955896595
1.7383657723866408e-7,0.02546316337872992
4.936715675027582e-7,0.025452635760622965
1.0073689753974594e-8,0.02545901219101374
5.672913472888239e-9,0.02546362724080274
8.606710229008258e-7,0.02545244159732601
1.2739433437002641e-6,0.025464761660133877
9.634116721316787e-8,0.025469046987565195
7.735332586799228e-9,0.025458353508214987
4.435702105511077e-8,0.025464673353599056
6.614934813705497e-8,0.02546924845525155
1.2986855790028066e-8,0.02545835807164293
1.2628190891072031e-8,0.025464645159760126
9.974021759931706e-9,0.02546905758996522
1.8997289902292757e-7,0.0254583546617305
5.423725857671677e-9,0.025464715289964666
1.1634819726321122e-8,0.025469157244198907
5.8406796177808275e-9,0.0254584159340769
2.157189164819679e-8,0.025464696928790824
6.390762427539567e-8,0.025469167052003965
9.814371859836204e-8,0.025458438952443995
8.24739941565384e-9,0.025464696514415495
1.3124381727610511e-8,0.025469139233567247
3.116755778671845e-8,0.02545838593820197
3.69957924625429e-7,0.025495903311717874
2.886681574374451e-7,0.02550046116931938
1.6992719378636684e-6,0.025489575821579968
9.37858327378559e-7,0.025496037613335146
3.262074149691354e-7,0.02550011094346939
1.6531145928462458e-7,0.025495895220420485
2.7956271216471736e-9,0.02549999824821573
1.0905468514744037e-6,0.025489626047353723
1.0793185363302852e-7,0.025501573061519033
4.113973916699954e-7,0.025501482844741127
4.1810135123910337e-7,0.025506083219230334
1.349785729223586e-7,0.025501571438399796
1.7229757504574272e-8,0.025506085736779795
8.59627923632514e-7,0.025685826069703748
5.515378600146882e-8,0.02550161698461036
1.4880399104827983e-8,0.025689262580389907
2.530501904927741e-8,0.025501623571939937
1.2072337996486321e-8,0.02550611754934332
1.867908817842674e-8,0.025495393007026784
3.0532301491616445e-8,0.02550162525019705
1.0924798108617767e-7,0.02550610365526053
1.2169067112028379e-7,0.02549541980431238
1.3447534243164645e-6,0.025477565722520887
8.213321030164653e-7,0.0254819426147243
2.2903528885665487e-7,0.025471458300283377
7.551475650256876e-7,0.02547716655217871
9.058039662095373e-8,0.02548202006064875
4.021391609452428e-6,0.025471261812018683
9.767377947511613e-7,0.025477508999921447
2.2932695852792226e-7,0.02548228344371975
9.780850714411355e-8,0.025471189841843992
1.903173127040279e-9,0.025483626363183902
4.791367988834486e-6,0.025706855891118496
3.184509548186577e-7,0.025477398461781875
1.2471731916615632e-6,0.02548361451620232
1.7709805813147433e-6,0.025674587243948305
6.54640222687565e-8,0.025477413636947378
4.142266271649314e-8,0.02548359654053651
1.4778312798321062e-7,0.025488113180315748
7.480358255109939e-8,0.02547738011298375
3.251324884547844e-9,0.025483646221091484
2.0012437528147192e-7,0.025488094300240526
2.4494141186839253e-7,0.025477469033037766
2.4983064878470287e-8,0.025483653714260875
4.95143448164072e-9,0.02548816441416651
2.261393228115122e-7,0.02547744516130969
1.843148608575406e-8,0.025483645361517555
1.4298673077341436e-9,0.025673377505036885
2.484580668932035e-9,0.02547742896200385
6.73254992405507e-7,0.019928721353113823
4.479450574329533e-6,0.019929054725451225
1.2899446722741507e-6,0.019926122111501535
3.1491687501471705e-7,0.019932178257537982
5.717311921405386e-6,0.019930078178224
1.9079812232009246e-6,0.01992225216405799
0.00001021670694113418,0.019928812879911332
2.61898159405423e-7,0.019930608533689158
2.2111971062629347e-6,0.019922696464518382
3.0343770064455363e-6,0.01993099375826307
2.2027961642672787e-8,0.019933438442017858
4.170596903239918e-7,0.019927644020895675
1.7030982021187736e-6,0.01993280515667902
6.007244225033357e-7,0.01993486248786073
1.2605994226286787e-7,0.019927442000332134
1.6854697899565164e-6,0.019933953394872157
4.500562079856837e-8,0.019932524479532674
2.265458181435615e-7,0.019931192237180595
1.0977719875785117e-8,0.019938327839912746
0.000022089692545462948,0.019905433953117207
1.7874472302889412e-6,0.01992544430210039
3.740537043730486e-6,0.019924966364705834
2.562332027538406e-6,0.019953117216740777
4.61891829557173e-7,0.019928604592958164
2.784666374403856e-9,0.01994000442925019
4.905793957419766e-6,0.019928316169907836
4.249423777210134e-6,0.019923472309194508
5.945832723370366e-7,0.01995632074386989
1.8106783413386053e-7,0.01995926828288449
1.464560269804624e-9,0.019972067967579134
1.1053444166074207e-6,0.01995957215249427
6.702742089937056e-9,0.019966085240641113
1.2193101716909362e-9,0.019958672421286707
3.344579405664178e-6,0.019957402382816784
1.8339549103764687e-7,0.019974025465796352
9.866068347222256e-7,0.019976908164989354
2.783904186173225e-9,0.019937789047386873
1.2557819101354445e-6,0.019938903618893274
1.9762946860473145e-7,0.019932348164375644
6.629274515347438e-6,0.019933721204625252
0.000010611141697903643,0.019938544859002406
2.2552876223026902e-7,0.019934193707977655
1.2663353986295809e-6,0.019934711169327355
1.0413325149058938e-6,0.019939026094989532
7.102470970068342e-7,0.019930156530788928
2.8567694131445142e-6,0.019939335861539495
1.5779287342323852e-6,0.019942613183318098
8.46704370083123e-7,0.01993482738995358
2.958790467984462e-7,0.019942685714443124
1.180122766909698e-6,0.019938401634068816
2.262376942499967e-8,0.01994163117486166
9.448814073474879e-7,0.01994833780013209
1.5824335962947703e-8,0.019940959782547178
1.5059087071312104e-7,0.020052688745372742
1.7179916032689112e-6,0.019950402897383434
7.624314896887518e-6,0.019927415687763836
1.988608363375601e-6,0.01995132132665327
1.6020272787958837e-6,0.01995321061896306
2.3740497194075026e-6,0.019938431841240428
1.782003902009529e-6,0.019942126158556
5.2714110619787434e-6,0.01993551680390815
3.2146959772273965e-7,7.488750963903663e-7
4.5466545781587025e-7,3.3333333078790073e-9
2.2990815030518694e-6,1.91446147419361e-9
9.079725930387885e-7,4.711599197393333e-7
4.005250041861268e-7,8.814198084540435e-7
4.756062054022655e-7,7.214850432277908e-7
3.3650478661898995e-7,1.6595021353263134e-7
2.257986222777882e-7,6.365077123991369e-9
8.780697723670575e-8,7.27776847126802e-8
1.245362321955995e-7,1.0165167977012327e-7
1.712588599040854e-7,2.5392956395000216e-9
2.930696319626239e-7,1.02011164381417e-8
1.9772235771530683e-7,1.7894066305160422e-7
1.235467535567073e-6,1.1542965296373222e-8
6.884736101074536e-10,4.45417645688894e-8
6.461810263784638e-6,3.8037761133213917e-8
2.076677815073615e-8,2.9387205151340205e-9
2.809027212953026e-7,1.8389887444034085e-8
3.837532975541527e-8,1.081028030904721e-8
1.7472176528643184e-8,3.692622031358226e-8
3.109895959621854e-6,1.6887836440707268e-8
5.076179155469675e-7,7.081598851563275e-8
6.130673259549685e-7,7.507977468959006e-8
7.700359397076456e-7,3.272249672691959e-8
1.7727584105199285e-7,4.5225226866823717e-7
1.7759166900603951e-7,1.5955107055015485e-7
1.2530643182298523e-7,6.362314596369412e-7
2.9130872798324947e-7,4.639704135549633e-9
7.630330128180628e-7,4.481684713866622e-9
2.923812574475134e-7,5.1657986076731246e-8
1.2396284749667512e-10,0.01983274122591735
2.6071627198364032e-8,0.019833800919409703
1.0208973098511616e-7,0.019833286773079505
6.5824856331679674e-6,0.019841094250841598
1.967591660835313e-6,0.019841378237846936
3.183710271733037e-6,0.019781945673598037
9.916908133156468e-8,0.019828310124805158
4.468845942152658e-6,0.019841140552822534
4.4368660057918194e-7,0.01984247107612345
5.016301891373905e-7,0.019842444552180098
1.0728817071976877e-6,0.019842490852845462
1.5456560341986833e-7,0.019842459909416268
2.7028965508528953e-7,0.01984246913015738
7.1968234443003325e-9,0.019830348151666215
5.311168771672339e-8,0.019842453445419326
5.410483031941095e-7,0.019835122978409864
8.303710837950205e-8,0.019835616879084663
1.6090947317827012e-7,0.019834897889292172
7.492256841783908e-9,0.019836577253646043
2.5591200406169985e-8,0.019836562503928765
3.378139680141977e-8,0.01983651085120725
7.231975586696774e-8,0.019836550139916587
3.398446706329073e-8,0.019836502024163576
2.774676000400508e-8,0.019836593555444933
2.832491518322223e-7,0.017596549948249347
2.0839758669428333e-7,0.017564057395897618
3.835578186030323e-6,0.017526026763487582
1.338957750183832e-7,0.01755358368159818
2.944303164073612e-6,0.017541874505837184
2.6629449528891355e-7,0.01755167316694833
4.000037039772631e-7,0.017559261678536574
1.931299607895615e-10,0.017564633788527007
2.5172850474195347e-6,0.017549976844627058
2.3237329300725673e-7,1.874050751902927e-9
2.9319677883770115e-7,1.0062242545037502e-7
5.337981074425098e-7,4.771280300043165e-10
3.8022717597991006e-7,6.798574911866119e-9
3.533425481075363e-7,2.0628942728750584e-7
1.01552661257236e-6,1.5659834505783383e-10
1.1079684623717048e-7,1.5185974088567224e-8
9.253853603740908e-7,5.072605941371547e-9
1.4457537725809785e-7,2.393309501023885e-8
1.9388265881456794e-7,5.248458693414374e-8
2.6565925067227924e-7,1.4722486901062444e-7
3.379496349489018e-7,4.2887402850528276e-8
5.626250243574971e-7,7.281199490705206e-8
2.3546277508460676e-7,2.3840612752076214e-7
4.4595920585847687e-7,3.8097788070403274e-9
6.735365349407281e-7,6.158626684291132e-7
7.334737491452008e-7,9.590300723748914e-7
9.605811356920118e-7,8.879690501633434e-7
2.5535725444079803e-8,3.217724263732597e-9
1.4344984896191974e-8,1.359512470857936e-8
6.889781385772004e-8,6.689706170204996e-8
3.0123043788230094e-9,7.913393176361828e-8
1.0756654053993049e-8,6.2949880843657e-8
2.3236103740740722e-8,3.729642248160406e-8
1.0022749915545914e-8,7.150463674776575e-8
5.543404995452725e-10,1.2355260510082463e-9
1.3824714979625823e-9,4.21048491886864e-8
3.176434725559871e-8,8.418093172181865e-8
7.496265651569483e-7,4.453236630876714e-7
4.7363838042296516e-7,2.7531667496058878e-8
2.8480117072792457e-7,3.0422652934309215e-7
1.701401935252792e-7,1.1787082174369247e-6
7.914857764863927e-10,5.224219106428353e-7
3.8621659873697055e-8,1.5067330425810363e-6
2.5140966784833935e-6,1.79031911404799e-8
3.030559451728925e-7,6.463793149810788e-8
5.185077312372645e-7,1.8461375298952405e-7
3.5304406501660684e-7,2.712463287839539e-7
7.352510659175872e-7,2.78770147328e-7
3.7995163983946856e-8,4.90244966551745e-7
2.9938588030760104e-7,2.346457484077875e-10
3.752957772803926e-7,5.139810234263851e-7
4.505120704253555e-8,4.106164433914724e-7
3.2995945477839925e-7,1.2688712219646983e-7
7.615589693439181e-7,6.157266704099685e-7
2.9536207004629482e-8,3.277328191623063e-7
4.638804039737464e-7,1.948245908721629e-11
3.4469749874868415e-7,9.41366452691486e-9
4.545548959850614e-7,4.5699615348737916e-8
7.455294653126957e-8,2.6583359039300147e-7
1.069006004469576e-6,9.197004040438738e-8
1.1561551221453367e-7,2.591342883780561e-8
1.0529209674233549e-8,2.8361859846005355e-7
2.0338312160115905e-9,9.650021867224196e-8
1.4319716740448344e-7,7.406666788503452e-11
1.7177721465596315e-7,5.346040035416875e-7
3.950513781203987e-7,8.929207593391434e-8
3.829954138184639e-8,2.8650515728964445e-7
6.289711215759015e-7,1.048216453662975e-6
1.9252642970418194e-8,3.320156314695886e-7
1.527572079522941e-7,8.195844590975959e-10
5.470314465523103e-10,3.013128577023252e-7
5.847500351274495e-7,2.407093272412486e-8
4.045358748283206e-8,1.0442924761828908e-7
1.3720023480426353e-8,9.473395463058335e-8
6.929493447576159e-7,1.4953683688626797e-7
1.2641151545786085e-7,7.33951164606527e-8
1.4366807509309424e-7,9.178233309582232e-9
8.298974857297338e-8,7.25566765986443e-8
2.5196737629110014e-7,7.049398744335909e-7
5.03407571973597e-7,8.812436767378858e-7
6.380491244158357e-11,3.597747051747723e-7
8.347294007179778e-8,4.815018032743916e-11
1.0978310629031717e-8,4.1299874564072326e-8
5.5341175002470536e-8,9.803109106727627e-9
2.1752371937775202e-7,2.0854965338254923e-9
4.127870570892025e-8,2.8492497333679887e-10
1.2278523335731552e-7,2.7203043373253038e-8
4.432188970749097e-9,4.3793372064709366e-8
7.333839909669579e-9,3.215660321441845e-8
3.49019334971081e-10,1.29314342261939e-8
4.5787138884558597e-7,3.984486474102064e-8
2.377066368875806e-7,7.856045600625952e-10
4.92498965670133e-7,1.2183653573233554e-8
3.641083531158759e-10,2.3563371092319088e-7
2.1793301391309923e-7,5.797563257527404e-8
2.99725554841634e-7,7.425790932387435e-7
7.394923088291935e-7,1.4176232207084186e-7
1.0644932001319942e-7,1.4602921867701796e-6
1.23455846463728e-6,5.7699344469289906e-8
3.540532469752438e-8,3.3171877052960083e-7
1.349727096912501e-7,1.2410889697597125e-7
8.974054201211836e-7,5.6369240782511904e-8
5.902482181426581e-7,1.1345739427161653e-6
1.130129835231095e-8,2.3017274553909407e-7
2.848056766843127e-7,8.254388137499995e-8
7.889312023145854e-7,2.540328356846849e-7
2.387074525997928e-7,1.3176197069045293e-7
1.561177093187317e-8,2.0919451918378962e-7
3.6689623599269486e-7,4.754243895207408e-10
4.446571501321726e-9,1.4951643762480358e-7
2.2572118791663142e-7,1.4173803245317075e-8
1.7073270023608361e-7,7.943116100395168e-8
2.4789661915592092e-8,1.973003140620491e-7
1.2749444348269947e-7,1.3360450120939692e-7
1.2458655445657437e-7,2.404386852045969e-10
8.066028086481167e-8,1.308487933129276e-7
3.348246906826822e-10,0.021599017609980894
1.789812308342228e-6,0.0216064579210633
3.158976939490231e-6,0.021573914543326106
9.540154765983131e-9,0.02159908045904316
4.416886712021561e-7,0.0216065175686873
0.000010117180538485527,0.0215737646056312
1.3742513482257625e-6,0.02159883190994708
7.45004751892199e-7,0.02160639845244344
1.5044568391240752e-10,0.0215737892402516
3.597102665685863e-6,0.021607837589375053
3.4276819136532176e-6,0.021575039918787092
1.3893025684999622e-6,0.021607766800990212
7.5892899774331564e-6,0.021574572544499276
4.108122825342462e-6,0.021600390972794772
2.297289315807289e-6,0.021607799171541042
1.4387812950314483e-6,0.02157536106897159
8.243098472391157e-8,0.021607810826876933
1.1154479242761476e-7,0.021575081313933854
1.2177196683571087e-7,0.02160034641865098
5.876052691836148e-9,0.02160781395097618
3.748263808062035e-8,0.02157489803192411
2.265014307566205e-7,0.021600389135122237
3.6294295180688213e-8,0.021607807035735196
1.7832897387151766e-8,0.02157525281575976
3.463816385779491e-7,0.021555332836059968
3.6219178976148137e-7,0.02156178528156361
1.9259248140595675e-7,0.021529563858007097
9.86390379814288e-8,0.021554803413271827
1.0018813299268803e-7,0.02156217448055627
8.797759067847836e-7,0.02152943722421869
3.9752519750563413e-7,0.021554724116374813
2.8784265185776273e-7,0.021562266095916386
3.304922273048812e-8,0.021529396175583415
2.2094026727337587e-7,0.021557513933584824
1.9874624738604487e-7,0.021564846084714432
5.925683318144645e-7,0.021532151990770278
3.875761025446937e-7,0.021557036166952214
3.668244403441349e-7,0.021564859059037354
3.755688197920304e-8,0.02153250930796242
5.517040786031118e-7,0.02155742426650934
4.13101399239793e-7,0.021564826523763143
1.0773143773665543e-7,0.021532129849485274
1.8634722654928375e-8,0.021557404396032924
2.216704324829977e-9,0.021564815452597752
2.919370555737459e-8,0.021532175069011377
2.4917372335198443e-8,0.021557445292292615
3.4761324818701757e-7,0.021564863709083868
3.4254237932112543e-7,0.021532265785839284
2.4777217646847097e-8,0.021557400102108028
2.665308939670767e-8,0.021564832471533735
7.069478518611488e-7,0.021532262600808934
2.616317419739546e-7,0.021552479173085604
2.011468192938735e-7,0.0215599846782469
3.192187044964472e-7,0.021529138570806794
5.790207614803607e-7,0.021552599658030264
8.432629681554555e-8,0.021559807573468388
8.644290425652918e-7,0.021526488561462883
9.8797064428515e-7,0.021552461890364135
2.5755294996148914e-6,0.021559621048138262
1.792303489475396e-7,0.02152742672488009
3.5897107535493203e-7,0.021555485421542127
7.232698580174734e-8,0.021562823403256683
6.149189393793007e-7,0.02153004378386504
1.5835129951476467e-6,0.0215553506155571
2.288311141322041e-6,0.021562824756842895
2.937147690859912e-6,0.02153022822055626
2.983022385509357e-7,0.021555370602797403
1.0012778643527939e-6,0.021562828922248166
2.170157470866875e-7,0.02153010477422769
6.693783710919544e-8,0.021555387496759858
2.4118136181966396e-8,0.02156282689093398
1.815328629837517e-7,0.021530321455511432
5.00300525754919e-7,0.021555393787989506
3.351423655001415e-8,0.02156282316541774
8.862089480376305e-8,0.02153022578600303
2.982827792913178e-8,0.02155542100421508
7.61130131538762e-7,0.021562831815414855
2.316968457472635e-6,0.02153029799524922
6.820771308366961e-7,0.02157030740346607
3.7080343854359545e-7,0.021577939549884264
1.4702434187398522e-6,0.02154569206288829
2.3138304238490772e-9,0.021570475685574977
4.839401312955628e-7,0.021578346032270195
3.3161360911647234e-6,0.021545370663633254
1.5219655008306858e-7,0.02157037105484605
2.5785866467630597e-7,0.02157797924570533
6.355150550953966e-7,0.02154538500625435
5.1548175321240004e-8,0.021573324733187012
7.372343621144127e-7,0.02158075296437683
3.829266754632934e-6,0.021548463379431122
2.6547098084083284e-8,0.02157338025597932
9.99912741456281e-7,0.02158075677305658
6.603195310814457e-8,0.02154820340772325
7.878925638199131e-7,0.021573434845798736
4.567063394369359e-9,0.021580764210687543
3.2992829564406993e-7,0.02154819879540639
7.450218561287577e-8,0.021573403461514647
1.5391925145802705e-8,0.02158077481513084
5.082149331491979e-7,0.02154900042403472
1.808561880299954e-8,0.021573409956875057
1.6618764456530054e-7,0.021580775295685542
2.724074945239793e-7,0.02154859945183935
1.994824344619782e-8,0.0215734235488566
5.770372757951285e-8,0.021580780588208802
4.227343786684691e-7,0.021548583262648704
4.1831649714142904e-7,0.02156816441331455
4.2625609814555715e-7,0.021575527920110634
1.938915927736342e-6,0.021542574738389362
9.119231883534031e-8,0.021568099575310556
1.5995433240403867e-6,0.021575469473743128
1.9671479110222301e-7,0.021543100152561025
2.9894220747478115e-7,0.021568093930887672
7.739332323079845e-7,0.02157541132334668
3.233155174604993e-7,0.021543026647045795
6.179537447593287e-7,0.021571192517914665
1.1089803781466882e-7,0.02157858783612637
4.6760538890980434e-8,0.021546229593690847
9.367815964119464e-8,0.02157121457231824
1.497599649951403e-7,0.021578577371481673
7.009777032114866e-7,0.021546448048254462
1.592133463076414e-8,0.02157124355529819
2.435347288241173e-8,0.021578591361300803
7.925351075575596e-8,0.021546484791446618
3.2288772041403435e-7,0.02157119697761794
3.755009204335221e-8,0.02157861763398226
3.036337973871719e-7,0.021546544376346854
1.0093488214897027e-7,0.021571190491628558
3.467946094940732e-7,0.021578603635442128
4.946690017980885e-7,0.02154574835869885
1.3010711757882117e-7,0.02157122787425133
2.612043176179759e-10,0.021578609773800217
3.2385904691750743e-7,0.021545982615634847
0.000010700974942736185,0.018150465496708713
2.1322133119769523e-6,0.018152766363804435
4.120296199038917e-9,0.01813596594694413
2.121756991612954e-6,0.01815461394378666
6.856072554876079e-6,0.018151198857099742
5.5985346496604465e-6,0.01813649896799537
1.2194620553648724e-6,0.0181517979511533
9.252356276728316e-7,0.018164125700659887
6.8441614762103954e-6,0.018131117010412888
3.25042960117142e-6,0.01814550211298461
3.767819459804639e-6,0.018152707526443837
5.479417158006472e-6,0.01812696284188753
3.710150383159129e-7,0.01815032686087584
2.899269439583241e-6,0.018151136254021514
3.3307730662601356e-9,0.018139934210976493
0.000048181505425166365,0.018170730357181086
6.678272405672181e-6,0.01815959955656725
9.796828565000514e-6,0.018130005096167044
2.68999437620035e-6,0.018154848817417704
8.794862501261102e-8,0.018165341130337874
2.5606657300281384e-9,0.0181433932932635
4.074468643563082e-6,0.018148149917945933
9.873250089187242e-6,0.01814661724557733
7.07089650257123e-6,0.01812621918639092
8.95357828156188e-9,0.018179506476788263
3.972843240379321e-6,0.018144531092392807
6.438746711645885e-6,0.018133925041162614
1.00297857396774e-6,0.018064763619692722
2.2412186084324416e-7,0.018072383933814558
6.841664964786364e-7,0.018046671672818093
4.988371169658619e-7,0.01806811341852856
1.8314882114261686e-6,0.01807057751482617
3.2479235129094017e-6,0.018050744576390155
6.315565591485133e-6,0.01806087314540885
0.000010778390734224856,0.01805765107119972
2.680665901293835e-6,0.018054457858197297
3.949070038366349e-6,0.018066541028642392
2.0785849898332182e-6,0.018073555730890555
1.0576075007859855e-7,0.018055605739706455
1.0892364509652673e-8,0.018072454848837682
1.9510992803117574e-8,0.01807727974585368
4.894362574967509e-6,0.018046417225203244
3.384349595307948e-8,0.01807650511538462
6.995190202874292e-6,0.018066401095245693
5.070324448205145e-6,0.018046807912748774
0.000014000735908556296,0.0180535516035773
6.9205089259886e-6,0.01805797526886266
4.0991366148340296e-7,0.01807346068215281
4.365350440154726e-6,0.01804117575004301
2.4216735739475235e-6,0.01806852262824306
6.087436293443714e-7,0.01807821937928684
1.1327006938511522e-7,0.018070783412606917
2.7773048790827713e-6,0.018058806011213936
2.891047213099442e-6,0.018063441025651137
3.538103634009269e-6,0.018041648997567997
7.336922316898094e-7,0.01805916220028046
8.015566049688282e-7,0.018062199371155073
3.9292925954832435e-6,0.018040152076930632
1.6013625522870338e-6,0.018055940546171545
2.2061528210711817e-6,0.01803911177136386
9.52529184036457e-7,0.018059453378681863
1.7182309658431113e-6,0.018062892018547154
3.2035830438812778e-6,0.01804101351027782
1.986696344472228e-6,0.018057347922509032
6.488632210708837e-7,0.018061900310848925
4.5823990379578187e-7,0.018042669873898638
1.2318186468446239e-6,0.018062934386419857
2.5527697640558842e-6,0.018068406358646556
5.538289527956519e-8,0.018043816718845886
7.176929129719982e-7,0.018077056255665417
0.000010493533520800543,0.018046572226562786
4.187048315972995e-6,0.01803678016114497
1.4063093032753083e-6,0.018077137230276364
3.51691549351562e-7,0.01807042373075774
1.699067225592123e-8,0.01803928049528579
3.302934211445518e-6,0.01805306928790524
1.595325193567331e-7,0.018065449184227807
1.5747084003453477e-7,0.01805375898396206
6.752072276227381e-8,0.018080810749474683
1.3105682450663817e-6,0.018078534582205565
8.189768430131237e-6,0.018053196052906187
4.157477713084769e-6,0.018071288260687508
7.557040498786076e-7,0.018082431785070897
1.4562929306208373e-9,0.018068796613898777
0.000014273608471606712,0.018053011482697393
6.35169862173361e-7,0.018099698523881408
2.6731071619637986e-7,0.018068553960857145
2.108542818961263e-6,0.018074649388715436
1.9618950279361773e-6,0.018081834840287254
7.763810355071167e-6,0.018050699526493182
4.634395314545204e-6,0.018070378332173332
4.450555153465024e-6,0.018074503722756752
6.452862946729952e-7,0.018059167617885664
4.166899716516697e-6,0.01808252910791476
2.6175934578093234e-7,0.01809372817933883
3.0574238984291507e-6,0.018061355738840396
8.226375914280414e-10,0.01808287003051855
4.945811830979207e-7,0.018090366206379185
7.106290509611108e-10,0.01807389992804331
5.867883257817759e-6,0.018074502331475253
2.9322044214360317e-6,0.018079575725633127
8.296888014498576e-8,0.01807401384799592
4.683359188403129e-7,0.018074561305273008
4.724084860894688e-7,0.01808174914396248
0.000017569450100401826,0.018035359431771685
5.763756576175963e-7,0.018047308241703253
2.6531298957790176e-7,0.018062511419149045
3.99492683340223e-6,0.018048105932827355
0.000013453096485705672,0.01806338726879347
0.00002452990545302827,0.018047549810879946
1.5395416719344808e-7,0.01805043039289314
5.54615940746305e-9,0.018066459037977694
1.615619880796916e-6,0.01806645506525989
3.1943377750529946e-6,0.01804210342794247
1.7476408854270761e-6,0.01808456369368571
4.05533041711971e-6,0.018059592806261855
3.765074830973168e-6,0.01806123332087573
3.0007920922916697e-6,0.018049122877641995
0.000010895740686051565,1.9393936094522356e-9
2.1256399114243676e-7,3.0913546986397837e-7
3.440013284225308e-7,3.5183378688374305e-7
8.10325149979213e-7,7.08732866355277e-7
1.710522107889088e-7,6.72383032257488e-9
3.3000561162710104e-7,1.501564800640109e-7
1.0975129126348856e-6,1.0386164778461097e-6
3.5640070427411767e-6,1.4357095075468465e-9
5.957005640737249e-6,6.675843130163377e-7
2.406384089125187e-6,1.1962855700924194e-8
1.7388516524761342e-7,2.989210553743581e-10
5.939999554728704e-9,1.1408629896676905e-8
1.5670456076733547e-6,8.708508521498174e-11
4.055088621951434e-7,2.1501610107891868e-10
6.922879096549528e-7,3.48684335462692e-10
8.852389399381337e-8,2.863429828168493e-10
7.789285164690658e-7,8.197451956714922e-7
5.154486058843904e-7,5.039645846038273e-7
9.31673489372733e-7,5.859992704683097e-7
5.1286675994214914e-8,1.8487361238758204e-7
2.4019995480894197e-7,6.104147288853865e-10
1.7789511774513e-7,7.634374591044342e-9
1.8468527663820293e-8,2.40618028161747e-7
6.54604299561286e-8,7.692226315931717e-10
1.5572830940688065e-7,3.817823513736317e-9
4.218895602017707e-6,1.3395519525729625e-9
2.746570010293189e-7,2.903649506070341e-9
7.991826701659486e-7,4.7473952000115057e-7
9.633142626897357e-8,8.27253395267031e-7
2.153704654998704e-9,3.276506522613516e-10
4.629677770873003e-9,1.6677588335160468e-7
8.496085904136728e-9,9.813430902296548e-9
4.723674202485551e-9,6.439291423791805e-8
1.76552681892492e-9,8.570781045018631e-8
2.6831044190760645e-8,3.3577715050616085e-8
2.13359575162799e-8,1.685270632268614e-11
6.270689674277983e-8,5.587377574763711e-11
1.5778466282373137e-8,1.6367147343684293e-10
5.136234655293404e-7,3.422468283941139e-8
2.2490091756567796e-7,1.2919071786459055e-6
7.994913949515542e-8,2.902657389705285e-7
4.5676071068669316e-8,8.199321339923011e-7
3.1207278180302873e-7,3.0175516844997685e-7
9.569166777788234e-7,2.5544285251800314e-7
3.2268779439623437e-7,4.4727299661820024e-7
1.8001146289272205e-6,1.2528798435424381e-8
2.9817152457307374e-7,6.298337040431533e-7
2.3856283996537453e-7,3.734535129951543e-7
9.259779131404317e-8,3.6564907147090856e-7
1.5268169766154687e-7,1.563529107852054e-7
1.5257427762555728e-7,2.963620883800823e-7
4.578603581624983e-7,1.377472775887321e-7
3.3843502685464964e-7,2.393132342203881e-8
5.619955839078394e-7,3.326304951721438e-7
5.58737644567846e-7,5.088491767728405e-9
1.4014628458034975e-7,8.934148886062165e-8
6.236770939664054e-8,2.6179712256626087e-7
3.7360760791890054e-7,1.5891337531249964e-8
2.0786495541150744e-7,2.1280557228383565e-7
2.910726976731108e-8,2.624717973284809e-7
1.512505423312924e-7,2.0356210504637086e-7
2.0921673771661373e-7,8.896303578668167e-11
1.3983524560486734e-7,6.434661923653688e-10
1.2319462533924075e-7,2.3124867206839688e-9
1.7868213990958986e-7,5.742785650275203e-7
2.3639082733260998e-7,1.847271636262299e-7
2.3469659341386412e-7,8.616245804149278e-9
9.259675035913475e-8,3.1738363444566993e-7
1.9186146843111923e-7,1.3776070715310354e-7
3.984464419009557e-7,8.471906136863873e-8
2.5108788431759248e-8,6.314371811790931e-8
2.6791612356021515e-7,1.9285560560015025e-7
4.2537480658495414e-7,8.740093607360234e-11
1.8619269454327675e-7,1.645654910386432e-8
3.385301467618321e-7,8.966611042774709e-10
9.261002286771406e-7,3.587795546754411e-9
2.411658018085049e-7,5.257949034189562e-8
5.893480160682143e-8,1.319567394261964e-7
1.4673791677939023e-7,5.662495890018276e-11
3.255702100816476e-7,1.427031605535741e-6
8.028543205285847e-7,4.893196756171958e-7
1.204344161850587e-6,1.0612729888741314e-6
4.188342296004275e-8,7.406073524474019e-14
1.7992201887937026e-9,2.258013246902741e-8
4.445165801724472e-9,1.056843228814154e-7
2.42896870568383e-8,2.61424857716836e-9
1.0138071169081627e-8,1.246812044533339e-7
3.126251332769381e-8,4.3809602073511884e-8
2.099344679145699e-8,1.5297157671898795e-8
3.7068211701636174e-10,4.9659999161011936e-8
2.3662589406927465e-7,9.058263657580016e-9
4.998752269161817e-6,1.2050090323162686e-8
2.4084143925645496e-7,7.332121951711077e-7
5.458106281111213e-7,1.0926263145939849e-7
5.602898137823526e-9,1.4167866382084446e-8
3.5182789006237624e-8,4.85132220403382e-7
1.626667798799552e-6,4.660536709160507e-10
2.9099411937366364e-10,1.5253047575255336e-6
2.711097972274527e-7,4.021584194987491e-7
8.540901957622677e-7,1.1635538462080792e-6
3.5205144164581987e-7,3.1772112764011135e-7
5.011690427676544e-7,1.0923325590011697e-7
5.708127619474199e-7,8.87986966793303e-7
1.6180368913699288e-7,6.709210689621519e-7
4.446390690558837e-7,5.123457377458568e-7
1.5351745290848353e-7,4.1097515904726773e-7
4.941879091712348e-7,2.4841474895358017e-7
2.464742106973126e-7,2.3082271115701525e-7
1.2122511294503462e-7,1.7028683884566445e-7
1.65640291964396e-7,2.214187168236934e-10
8.583103945465021e-9,2.483324244524307e-7
7.324708609333275e-8,5.842154285367958e-8
3.95041744909569e-7,9.86995398005856e-8
3.7585683217378816e-7,9.650635021258782e-8
1.211778208800028e-6,9.199543252092181e-8
1.292796983224465e-8,8.577784518474148e-8
1.8655510986033257e-7,5.22947128275972e-9
6.439438584829734e-8,1.1392949496160911e-7
2.0630712020421216e-7,0.02562386229727915
2.3678973359688752e-7,0.025628302202642183
4.43389962261783e-7,0.025617694878344765
4.694883232950626e-7,0.025623712549101174
2.232587742514276e-7,0.025628232083161073
4.4902235647670003e-7,0.025617606441330276
8.44259884048754e-7,0.0256239159098888
6.070813195322622e-7,0.02562833690932695
1.995559780723092e-8,0.025617464568297988
6.040908757103578e-9,0.025626912180289247
6.829034903827561e-10,0.025631485867107652
2.9508089153554673e-8,0.025620639148685637
7.069436025032768e-9,0.02562689795145048
4.812527370789632e-7,0.02563147643549298
0.000017513217112700302,0.02562067083265262
3.3240874820601154e-9,0.025626903826446574
5.365226681589266e-9,0.02563144890643588
2.6017099349139492e-6,0.02562062547291479
5.034779705008519e-8,0.025626918809622465
6.058811695415291e-8,0.02563150799618926
3.7987231543203077e-6,0.025620701746071495
7.1820454720945325e-9,0.025626932802522772
1.935082356758648e-8,0.025631510471201553
8.182329571512086e-7,0.025620691473670392
1.4527754759190534e-6,0.02562692530146885
2.774043725873953e-8,0.02563150787147803
5.038907558922504e-6,0.02562067759953801
9.328863030709369e-8,0.02547638666969333
1.0649623922878121e-7,0.025480754004220552
3.514845171315311e-7,0.025470078916963974
3.4527233419299536e-7,0.025476171249486264
7.78586640170847e-9,0.025480786497360977
4.7409114558385845e-8,0.025470140476079515
4.957103736000635e-7,0.02547664967998238
4.290302532656868e-7,0.025481276068437832
2.0199397097846062e-7,0.025470084917895337
9.359949709821285e-7,0.025481892738628033
7.965059378543357e-7,0.025486363694075562
9.643502561497656e-7,0.025475584670062425
3.3230011070078197e-7,0.025481883390357788
1.396021119373035e-8,0.02548632370175651
2.850825823627449e-8,0.025475537083173856
4.7067918814650006e-8,0.025481877386428355
7.909913510198974e-7,0.025486307631966958
2.1331048654349e-6,0.025475554960938472
4.990762159875176e-8,0.025481935112263675
2.292253197384172e-8,0.025486420702580104
3.5579748483171585e-8,0.02547563912548052
2.744078829639033e-8,0.025481952416268223
6.883310705769158e-8,0.025486411361674476
4.161002513992948e-7,0.025481928195321094
2.5282117887198954e-8,0.02548638732022727
1.708458764729154e-8,0.02547561132533285
3.6818184904206433e-6,0.025458974458251155
6.788101620908686e-7,0.02546341191911493
4.856779836820548e-7,0.025452690147053345
9.950008079644168e-9,0.025459190270078327
1.7926281496279384e-7,0.02546350804235923
5.9983163438297936e-9,0.025452800825372858
1.0225654582718169e-7,0.025459011383325323
1.1722498085334093e-7,0.02546347913820465
9.964808548114633e-8,0.025453093063937324
1.9681130259371322e-6,0.025464753436387485
1.3431782598357177e-7,0.025469120423841925
1.7371842874553729e-6,0.025458470152897653
1.0582166988094089e-7,0.025464766116571842
2.0308091216706085e-7,0.025469316919896328
1.587051400814287e-7,0.02545847800553765
1.946825849350783e-7,0.025464745615627903
1.7349169538079656e-7,0.025469206359841758
7.8858711106264e-8,0.025458447707642502
1.1706430037450598e-7,0.025464816005586886
9.254505206209097e-8,0.02546923888940633
5.926083492101777e-7,0.025458445787751662
1.9228087473724773e-6,0.02546479578391887
1.0940592594483604e-7,0.025469268807904163
1.9417850242639993e-9,0.025458509763474767
1.2801534516305182e-8,0.025464814416498137
7.68242078387515e-8,0.025469242425150838
7.728931949309277e-7,0.025496137340819597
2.2639540590598538e-7,0.025496070636132843
2.2164072945503273e-7,0.02549574710180823
6.215763621234075e-7,0.025501729549988725
6.102294637200231e-9,0.025501743409747764
4.700787307694857e-7,0.02550173393945471
6.047595433466634e-10,0.025501796520263725
1.871964172078055e-8,0.025501783191847305
2.4233742647948515e-7,0.02547776413569874
1.7783888985430048e-6,0.025471663693986193
5.746030643510862e-6,0.025477882315116027
2.09832843064556e-6,0.0254716977026553
1.0313550306082246e-6,0.02547775881892102
1.1906874212017557e-6,0.025471474146991604
7.900300029531993e-7,0.025483731466816695
1.5602433095250486e-6,0.025477493478266146
1.133125092967576e-8,0.02548371161120771
1.3148697873479668e-7,0.0254775287110076
1.1000623683205565e-7,0.02548370948600292
1.4796401212918665e-6,0.02547753204689205
7.17352964261328e-7,0.025483750672303237
1.4080359788452256e-6,0.025477537679352465
2.712136654624581e-8,0.025483762878721703
3.2367072490276447e-9,0.025477560624227572
7.37463974749885e-8,0.02548375911195846
6.694332343136415e-8,0.025477536941540223
8.212044710831987e-7,0.019948311283863845
8.253251558597673e-6,0.01994550206109709
4.908096105259793e-7,0.01994956569395922
7.936535868527111e-7,0.019951601219927298
5.499595655688564e-6,0.019948332645191153
4.62913345350943e-7,0.019954779469564102
1.0397097343856752e-6,0.01997630080040351
1.4987109713272582e-6,0.01994736706099924
1.0196928750133315e-6,0.019951787285989068
2.012798694039442e-7,0.01994881200398982
4.922137141308268e-7,0.019959793512059884
1.7917530044952595e-6,0.019946106768142815
6.225756906847945e-7,0.01995925322324851
1.7120050182924653e-6,0.019949216098351187
2.890635890851607e-6,0.019945920461839947
0.0000203155301659772,0.01992673664272162
9.94375957635956e-6,0.019937266944882126
1.9596953794221503e-8,0.019962428489451994
8.108735029365776e-10,0.019956877330661735
8.922948356171182e-8,0.019964352549978654
4.740093427919817e-6,0.020042707793935306
1.4000903150323692e-6,0.019927075511775253
6.285221631537184e-6,0.019928849016678202
3.189209667286726e-6,0.019928032738235412
9.898538975689529e-7,0.019932862132537983
2.420704601907812e-7,0.019930794832023865
5.722977380535654e-7,0.019933232715612526
6.297206269833975e-7,0.019929013270198786
2.1586277379627953e-6,0.019928337883175343
2.3904210082934003e-6,0.019933598014163077
1.1312462731804228e-6,0.0199298321655537
6.329107407579364e-7,0.019939071656363654
2.7473138149598555e-6,0.019936586601044182
5.370614539374825e-6,0.01991729602634497
1.5942513134467777e-6,0.020031775956720822
9.609003746078855e-7,0.019935920092868705
0.000010569513596822444,0.0199528405289796
5.1519251793221424e-6,0.01995936227525191
7.882874682442806e-7,0.01995780376059497
1.3797583774939513e-6,0.019953624745615673
1.135304409952394e-6,0.019958554133974394
1.5678226000613627e-6,0.01995189846521022
2.6030815145343916e-8,0.01997178133220495
5.834867018001909e-6,0.0199488190051207
4.8528234368024056e-6,0.019949674769974685
5.253576772104417e-8,0.019958416765465562
5.410037577669522e-10,0.01996682482574645
2.298963297088856e-6,0.019953411012420905
2.0167570464169616e-8,0.019959479587692203
2.304497243220344e-6,0.019956604197627455
0.000010734974467003025,0.01994793339303878
3.9402441514514674e-6,0.019949042350287657
2.4875636909212994e-6,0.019961501705000783
2.0428628364716494e-6,0.019954263457554414
8.703184722690457e-6,0.01994763580320098
0.000010055196666766622,0.019946874917201003
1.478618344681666e-7,0.019960397216813978
7.8981507507113e-6,0.019946199498080228
4.1107087185369266e-7,0.019960978101456993
1.0087110473428189e-7,0.019970359800739197
8.539608907293479e-8,0.019962071555121898
1.5610472762844063e-6,0.019985539323706687
6.430601910922981e-6,0.019944856291886887
6.380735588392804e-6,0.01993872376128833
1.834637821240249e-6,0.019940215311246377
6.712610449897633e-8,0.01993071346833954
7.067000313994309e-7,0.019935693758456153
2.778877888414219e-6,0.01994388214128085
7.546022626473298e-8,0.019932632956834773
8.527877549559593e-7,0.019937673284904967
6.706223316259058e-6,0.019942428060387093
8.428878108238298e-7,0.019931330377321567
3.920796619726935e-9,0.019938435434163296
5.013619287755897e-7,0.01994265250765549
2.7068179420744484e-6,0.019937132166188865
2.4449008037271743e-7,0.019938549842815362
4.261394281922793e-6,0.019942257880227937
3.69107821684976e-7,0.01993483938055555
6.523793995113217e-7,0.01993604216894001
1.200491734805877e-6,0.019939799172391057
1.1715285564606605e-6,0.0199336357624399
1.0438172160279282e-6,0.019933385861464207
1.855961864459744e-6,0.019939772499218147
3.882493202527338e-6,0.019938212300078396
9.445477897536903e-7,0.019963860314772843
2.886161210323662e-6,0.019942170633002746
2.805910471587638e-6,0.019931377385067117
0.000016193310781435247,0.019922652603176723
1.030241933384538e-6,0.019946739318862945
4.4955910558058596e-6,0.01993189711574736