,ENO3,FBA13,FBA23,GAPD6,PGK9,PGMd4,PGMi3,TPI3
0,1.693786089163041e-07,5.295184820917477e-08,5.667756707850026e-07,3.403375391924923e-08,4.021794927644429e-08,-1.922034310829256e-06,2.029143034464157e-06,-5.015210607583706e-07
1,1.1250324405409627e-07,5.3102088481837574e-08,5.678352756888216e-07,3.496274455713766e-08,3.0634308839649904e-08,-1.9220713342593947e-06,2.0291141599557043e-06,-5.0264709254604e-07
2,1.6928447621467055e-07,5.2951862022008714e-08,5.66775679111675e-07,3.4035854617336936e-08,4.021244526253299e-08,-1.9220384843090686e-06,2.0291473983532627e-06,-5.015207074401929e-07
3,1.582386062182195e-07,5.30302886350993e-08,5.674342926087482e-07,3.4181238256492115e-08,3.7993551749160304e-08,-1.922125208858404e-06,2.029123471310492e-06,-5.02264337185756e-07
4,1.6840124317241134e-07,5.295332692061857e-08,5.66784892297445e-07,3.407150926323932e-08,4.000423292627176e-08,-1.922410528590058e-06,2.0295135873735268e-06,-5.015122908410153e-07
5,1.6897115528990983e-07,5.297836472064805e-08,5.670597506557408e-07,3.4055451118841784e-08,4.0079054963726435e-08,-1.9224187871766352e-06,2.02951291713827e-06,-5.018576574306174e-07
6,-2.273878862979473e-08,5.2755641315435136e-08,5.643482203221417e-07,3.1864195032538234e-08,2.5890464133704327e-08,-1.9632700176686058e-06,2.051360744942464e-06,-5.022733121800606e-07
7,9.592758942744695e-08,5.286040474859321e-08,5.652972718261928e-07,3.171340692137425e-08,2.7686551884453792e-08,-1.962045864445372e-06,2.0516967535578235e-06,-5.035984194136909e-07
8,-2.28014869207982e-08,5.275566461420122e-08,5.643483317330222e-07,3.186460790019497e-08,2.58896254989871e-08,-1.963267575177952e-06,2.0513706219452926e-06,-5.022730354736142e-07
9,-3.193144948454574e-08,5.283554539501066e-08,5.650546691660097e-07,3.1851312452119134e-08,2.5826407984430588e-08,-1.963291623496844e-06,2.051359359447839e-06,-5.030440533720122e-07
10,-2.3977293039934008e-08,5.2756662488137754e-08,5.643556420520389e-07,3.188537400083957e-08,2.5898792471723556e-08,-1.9636165635716907e-06,2.0519301881298887e-06,-5.022613350795968e-07
11,-2.3564837192679988e-08,5.2782487099799376e-08,5.646356425192955e-07,3.187589290437609e-08,2.5898587829864542e-08,-1.9636335899519963e-06,2.0519285930866384e-06,-5.026203816416641e-07
12,-2.229455731139751e-08,5.2760451369215255e-08,5.643990346748673e-07,3.19888712428662e-08,2.6016607090895153e-08,-1.961691007321869e-06,2.050640689325634e-06,-5.022026546005012e-07
13,9.848014315139152e-08,5.289730904255518e-08,5.65763380755424e-07,3.2361633841432313e-08,2.8118730149850887e-08,-1.9585218785166765e-06,2.0512803202820716e-06,-5.033608972142994e-07
14,9.672140777183813e-08,5.263343263301173e-08,5.634009318522536e-07,3.1793296915300084e-08,2.7773669225572555e-08,-1.9604034582280504e-06,2.0509743338200646e-06,-5.015983124030134e-07
15,9.8482814792078e-08,5.289733494529705e-08,5.657636616418493e-07,3.2361860705099055e-08,2.811895297161193e-08,-1.9585276798508074e-06,2.0512869414216785e-06,-5.033608531405053e-07
16,-2.348633643123321e-08,5.2761415338042434e-08,5.64406291370112e-07,3.201028750746126e-08,2.6027359656399802e-08,-1.962048733539765e-06,2.0512098977052428e-06,-5.021903014025011e-07
17,9.686050361779053e-08,5.266013291096292e-08,5.636894390148585e-07,3.1803579408906664e-08,2.778500574063258e-08,-1.960774731852579e-06,2.051428032625668e-06,-5.019406851879215e-07
18,1.2134103144489927e-07,-1.4163316460370502e-07,1.235496654317103e-06,4.7976538023603015e-08,4.0536757950349056e-08,-1.914627667150428e-06,2.0309769964074374e-06,-9.002350708095194e-07
19,1.2136553095842828e-07,-1.4156950392181205e-07,1.2351105738162005e-06,4.7982740006974334e-08,4.0542052132108715e-08,-1.9146126762664055e-06,2.0309659684912977e-06,-8.999004956766754e-07
20,1.2132551319155027e-07,-1.415998268018493e-07,1.2357864420664557e-06,4.795983412145267e-08,4.0523563143990415e-08,-1.914645310422769e-06,2.0309772639670075e-06,-9.006500504832446e-07
21,1.2140804983573616e-07,-1.408178875905757e-07,1.2327986382842935e-06,4.7997688483458756e-08,4.055723445972603e-08,-1.914561467759434e-06,2.0309716579917613e-06,-8.984056659534561e-07
22,1.2135024007875472e-07,-1.4165134349087934e-07,1.2353808642728836e-06,4.798120140092621e-08,4.0540613116535333e-08,-1.9146216013568628e-06,2.03097910118106e-06,-9.000828041783037e-07
23,1.215134375343041e-07,-1.3957688830842788e-07,1.2291444591028269e-06,4.801221484274088e-08,4.057437763549388e-08,-1.914473290819617e-06,2.0309456368284696e-06,-8.96162857110677e-07
24,1.2306509233894758e-07,-1.4085355367962553e-07,1.2334559755799999e-06,4.833759672043248e-08,4.071372092240289e-08,-1.913514164703252e-06,2.0316947764615767e-06,-8.985647151118482e-07
25,1.2153913075962921e-07,-1.4153854897932839e-07,1.23501229154499e-06,4.800272279670281e-08,4.0561762448820815e-08,-1.914979687084409e-06,2.031425744475842e-06,-8.998153382816509e-07
26,1.2150144357292447e-07,-1.4159866979129623e-07,1.2357937180240697e-06,4.7980259133828536e-08,4.0543640555945615e-08,-1.915003943122695e-06,2.031431005207935e-06,-9.00635404168322e-07
27,1.061983994077309e-07,-1.4098018294095904e-07,1.2272474805286038e-06,3.693332821172457e-08,9.939540124292989e-08,-1.967534702274065e-06,2.05248102658095e-06,-9.003120086152552e-07
28,1.073501607606886e-07,-1.418205022852867e-07,1.2339417594375846e-06,4.56423660845362e-08,3.82485035033131e-08,-1.951383151066466e-06,2.053923785275616e-06,-9.01103830538985e-07
29,1.0659692861736404e-07,-1.418239332746796e-07,1.2301053402552498e-06,3.6790197253250285e-08,9.869668965434286e-08,-1.967604964292491e-06,2.052500641960213e-06,-9.027075972662073e-07
30,1.0734646593846264e-07,-1.4178731392461025e-07,1.2341390061010316e-06,4.5642506895510187e-08,3.824881047997941e-08,-1.951386311205283e-06,2.05392669514798e-06,-9.013322928986383e-07
31,1.0680201967261382e-07,-1.4187572328835672e-07,1.2298573324187598e-06,3.6977533673931966e-08,9.86146630188589e-08,-1.967472201158671e-06,2.052514982361697e-06,-9.021067930714556e-07
32,1.076405169442296e-07,-1.41823449549759e-07,1.230505404237192e-06,3.68462954487836e-08,9.85275575571265e-08,-1.967541091829617e-06,2.052512095570924e-06,-9.026817331379312e-07
33,1.1090492080256807e-07,-1.386817403603188e-07,1.2196859415780636e-06,3.6905373482915005e-08,1.0181009871268464e-07,-1.9682030600876037e-06,2.0526916168436973e-06,-8.952878509061943e-07
34,1.0751909940154293e-07,-1.4180536147571438e-07,1.234024011864676e-06,4.566480305001619e-08,3.8269724944584034e-08,-1.951758667573245e-06,2.054400991436681e-06,-9.011627303823212e-07
35,1.0748749446065633e-07,-1.4175278142277255e-07,1.2344368087724431e-06,4.564580047966559e-08,3.8255211859405946e-08,-1.9517658795820125e-06,2.054388592825047e-06,-9.01733940006789e-07
36,1.0800323479998043e-07,-1.4185208816470314e-07,1.230362101978244e-06,3.706109940465607e-08,9.869096284642608e-08,-1.96531689579388e-06,2.0517826044324882e-06,-9.021754814637231e-07
37,1.0893882063101046e-07,-1.418705758284075e-07,1.2302594996072005e-06,3.7059956742302453e-08,9.869883615953867e-08,-1.9653140356604712e-06,2.0517841641594456e-06,-9.020331352832535e-07
38,1.0572148312348874e-07,-1.4155313171294588e-07,1.2296031286496143e-06,3.691723423834836e-08,9.865706684930585e-08,-1.965321920600351e-06,2.05176527688078e-06,-9.020441170903513e-07
39,1.0769718983283384e-07,-1.410455815465879e-07,1.2277956216166783e-06,3.6898956924658055e-08,9.988135848959523e-08,-1.965541978588676e-06,2.051741776618517e-06,-9.004006502807146e-07
40,1.0814846973516977e-07,-1.4187069604719058e-07,1.230159170972911e-06,3.699059706804842e-08,9.863376265739633e-08,-1.965305107528637e-06,2.0517735018891787e-06,-9.020446209706543e-07
41,1.0669532457541207e-07,-1.410781441267057e-07,1.2281503813937886e-06,3.696865081073697e-08,9.902719971810471e-08,-1.9653133252232283e-06,2.0517623052371315e-06,-9.00962765618444e-07
42,1.0926328286586798e-07,-1.4082458829227913e-07,1.226846336521703e-06,3.673626012418163e-08,1.0076699252792311e-07,-1.966208437737232e-06,2.0519592173140864e-06,-8.999223489335096e-07
43,1.0834355634870008e-07,-1.4179996711639463e-07,1.2340722150838699e-06,4.5788894072196224e-08,3.8398395019179083e-08,-1.950093200159687e-06,2.0536771984871934e-06,-9.010914354679043e-07
44,1.083261054191098e-07,-1.4174696532748312e-07,1.234485182521894e-06,4.576880327511468e-08,3.838249773568947e-08,-1.9501097896699434e-06,2.0536742165175282e-06,-9.01664663228248e-07
45,1.7886503655972774e-07,-4.016283051308949e-06,1.1326819048917967e-05,1.5813515889112614e-07,1.1065089086659265e-07,-1.862607701720099e-06,2.0454182558268932e-06,-5.9466957463959335e-06
46,1.7901470528158825e-07,-3.992761012485781e-06,1.1317386679365883e-05,1.5837850702790643e-07,1.099022983175324e-07,-1.8631695249378757e-06,2.0452863097252312e-06,-5.9572290356108e-06
47,1.1305900216029839e-07,3.905315956178549e-08,2.709736296457877e-07,3.093213998481281e-08,2.7731414248277634e-08,-1.920938988495664e-06,2.0271783391374075e-06,-2.295427364611613e-07
48,1.1265240118518706e-07,3.898639147842734e-08,2.705325795049341e-07,3.0819733886494616e-08,2.758868777874568e-08,-1.921084810848392e-06,2.027144287972654e-06,-2.292204531462172e-07
49,1.1270566346865964e-07,3.902128424429583e-08,2.707716196814758e-07,3.082322615546862e-08,2.7584233119881677e-08,-1.9211111460390657e-06,2.027142453392449e-06,-2.2948863640003328e-07
50,1.1306093483653967e-07,3.9053184429913887e-08,2.70973804117336e-07,3.093249587374225e-08,2.7731757917814903e-08,-1.920943811174134e-06,2.0271850158996864e-06,-2.295425711875505e-07
51,1.1266399724263465e-07,3.898656010677647e-08,2.705337700525945e-07,3.082104285331844e-08,2.7588728135352625e-08,-1.9210915713125955e-06,2.0271506177475842e-06,-2.2922004272452054e-07
52,1.1305650104986852e-07,3.9074860988573886e-08,2.7112473766077727e-07,3.0929883612640374e-08,2.7729549351152016e-08,-1.920946336258361e-06,2.027182598000125e-06,-2.2972295153444013e-07
53,1.1285055734333582e-07,3.900052957808101e-08,2.7062734603289234e-07,3.084432343217203e-08,2.7607667957285642e-08,-1.921460559796244e-06,2.027606239761553e-06,-2.292976578905509e-07
54,1.1258612175879533e-07,3.9094244627798855e-08,2.712004842364557e-07,3.0866559540959626e-08,2.768030427091617e-08,-1.9208492348754373e-06,2.027722486324527e-06,-2.2986341238762087e-07
55,1.1284441825409884e-07,3.90221865228732e-08,2.7077819025889127e-07,3.084150012114262e-08,2.76054759607014e-08,-1.921464413926204e-06,2.027605567100194e-06,-2.294782724385539e-07
56,9.823907021200284e-08,3.8827061989914035e-08,2.6944722553157163e-07,2.825108314993829e-08,2.511728425247384e-08,-1.9587213788696545e-06,2.0502352044155227e-06,-2.306600170100563e-07
57,9.686675639386524e-08,3.8779109188787416e-08,2.6896389598851645e-07,2.798006233650785e-08,2.463285228571088e-08,-1.959807841345196e-06,2.0500372608691015e-06,-2.3049641302563814e-07
58,9.686249313745066e-08,3.8813536887977174e-08,2.69199900815309e-07,2.7977948152679843e-08,2.463141790531864e-08,-1.959810882468105e-06,2.050035603814556e-06,-2.3076964294327889e-07
59,9.682850077297188e-08,3.863443370777375e-08,2.6817231618680987e-07,2.7942366198629998e-08,2.4604121517945998e-08,-1.959851417154823e-06,2.0500415027172843e-06,-2.297256495192336e-07
60,9.687005331215914e-08,3.877903675074661e-08,2.689634365227178e-07,2.798007232851507e-08,2.4632025363846566e-08,-1.9598143801147216e-06,2.0500437136742627e-06,-2.3049593390889192e-07
61,9.666928235674276e-08,3.882019796060381e-08,2.692712311458401e-07,2.7961701162815267e-08,2.4860166369933268e-08,-1.9590419277903948e-06,2.0501744962920516e-06,-2.3086499568840147e-07
62,9.683606094768037e-08,3.8799580100753836e-08,2.6912772960185904e-07,2.79848646825287e-08,2.488236469644356e-08,-1.95940581804166e-06,2.050638915215702e-06,-2.306713620513906e-07
63,9.680070434114896e-08,3.878722812096329e-08,2.69045334955198e-07,2.798462917993905e-08,2.4883472699022136e-08,-1.9593970499443003e-06,2.0506356867530317e-06,-2.3058095940942105e-07
64,9.7000793175539e-08,3.874147657865167e-08,2.688004875350813e-07,2.7980380370301597e-08,2.4635337714240532e-08,-1.960194632388834e-06,2.050497590392551e-06,-2.3035633715091065e-07
65,9.751028073878841e-08,3.880560524131826e-08,2.69170042588307e-07,2.8092296471687872e-08,2.4994556341306762e-08,-1.9573577702069827e-06,2.049446474538419e-06,-2.3061303013125877e-07
66,9.77090053311258e-08,3.87864442010508e-08,2.6901542876656137e-07,2.8108602636439658e-08,2.4764605005556103e-08,-1.95813057457452e-06,2.0493105327131616e-06,-2.3042638941372928e-07
67,9.770110409590416e-08,3.882069790736749e-08,2.692501708256856e-07,2.8105781223197734e-08,2.476302368714656e-08,-1.9581380222204268e-06,2.0493123296855077e-06,-2.3069908580702767e-07
68,9.908154652293887e-08,3.8834609353147545e-08,2.6950033121808664e-07,2.8380229527558143e-08,2.5250744106752883e-08,-1.9570467259376486e-06,2.0495162364235784e-06,-2.3059084901656641e-07
69,9.747805052029436e-08,3.879328476703338e-08,2.690878673772268e-07,2.8092491353992604e-08,2.4996064718063596e-08,-1.9573544942156342e-06,2.0494501516182707e-06,-2.305224095916492e-07
70,9.750959861776211e-08,3.8827430192235966e-08,2.693219960381299e-07,2.8089965940086843e-08,2.4992577257743065e-08,-1.9573659135442784e-06,2.0494514865377084e-06,-2.307944816762916e-07
71,9.977895842894213e-08,3.883992645862742e-08,2.6954036130844017e-07,2.8442759845287435e-08,2.531171552910827e-08,-1.9571330216034658e-06,2.0500268471305053e-06,-2.304720461911332e-07
72,9.975252623917186e-08,3.8828568164981515e-08,2.694657366131281e-07,2.8447870593917287e-08,2.5331246933379962e-08,-1.9571425010184943e-06,2.05001989401398e-06,-2.303744848913825e-07
73,9.785958354768806e-08,3.8821930337757874e-08,2.692589366470877e-07,2.812671572038905e-08,2.4781123014738782e-08,-1.9585084905028344e-06,2.049780999479932e-06,-2.306870725438137e-07
74,1.2048963071720212e-07,-3.562160054194647e-07,9.216772696163387e-07,3.875721386534248e-08,3.3785929776097845e-08,-1.914624818407187e-06,2.0287941784547332e-06,-4.4581789130900077e-07
75,1.198400241264608e-07,-3.562492321784825e-07,9.215660270456284e-07,3.875417025137051e-08,3.378982732504809e-08,-1.91461181985988e-06,2.0287983899180075e-06,-4.456790724249871e-07
76,1.2029045137751384e-07,-3.561783110411385e-07,9.218849754688564e-07,3.875102729325453e-08,3.378278856658312e-08,-1.9146264837256238e-06,2.0287962019721186e-06,-4.460857578610197e-07
77,1.203841861752153e-07,-3.5621595073187344e-07,9.216772696163387e-07,3.875725650137607e-08,3.378712534751748e-08,-1.9146260165700127e-06,2.0288040331096667e-06,-4.458177346467742e-07
78,1.2067232546542073e-07,-3.562492073773578e-07,9.215657428285341e-07,3.875983723561349e-08,3.378664262254638e-08,-1.914626380706468e-06,2.028803160214875e-06,-4.4567712657872526e-07
79,1.2000168680970091e-07,-3.5617790282514283e-07,9.218871355187729e-07,3.8751261092345723e-08,3.3786141828695555e-08,-1.9146077098931456e-06,2.028793599642176e-06,-4.4608645418981076e-07
80,1.1866251270475915e-07,-3.562148442254938e-07,9.216849434778852e-07,3.876630031221517e-08,3.3815968830674954e-08,-1.9149539360278217e-06,2.029263717257945e-06,-4.4580796985287455e-07
81,1.1900328900082967e-07,-3.5624811254306507e-07,9.21573132472986e-07,3.876909617644975e-08,3.3815030275885505e-08,-1.9149569199246965e-06,2.029263410808655e-06,-4.456672173247521e-07
82,1.1909395425391268e-07,-3.5617711806345577e-07,9.218923082698892e-07,3.8763819616011164e-08,3.380971053124071e-08,-1.914966007900105e-06,2.029262057998488e-06,-4.4607459450356343e-07
83,1.0459973509568954e-07,-3.564414427029974e-07,9.20398122161714e-07,3.622941762565501e-08,3.128959685794186e-08,-1.9527408863240225e-06,2.05163598784916e-06,-4.469376775803049e-07
84,1.0460684052304713e-07,-3.564747486492146e-07,9.202862543133958e-07,3.6230136581799626e-08,3.129008505076136e-08,-1.952738321264746e-06,2.05163602949026e-06,-4.467974722283108e-07
85,1.0459018540132092e-07,-3.5640366562129586e-07,9.206062259181637e-07,3.622404123881928e-08,3.128533845875303e-08,-1.9527471479818814e-06,2.051634903370921e-06,-4.472058576333394e-07
86,1.0460206567586283e-07,-3.564413936075041e-07,9.203982926919708e-07,3.622980907641571e-08,3.128998452006648e-08,-1.952741813582293e-06,2.05163892102868e-06,-4.4693752326364135e-07
87,1.0461491228852536e-07,-3.564747492478025e-07,9.202863111568148e-07,3.6230548325355556e-08,3.1290244117965216e-08,-1.9527428598564707e-06,2.051642808060591e-06,-4.467973357680233e-07
88,1.0459928034833863e-07,-3.564036525728143e-07,9.206062827615824e-07,3.622445573364663e-08,3.128545031372276e-08,-1.952751677691822e-06,2.0516417186453602e-06,-4.4720582179606647e-07
89,1.047497448780632e-07,-3.564399020370736e-07,9.204068192047998e-07,3.625089178491137e-08,3.1311103154685334e-08,-1.953107057417469e-06,2.052104474022898e-06,-4.4692484454998514e-07
90,1.0475366707396461e-07,-3.564732679882431e-07,9.202947808262251e-07,3.625143323374158e-08,3.131152961910467e-08,-1.9531041175469e-06,2.052103347517979e-06,-4.467843676969617e-07
91,1.0473848988112876e-07,-3.564022014188387e-07,9.206145819007359e-07,3.6245351296704253e-08,3.1306735454039725e-08,-1.953112805708201e-06,2.052102229156699e-06,-4.47192790464573e-07
92,1.0543408279772848e-07,-3.5643284524008653e-07,9.204471780321909e-07,3.635614464342352e-08,3.142078250362168e-08,-1.9510380982580917e-06,2.050884696116689e-06,-4.4686799824833907e-07
93,1.0544403039602912e-07,-3.564662992300988e-07,9.203350259667785e-07,3.6356646263002717e-08,3.142087301455377e-08,-1.9510664574888537e-06,2.0509147916359025e-06,-4.467277241737566e-07
94,1.0543163853071745e-07,-3.563951360105759e-07,9.206548838847084e-07,3.635065129806159e-08,3.1416057255651004e-08,-1.9510748210934763e-06,2.0509136756647462e-06,-4.471362752827158e-07
95,1.0544249562371988e-07,-3.564328785186965e-07,9.20447121188772e-07,3.635643447408299e-08,3.1420791524183755e-08,-1.951063175733561e-06,2.0509114376861763e-06,-4.4686787872057904e-07
96,1.0539105232965085e-07,-3.564665804015608e-07,9.203330932905373e-07,3.6353745069828136e-08,3.1419551432820825e-08,-1.951100695182263e-06,2.0509294022730994e-06,-4.467271865343792e-07
97,1.0543556072661886e-07,-3.5639511516733115e-07,9.206551681018028e-07,3.635102602608797e-08,3.1416366591541234e-08,-1.9510796435156684e-06,2.050920451528049e-06,-4.471361573120327e-07
98,1.0558369467617013e-07,-3.5643144815104496e-07,9.204552497976692e-07,3.6377259801656514e-08,3.144191179638156e-08,-1.951434586509339e-06,2.0513817533927503e-06,-4.468548600254077e-07
99,1.0558545682215481e-07,-3.564647464693576e-07,9.2034343879277e-07,3.6377866448333844e-08,3.1442517423041494e-08,-1.951432705118083e-06,2.0513820982746293e-06,-4.4671455538825006e-07
100,1.0558483154454734e-07,-3.5639367754821023e-07,9.206634103975376e-07,3.637199583531037e-08,3.143728866117357e-08,-1.9514407302172773e-06,2.0513811448662968e-06,-4.471233661258994e-07
101,1.2538600913103434e-07,3.5219988702518303e-08,4.279732628842403e-07,4.1812779003058687e-08,3.6608477804733746e-08,-1.9084143578635955e-06,2.0294969059904804e-06,-3.3463326153115874e-07
102,1.2851160136051473e-07,3.522960217185167e-08,4.2822269163966814e-07,4.185356939148677e-08,3.666082076803079e-08,-1.9078023839318057e-06,2.0296242141110316e-06,-3.3476119622763255e-07
103,1.2811943861379405e-07,3.523521185454701e-08,4.2810533767978503e-07,4.169444393214983e-08,3.653556435168071e-08,-1.9095147704522285e-06,2.029812854899364e-06,-3.3489247185602105e-07
104,1.1225193929931264e-07,3.50655436761118e-08,4.260059681127082e-07,3.910367282408678e-08,3.4153465666708633e-08,-1.94660215413478e-06,2.0522957152603267e-06,-3.35397704199613e-07
105,1.1583716741370154e-07,3.5004912021973424e-08,4.2523638393854313e-07,3.7906897440431735e-08,3.1438242259484994e-08,-1.9471432395334887e-06,2.0522115164153683e-06,-3.343627351496976e-07
106,1.1087485063399072e-07,3.505904013348092e-08,4.25869147391289e-07,3.884612254784203e-08,3.427487529905626e-08,-1.9480007793504232e-06,2.052594338629168e-06,-3.355738153235609e-07
107,1.1310908121231478e-07,3.507011941220987e-08,4.2605963779251965e-07,3.923454240314928e-08,3.428864653320929e-08,-1.944915473088538e-06,2.0515756023818376e-06,-3.353260651726541e-07
108,9.845581416811909e-08,3.4889484513718545e-08,4.2412884299070097e-07,3.8030366682206835e-08,3.2814520489754535e-08,-1.9460176134994288e-06,2.051364198118861e-06,-3.342959481308569e-07
109,1.1327460924803744e-07,3.507112388083068e-08,4.2607201261590793e-07,3.925763258222359e-08,3.4311252339325193e-08,-1.945270320431725e-06,2.0520378965491533e-06,-3.353157774102586e-07
110,1.438457388758252e-07,-1.7155351903970534e-07,9.822248330237926e-07,5.4119211747444274e-08,4.626551897146669e-08,-1.9007255030985078e-06,2.0313927057017688e-06,-6.140912211924018e-07
111,1.404524141435104e-07,-1.716055001464099e-07,9.818501212066622e-07,5.399128718414081e-08,4.595276756336197e-08,-1.9009053403370602e-06,2.0313566798045668e-06,-6.137314674248273e-07
112,1.4383402913153984e-07,-1.715535181325212e-07,9.822285278460186e-07,5.411984536560222e-08,4.626613303582161e-08,-1.900729780680973e-06,2.0313997950590364e-06,-6.140938656547418e-07
113,1.404606564392452e-07,-1.716054938497643e-07,9.818484727475152e-07,5.399171471714982e-08,4.595318858768849e-08,-1.9009094531983971e-06,2.031363266372156e-06,-6.137303321662735e-07
114,1.4047083141122132e-07,-1.7153788317678026e-07,9.823563118516176e-07,5.399484504994834e-08,4.5955023703081466e-08,-1.9009186433416728e-06,2.0313687167628643e-06,-6.142441181836936e-07
115,1.4413836879612063e-07,-1.716051299007285e-07,9.81878770289768e-07,5.413671919779484e-08,4.6283918225809024e-08,-1.901080826893119e-06,2.0318515841175755e-06,-6.137314028098473e-07
116,1.1595972182476544e-07,-1.7179907566090158e-07,9.796270887818537e-07,5.100554609574482e-08,4.305525339032279e-08,-1.9391316978811797e-06,2.0539518358434865e-06,-6.143712042094244e-07
117,1.1900635854544814e-07,-1.7191884067661222e-07,9.78522393779713e-07,5.096432095438863e-08,4.36009005289062e-08,-1.939853525811941e-06,2.0538209380941728e-06,-6.135556047115465e-07
118,1.1597967386478558e-07,-1.717837797577391e-07,9.797744269235407e-07,5.100394056059553e-08,4.305410819527289e-08,-1.9391345258412684e-06,2.0539509238635773e-06,-6.145367599098665e-07
119,1.1598177707128346e-07,-1.7179904418384015e-07,9.796301014830533e-07,5.1006155660227044e-08,4.305599016207751e-08,-1.939135021444826e-06,2.0539573884653906e-06,-6.143712093444227e-07
120,1.1900846175194602e-07,-1.719187152886606e-07,9.785236443349277e-07,5.096353941982934e-08,4.3598015947443614e-08,-1.9398612405296944e-06,2.053827806317822e-06,-6.135577819699201e-07
121,1.1598075388974395e-07,-1.7178378135304092e-07,9.79773062681488e-07,5.1004152359923616e-08,4.305430209572413e-08,-1.9391405494673113e-06,2.053957706910921e-06,-6.145365502837133e-07
122,1.2106107760700982e-07,-1.8075085628404115e-07,9.837100947152069e-07,5.1387388178003584e-08,4.342808243573693e-08,-1.937503483788168e-06,2.05324280631211e-06,-6.088135279056633e-07
123,1.167757659459312e-07,-1.7178300230944036e-07,9.792902915251034e-07,5.1127308726972576e-08,4.318279928083868e-08,-1.9374510030056987e-06,2.053231456091725e-06,-6.139921908676628e-07
124,1.1681146361297581e-07,-1.7179402079095564e-07,9.79682056367892e-07,5.113497355754837e-08,4.31889148611031e-08,-1.9374545347532928e-06,2.053239741351485e-06,-6.143008460187965e-07
125,1.198627614940051e-07,-1.7191372813060807e-07,9.785754286895099e-07,5.10926125400768e-08,4.3731920890133225e-08,-1.938179297621665e-06,2.0531120172067694e-06,-6.134865378482068e-07
126,1.168375547422329e-07,-1.7177874225477984e-07,9.798268933991494e-07,5.1133215557552785e-08,4.318764351696202e-08,-1.9374579084064838e-06,2.053239094620264e-06,-6.144662867417669e-07
127,1.210256641570595e-07,-1.7678211614973052e-07,9.822715583140962e-07,5.131295883684107e-08,4.336586015285526e-08,-1.938030972063504e-06,2.053676722577449e-06,-6.11564684064236e-07
128,1.9980149090770285e-07,-3.880071695249524e-06,1.163014553640096e-05,1.9566238644921907e-07,1.3719440963844145e-07,-1.8650275190879029e-06,2.0703260098984865e-06,-6.104772664566709e-06
129,1.9982638832516386e-07,-3.880524421713227e-06,1.1630252174654746e-05,1.9568737281289161e-07,1.372158388579514e-07,-1.8649950455085216e-06,2.0703186502480985e-06,-6.104432605513743e-06
130,1.9980757315352093e-07,-3.880027279654061e-06,1.1630211702140516e-05,1.956666272479035e-07,1.3719788344301875e-07,-1.8650212840753968e-06,2.07032515117057e-06,-6.104857928220485e-06
131,2.006449335567595e-07,-3.880520832677007e-06,1.1630267408690994e-05,1.9578208887080506e-07,1.3731388515125784e-07,-1.863406588602636e-06,2.0696566291584536e-06,-6.1043607284538845e-06
132,2.0062702787981837e-07,-3.880022120439701e-06,1.1630228527792495e-05,1.9576202793525344e-07,1.3729679973484288e-07,-1.8634308007552639e-06,2.069661651137906e-06,-6.1047890977774044e-06
133,2.006140675803181e-07,-3.8799423492441895e-06,1.1630342669377567e-05,1.9574321388077248e-07,1.3728251108124925e-07,-1.8634428401201027e-06,2.069659800994836e-06,-6.105124607901862e-06
134,2.6480622279472475e-08,3.680409699604367e-08,2.551882446466536e-07,2.202779251017639e-08,2.877133775669449e-08,-1.997857054929523e-06,2.027073147497114e-06,-2.28629533369348e-07
135,2.570968682012124e-08,3.677470970537417e-08,2.547931519658597e-07,-5.967236385573394e-09,-2.4908883317076306e-08,-1.998191121042593e-06,2.027008529603874e-06,-2.2944354341469802e-07
136,2.6480286921158006e-08,3.682661707841377e-08,2.553440902053339e-07,2.2085690703360642e-08,2.8923648476286697e-08,-1.997859175356648e-06,2.0270728921788967e-06,-2.2881421137861552e-07
137,2.570771568169948e-08,3.6787176068602344e-08,2.548765495324901e-07,-5.958582832005233e-09,-2.488812203549351e-08,-1.998202075556121e-06,2.0270168978431582e-06,-2.295371906315237e-07
138,2.5709123239959965e-08,3.677467302095998e-08,2.547928844021108e-07,-5.968126916278127e-09,-2.4910785906273603e-08,-1.99819752719503e-06,2.0270140947166474e-06,-2.2944341319941497e-07
139,2.5703859493327392e-08,3.6809684536022985e-08,2.550331969497499e-07,-5.9559664908337426e-09,-2.4866241954413223e-08,-1.998206184910471e-06,2.027016208875728e-06,-2.2973437501525373e-07
140,2.6422598181793065e-08,3.680142606594331e-08,2.551730908795236e-07,2.1707773731338694e-08,2.8023876275096165e-08,-1.9983340619071145e-06,2.0274914067760317e-06,-2.2863169475315862e-07
141,2.6412464790650812e-08,3.678918047999615e-08,2.550958984604001e-07,2.147730096199729e-08,2.7418047665594972e-08,-1.998337708812321e-06,2.027490154049238e-06,-2.2853707160042092e-07
142,2.566755506728212e-08,3.680709677485444e-08,2.5501445954922985e-07,-6.017491994275703e-09,-2.500726276055687e-08,-1.9986662314337e-06,2.0274249637610425e-06,-2.2972598218861827e-07
143,2.5068507089013196e-08,3.64638899662869e-08,2.5168386130758336e-07,7.666757539936953e-08,1.6807327576917608e-07,-2.027339705890085e-06,2.0527503186453528e-06,-2.28227816889714e-07
144,2.0174507643405584e-08,3.648050691357988e-08,2.529003188533885e-07,1.3477620814522641e-08,1.625495443802194e-08,-2.02972164409232e-06,2.052404985950436e-06,-2.290491495221536e-07
145,2.017288427773843e-08,3.6515787224912846e-08,2.531431642083249e-07,1.3488452410559404e-08,1.6228391047645733e-08,-2.0297218323861443e-06,2.052409478120869e-06,-2.2932884008458482e-07
146,2.5066583429268242e-08,3.646386098241864e-08,2.5168358874783076e-07,7.666251796226152e-08,1.6806143010583696e-07,-2.027331749587802e-06,2.0527560147023398e-06,-2.2822792159155145e-07
147,2.5056410866497802e-08,3.645148188608123e-08,2.516092452164997e-07,7.641030860469633e-08,1.6733482996467153e-07,-2.0273565191075704e-06,2.0527508271598873e-06,-2.281405556137095e-07
148,2.5070145510508023e-08,3.64864800798774e-08,2.5183989854626887e-07,7.675655812333647e-08,1.6830339844009498e-07,-2.027356886813436e-06,2.052755641993465e-06,-2.2836413174993821e-07
149,2.4950226665092223e-08,3.646200955726397e-08,2.516748309755457e-07,7.606405140470063e-08,1.667226756651985e-07,-2.0278105061777296e-06,2.053170832587194e-06,-2.2823197078081225e-07
150,2.4939717189424032e-08,3.644964424059407e-08,2.516007888142547e-07,7.580453469449577e-08,1.6597724633582445e-07,-2.0278333590084685e-06,2.053169104780257e-06,-2.281438869211616e-07
151,2.027884235338527e-08,3.6436375988320266e-08,2.5261744618365606e-07,1.3645799688127845e-08,1.1238873165453356e-08,-2.030225124016738e-06,2.0528342158757264e-06,-2.2843710513730789e-07
152,2.0880603876754618e-08,3.6500295917457285e-08,2.530357163799124e-07,1.3599155915949845e-08,1.6359394144904726e-08,-2.0279834754553024e-06,2.0514895700705365e-06,-2.290891288866991e-07
153,2.101358714226738e-08,3.6410491612189066e-08,2.5244074708385966e-07,1.3853391093998635e-08,1.1451478654223024e-08,-2.0280109857406933e-06,2.0514790440408668e-06,-2.2810960802199803e-07
154,2.1010367066206122e-08,3.644569614429539e-08,2.526825322868298e-07,1.3871266434095642e-08,1.147015760150083e-08,-2.0280182223304387e-06,2.0514825124075358e-06,-2.283908717709972e-07
155,2.099798029762045e-08,3.634039654691178e-08,2.520591018129181e-07,1.3883766462885472e-08,1.1486573164853908e-08,-2.028036832876323e-06,2.0514864835691133e-06,-2.2774450391261763e-07
156,2.101314760199037e-08,3.641046252391214e-08,2.5244054729922643e-07,1.385198256792508e-08,1.1450050019234936e-08,-2.0280173962894344e-06,2.051484920752727e-06,-2.281095058953575e-07
157,2.1009924795745413e-08,3.644566705005535e-08,2.526823332238415e-07,1.3869842566127668e-08,1.1468722443952473e-08,-2.0280247302599964e-06,2.051488483792732e-06,-2.2839076725922032e-07
158,2.1473049154486622e-08,3.649996632812836e-08,2.5305717504808806e-07,1.4219868740839026e-08,1.1800686733343113e-08,-2.0280387825502527e-06,2.051993802978707e-06,-2.286715211741825e-07
159,2.1474002510316236e-08,3.648744245708224e-08,2.529733779121912e-07,1.4220797674852067e-08,1.1801796429011802e-08,-2.028037465071032e-06,2.051993511539322e-06,-2.2857921140595483e-07
160,2.5646068269589463e-08,3.6492081662009574e-08,2.518866388245833e-07,7.608755451388173e-08,1.6669502198030095e-07,-2.026126025377116e-06,2.052249927904124e-06,-2.2831385506206885e-07
161,3.0980732449771304e-08,-3.5926299201739266e-07,9.041400517162399e-07,2.30104679477261e-08,1.310041383706384e-08,-1.99363440626986e-06,2.0282792521796297e-06,-4.4392393820462655e-07
162,3.098019041796558e-08,-3.592630308815953e-07,9.041397674991457e-07,2.3010325547745403e-08,1.3099921369885692e-08,-1.993639898354268e-06,2.028284080746759e-06,-4.439237070803704e-07
163,3.094520011797438e-08,-3.59266754994844e-07,9.041177122526277e-07,2.2999133205553468e-08,1.3071773968809097e-08,-1.99410300481134e-06,2.028698874189529e-06,-4.439120280577669e-07
164,2.5763242287527976e-08,-3.59612151605679e-07,9.022484164233902e-07,2.14693061523219e-08,3.5437773771018755e-08,-2.0238987445964085e-06,2.0537214516274447e-06,-4.4370416406400853e-07
165,2.576259953886986e-08,-3.596122404020537e-07,9.02247620615526e-07,2.146913846354237e-08,3.543662649430068e-08,-2.0239360694063184e-06,2.0537577856374984e-06,-4.4370369771081544e-07
166,2.573682097338969e-08,-3.596165871187253e-07,9.022226663546463e-07,2.1468394419826842e-08,3.543500590175164e-08,-2.024389273103111e-06,2.054176792136016e-06,-4.436839347222066e-07
167,2.646617197838222e-08,-3.596035880228934e-07,9.022967901728407e-07,2.157612623635008e-08,3.555074659655766e-08,-2.0221901037131692e-06,2.052821020892929e-06,-4.436520346077664e-07
168,2.6466603278343246e-08,-3.596035367467443e-07,9.022974154504481e-07,2.15760819904931e-08,3.554969280061826e-08,-2.0220654957150952e-06,2.052696539978339e-06,-4.4365246102556505e-07
169,2.6439824310357012e-08,-3.5960713949212495e-07,9.022768381328207e-07,2.157549131021064e-08,3.554991842569244e-08,-2.0226678277982858e-06,2.0532634557393738e-06,-4.4363784781453324e-07
170,7.388927725167404e-08,-9.375672216155838e-06,1.3726394172408618e-05,1.0034926472418659e-07,6.935571805755103e-08,-1.954297247350217e-06,2.039292542744999e-06,-3.5355968695273666e-06
171,7.39017456811205e-08,-9.376026668480426e-06,1.372653173348226e-05,1.0036716677555568e-07,6.936839747062606e-08,-1.954284534299932e-06,2.039294266585338e-06,-3.535265445692159e-06
172,7.464288891162072e-08,-9.374771295201463e-06,1.3727042414757307e-05,1.0004592184906236e-07,7.008853092349554e-08,-1.953626270997721e-06,2.0394226661006455e-06,-3.5371572607238288e-06
173,7.388888662599121e-08,-9.375673503360122e-06,1.3726408269576496e-05,1.0034932923508322e-07,6.935563839904901e-08,-1.9543036933115487e-06,2.0392984337746115e-06,-3.535605876712014e-06
174,7.389968205277242e-08,-9.376140931710054e-06,1.3726549468628944e-05,1.0036447961950246e-07,6.936644977861839e-08,-1.9542927851263316e-06,2.0393000064620297e-06,-3.535186200276374e-06
175,7.385450180266056e-08,-9.375262515654774e-06,1.3726571069128113e-05,1.0029539545750032e-07,6.93179725008708e-08,-1.954337336989209e-06,2.0392920773841918e-06,-3.5366171668170564e-06
176,7.385494610524138e-08,-9.375800324725164e-06,1.3726401220992555e-05,1.0033982654825137e-07,6.934800458879843e-08,-1.9547706726236198e-06,2.039713789592661e-06,-3.535506721847898e-06
177,7.386443763227188e-08,-9.376382353346968e-06,1.3726577890338374e-05,1.0035282304796113e-07,6.935715399225549e-08,-1.9547598204577746e-06,2.03971388183795e-06,-3.5350237465592294e-06
178,7.382284582805243e-08,-9.37527471843772e-06,1.3726569022765034e-05,1.0028908186895945e-07,6.93126751827311e-08,-1.9548013195900297e-06,2.039707079090454e-06,-3.5366043513302115e-06
179,6.875705742704232e-08,-9.376759323505507e-06,1.3724900327360954e-05,9.932534939319226e-08,6.84301683095967e-08,-1.9842251841595267e-06,2.063491990100612e-06,-3.534493714588984e-06
180,6.876628705598494e-08,-9.377342757245846e-06,1.372506926600181e-05,9.933810508205854e-08,6.843915098531107e-08,-1.984215820982626e-06,2.063493233604113e-06,-3.5340025045516037e-06
181,6.87214675293142e-08,-9.37646232021538e-06,1.372510018882167e-05,9.926891088307686e-08,6.839072122510892e-08,-1.98426058517498e-06,2.0634858779039105e-06,-3.5354374742479484e-06
182,6.875517887655875e-08,-9.37687209730568e-06,1.3724921245739095e-05,9.93227377982242e-08,6.842826869024599e-08,-1.9842332896757853e-06,2.063497794040511e-06,-3.534417009231424e-06
183,6.876723131064204e-08,-9.37722921989109e-06,1.3725055396207608e-05,9.934058181268467e-08,6.844093478064472e-08,-1.9842208445197684e-06,2.0634992832420886e-06,-3.534081908368458e-06
184,6.872121603121884e-08,-9.37646377873304e-06,1.3725106555284586e-05,9.926910062366123e-08,6.839077373865797e-08,-1.9842669232161825e-06,2.063491936538303e-06,-3.5354410797167365e-06
185,6.873237881692114e-08,-9.376897067010044e-06,1.3724908967560625e-05,9.931764500745176e-08,6.842417962782399e-08,-1.9846962349134856e-06,2.063923700190189e-06,-3.5343935366246443e-06
186,6.874470706807978e-08,-9.377239868656052e-06,1.3725036296818873e-05,9.933569430561896e-08,6.843694089209151e-08,-1.984683642319851e-06,2.0639254544429043e-06,-3.53406275829804e-06
187,6.869998055527606e-08,-9.376358756768284e-06,1.3725054031965556e-05,9.926626062112254e-08,6.838836283384887e-08,-1.9847283532214988e-06,2.0639181689187983e-06,-3.5354852218807266e-06
188,6.943740033443304e-08,-9.376742651897404e-06,1.3724923746849527e-05,9.940901560950845e-08,6.851724082546085e-08,-1.9825618186960943e-06,2.062620964976179e-06,-3.53444760798152e-06
189,6.944662314482819e-08,-9.377325307235553e-06,1.3725097915084914e-05,9.942187184294736e-08,6.852632961074079e-08,-1.982551863095026e-06,2.0626216416158247e-06,-3.533960098722755e-06
190,6.940348983963241e-08,-9.376331147813014e-06,1.3725107010031936e-05,9.93552247766094e-08,6.847964548195584e-08,-1.9825948555450127e-06,2.062614564385914e-06,-3.535468759064807e-06
191,6.943705350086856e-08,-9.376741349767016e-06,1.3724918289881316e-05,9.940888071047203e-08,6.851715711464479e-08,-1.9825677910772117e-06,2.0626264484418566e-06,-3.5344427113369065e-06
192,6.944803239953981e-08,-9.377212845728322e-06,1.372508677377482e-05,9.942448219585344e-08,6.85281481838107e-08,-1.9825559003571955e-06,2.0626272314672007e-06,-3.5340400905414797e-06
193,6.940310227329704e-08,-9.37633033053567e-06,1.3725101553063725e-05,9.93551374332824e-08,6.847957068067956e-08,-1.982601427300034e-06,2.062620611335816e-06,-3.535465339563146e-06
194,6.941451176047586e-08,-9.376757345762344e-06,1.3724910331802676e-05,9.94041020989378e-08,6.851318135048245e-08,-1.983030415610566e-06,2.063052068864124e-06,-3.5344313335993966e-06
195,6.942655692080942e-08,-9.377111018943035e-06,1.3725044709644862e-05,9.942185248343338e-08,6.852577338900545e-08,-1.9830181889018256e-06,2.0630537831597296e-06,-3.534093965307239e-06
196,6.938042091899798e-08,-9.37634392418553e-06,1.3725089957006274e-05,9.935017552739622e-08,6.847556191513783e-08,-1.983064194248385e-06,2.0630462236395544e-06,-3.535449961995872e-06
197,4.295116737333639e-08,-1.738232262398934e-07,9.590518175173202e-07,4.032010935545172e-08,4.4719357272793296e-08,-1.9814028148049698e-06,2.030479685472164e-06,-6.07519272777246e-07
198,4.31883077426894e-08,-1.7614812267701032e-07,9.606053481547858e-07,4.2001994795398685e-08,4.736921904724412e-08,-1.9810213158734846e-06,2.0305724386210978e-06,-6.054095195396832e-07
199,4.2950642476207584e-08,-1.7382326791647752e-07,9.590516469870636e-07,4.032066696149639e-08,4.471989190069081e-08,-1.98140781797532e-06,2.0304839883513334e-06,-6.07518663819917e-07
200,4.3187017158296565e-08,-1.7615275186834633e-07,9.60605802902137e-07,4.200281908048331e-08,4.7371025935216686e-08,-1.981033331636679e-06,2.0305834086547857e-06,-6.054045850198768e-07
201,4.314611850843265e-08,-1.7526524797250108e-07,9.596785730536794e-07,4.1874379547168765e-08,4.732506617144416e-08,-1.9814742321555188e-06,2.0309910279325683e-06,-6.055466824639311e-07
202,4.288660764701063e-08,-1.7375412329978326e-07,9.59517421961209e-07,3.9939407260602966e-08,4.413416374027257e-08,-1.981931724561348e-06,2.0308901101658747e-06,-6.082553975158849e-07
203,3.8053307928114996e-08,-1.789598201546799e-07,9.586866553945585e-07,3.623600441926556e-08,2.8862045337030292e-08,-2.0125113397995165e-06,2.0556283761549823e-06,-6.042505604386857e-07
204,3.8284061086395465e-08,-1.740331335296448e-07,9.564740821588202e-07,3.7882767329328055e-08,3.119678332330622e-08,-2.0123240069835897e-06,2.0556943006775143e-06,-6.065591727222318e-07
205,3.796733518378337e-08,-1.7636955635695812e-07,9.577952368999831e-07,3.6191473186397705e-08,2.8839234889055376e-08,-2.0126208735149484e-06,2.0556414434287998e-06,-6.061001144575235e-07
206,3.828421476988502e-08,-1.73980870142663e-07,9.568391874381632e-07,3.7886551968596693e-08,3.1198423983136436e-08,-2.0123299062646542e-06,2.0557007332814183e-06,-6.069112146796663e-07
207,3.828338508037781e-08,-1.7403320648051662e-07,9.564738547851448e-07,3.788278569311077e-08,3.119683086860725e-08,-2.012332085854496e-06,2.055701626110094e-06,-6.06558440141569e-07
208,3.796693724835527e-08,-1.7637074912796066e-07,9.577950663697266e-07,3.619145347646957e-08,2.8839317073314774e-08,-2.01262717780537e-06,2.055647254299554e-06,-6.060993438389284e-07
209,3.787509627207076e-08,-1.7399375183657234e-07,9.566542757966092e-07,3.6144829646672656e-08,2.880735516797017e-08,-2.013149167368056e-06,2.056057238386135e-06,-6.074803651338629e-07
210,3.793592955335422e-08,-1.761577280018898e-07,9.571350005899149e-07,3.6173296844022034e-08,2.8823343017903014e-08,-2.013094313468855e-06,2.056070359457412e-06,-6.057440095630362e-07
211,3.7970396535790766e-08,-1.7730100997387673e-07,9.581427775628981e-07,3.6202153001069215e-08,2.8845307115110682e-08,-2.0130690465691714e-06,2.0560842002521638e-06,-6.054745485667682e-07
212,3.898138129952364e-08,-1.739526342990927e-07,9.568610153110058e-07,3.799815596547407e-08,3.1316387399948915e-08,-2.0105134028203546e-06,2.0546985402119024e-06,-6.068582323280874e-07
213,3.899656129838312e-08,-1.7402786277366635e-07,9.565298455527227e-07,3.7994033957183815e-08,3.1311702286540566e-08,-2.01057936175859e-06,2.054780613984815e-06,-6.065070663474614e-07
214,3.8680336845130486e-08,-1.763636261623437e-07,9.578501476426027e-07,3.630219265471357e-08,2.895378203859877e-08,-2.0108777149585367e-06,2.0547281836344487e-06,-6.060494771298591e-07
215,3.8995540175364076e-08,-1.739756992067764e-07,9.568884138388969e-07,3.79959724204626e-08,3.1310806641871025e-08,-2.010589275795087e-06,2.05478941711118e-06,-6.068584832243963e-07
216,3.8995896810766716e-08,-1.740279256884217e-07,9.565283676238323e-07,3.799389961672839e-08,3.1311596593308615e-08,-2.010587740642819e-06,2.0547881615969345e-06,-6.065068808847053e-07
217,3.867958467141655e-08,-1.7636875941349735e-07,9.578514550412365e-07,3.630255988179565e-08,2.895480727405086e-08,-2.010892456198016e-06,2.0547420079533216e-06,-6.060455897312095e-07
218,3.888664196053694e-08,-1.7659016246400444e-07,9.576493198437674e-07,3.5420022036908305e-08,2.7954691700360357e-08,-2.0110929059259045e-06,2.0551762801052826e-06,-6.056101091466738e-07
219,3.8970994467720996e-08,-1.7403047841180814e-07,9.565028449287638e-07,3.798886154607328e-08,3.130731790479402e-08,-2.0110480956302937e-06,2.055211259970187e-06,-6.064888020129722e-07
220,3.8684547119566426e-08,-1.7733343046713818e-07,9.58214627644338e-07,3.6313475729882194e-08,2.8960170539438224e-08,-2.0113234556458992e-06,2.0551694751166527e-06,-6.053990014717129e-07
221,2.710206408249169e-08,5.152775386164219e-08,5.51067862952781e-07,1.826064045112874e-08,2.433977461246961e-08,-1.9984890255772927e-06,2.0290810179646742e-06,-5.032812108677481e-07
222,2.8048597963659626e-08,5.140870431575891e-08,5.500903777488908e-07,2.0670687519291908e-08,1.3978127433311728e-08,-1.997867338864983e-06,2.0292095486562577e-06,-5.004586300094703e-07
223,2.7090687010518366e-08,5.155437049452064e-08,5.513553121838655e-07,1.8246663957555146e-08,2.434607024315305e-08,-1.9985003776685703e-06,2.0290793639423898e-06,-5.036449328216164e-07
224,2.7701864909824084e-08,5.1477579607523735e-08,5.507272564098109e-07,2.028398702128009e-08,1.6493091836711216e-08,-1.9981362111818094e-06,2.0291632883991725e-06,-5.017741051472529e-07
225,2.8033804336073668e-08,5.144385114376603e-08,5.50474595628625e-07,2.065226954728328e-08,1.3976576895835537e-08,-1.99788747000539e-06,2.029213079029961e-06,-5.009445803442927e-07
226,2.7691577827169186e-08,5.139330187577468e-08,5.499642193318444e-07,2.0850255980087162e-08,2.1862262222782647e-08,-1.998293280641949e-06,2.0296426038650892e-06,-5.012458570152757e-07
227,2.299482575169156e-08,5.110964068878056e-08,5.470585501266001e-07,1.9125212122328428e-08,1.5450987267406898e-08,-2.028772406958978e-06,2.054583889566353e-06,-4.992083939397964e-07
228,2.3108242613910718e-08,5.1296473404379525e-08,5.487789777602892e-07,1.9139816155588907e-08,1.5459057700617507e-08,-2.0286706128302967e-06,2.054601715962887e-06,-5.009991962817706e-07
229,2.309672751763404e-08,5.133293126054983e-08,5.491742773311437e-07,1.9126962635257483e-08,1.5448764628667178e-08,-2.028682178689678e-06,2.054600122840721e-06,-5.014909694405325e-07
230,2.310567371682998e-08,5.1306150207981646e-08,5.488848012769053e-07,1.9137072405917e-08,1.545682262737991e-08,-2.0286797735025175e-06,2.054607887774212e-06,-5.011249827917764e-07
231,2.3096385644999235e-08,5.1332903008240214e-08,5.49174159258925e-07,1.912686774588335e-08,1.544867628266999e-08,-2.0286886197595777e-06,2.0546061182993264e-06,-5.014909487217543e-07
232,2.297141050381507e-08,5.110778836343315e-08,5.470393587558853e-07,1.9118872433138145e-08,1.544517555518432e-08,-2.0292400257915237e-06,2.055019403820113e-06,-4.991966969391691e-07
233,2.3084597859028378e-08,5.1294804794908274e-08,5.48761073915216e-07,1.9133607965377e-08,1.545324229690337e-08,-2.029138492787297e-06,2.0550371651236497e-06,-5.009883140283389e-07
234,2.3801148185426547e-08,5.131082678539175e-08,5.489350585752284e-07,1.9244982045474316e-08,1.556842127437008e-08,-2.0269511783440664e-06,2.0536890003862947e-06,-5.010701737393515e-07
235,2.3791487762411627e-08,5.124887608138492e-08,5.4840409097201e-07,1.923318642890748e-08,1.5559210697624334e-08,-2.0269610040914866e-06,2.053687733753584e-06,-5.005434117882901e-07
236,2.3779428458443882e-08,5.128495644189613e-08,5.487955242466924e-07,1.9220734028685404e-08,1.55492619613451e-08,-2.026973015472146e-06,2.05368602464479e-06,-5.010299311155567e-07
237,2.380083048979546e-08,5.131080215393114e-08,5.489348104958934e-07,1.9244899698150908e-08,1.5568346473093797e-08,-2.0269584932370607e-06,2.0536959045480772e-06,-5.010700181755845e-07
238,2.3329420494174958e-08,5.1398120198588575e-08,5.496154341644299e-07,1.921442432939457e-08,1.5501776723381155e-08,-2.0273854027055577e-06,2.053619405401112e-06,-5.017209563525886e-07
239,2.326924098219364e-08,5.1326683986486084e-08,5.491253743383773e-07,2.495694891718747e-08,2.525039324852152e-08,-2.0280283054889226e-06,2.0540138390050158e-06,-5.023400179169149e-07
240,2.376805931052477e-08,5.12468507234457e-08,5.483823632412843e-07,1.9227095107016142e-08,1.5553509757904038e-08,-2.027428565905243e-06,2.0541228288279037e-06,-5.005280540870681e-07
241,3.6223152631706037e-08,-1.4372562239695855e-07,1.2170377772235952e-06,3.3598996144329485e-08,2.6837970318327464e-08,-1.9901098484658e-06,2.0311072223914534e-06,-8.975356916296473e-07
242,3.588771059064586e-08,-1.4362059903869634e-07,1.2180341286693874e-06,3.3578371781001204e-08,2.6687536291980507e-08,-1.990429181595644e-06,2.0310664094569717e-06,-8.984874616396744e-07
243,3.1920813646361176e-08,-1.4385406733332686e-07,1.2159071616224535e-06,3.2608685272828015e-08,2.5791458829749203e-08,-2.019143505614695e-06,2.055424036337129e-06,-8.975201306049563e-07
244,8.694451268063128e-08,-4.0197004876625005e-06,1.1313241429888874e-05,1.4484776719725367e-07,9.757191180015391e-08,-1.9670853966810087e-06,2.068175169395866e-06,-5.946391810890862e-06
245,3.1489555493257725e-08,-3.592648726895515e-07,9.041326620717882e-07,2.313652564325808e-08,1.3144485361271664e-08,-1.993156384828961e-06,2.028298313680216e-06,-4.437401629717478e-07
246,3.149082998624717e-08,-3.5930019905638325e-07,9.040186341735534e-07,2.31370839327838e-08,1.3149324545880248e-08,-1.9931549283756767e-06,2.0282984443481394e-06,-4.435964434945649e-07
247,3.1483801417818945e-08,-3.592256886635189e-07,9.043472459779879e-07,2.313162461228813e-08,1.3139762389258179e-08,-1.993162301111426e-06,2.028297712404443e-06,-4.440158897758752e-07
248,3.148890341796726e-08,-3.5926494177036025e-07,9.041320936375996e-07,2.3136364928066918e-08,1.314386821604785e-08,-1.993163461531819e-06,2.0283045895514245e-06,-4.437397471590728e-07
249,3.1490322047178765e-08,-3.5929971623676135e-07,9.040181794262026e-07,2.3137004371426292e-08,1.3149494437758591e-08,-1.9931614366581418e-06,2.028304344903959e-06,-4.435966111243639e-07
250,3.1483260572184614e-08,-3.592257380340743e-07,9.043471891345688e-07,2.313134595671729e-08,1.3139148102858657e-08,-1.9931688466723134e-06,2.028303586575536e-06,-4.440157075680022e-07
251,3.145419662513478e-08,-3.5926955158928874e-07,9.041114594765531e-07,2.3125606211232833e-08,1.3122280706490129e-08,-1.9936281667684043e-06,2.0287214477744983e-06,-4.4372782526059997e-07
252,3.1455433744265876e-08,-3.5930235755556565e-07,9.039965220836167e-07,2.3126025830433328e-08,1.3120612513128904e-08,-1.9936254469441466e-06,2.028720029361863e-06,-4.435853822315483e-07
253,3.144831478340887e-08,-3.5922945412466064e-07,9.043258160090772e-07,2.3120260789211144e-08,1.3109019009194256e-08,-1.9936327896351096e-06,2.0287190932218657e-06,-4.440039751126088e-07
254,2.6743760023759718e-08,-3.596709674244308e-07,9.020109814628086e-07,2.2026265811270207e-08,1.900022675305202e-08,-2.023715959253991e-06,2.0537254055003187e-06,-4.425415938563715e-07
255,2.6737262322836398e-08,-3.595964686535633e-07,9.023405027619448e-07,2.2021673911493123e-08,1.898335424965758e-08,-2.0237225921704294e-06,2.053724870488768e-06,-4.4296272294142616e-07
256,2.6743348500459476e-08,-3.596725797497215e-07,9.020115498969973e-07,2.202559295713669e-08,1.900770232876603e-08,-2.0237226703301303e-06,2.053731602300311e-06,-4.4254069832272425e-07
257,2.6736927074134772e-08,-3.595965204769092e-07,9.023403890751068e-07,2.2021730824300922e-08,1.898238766173677e-08,-2.0237290030422628e-06,2.053730883929456e-06,-4.429624645725249e-07
258,2.6716890168731675e-08,-3.59639385768629e-07,9.021046025736723e-07,2.20180520170421e-08,1.8994906009206503e-08,-2.024186031235331e-06,2.0541586127504745e-06,-4.4267347107558586e-07
259,2.6718163420363844e-08,-3.5967329408098485e-07,9.01990347301762e-07,2.2018390295058806e-08,1.8996612144439595e-08,-2.0241843898816114e-06,2.054158476526323e-06,-4.425302541355425e-07
260,2.6711856402792878e-08,-3.5959994611775657e-07,9.023204938785057e-07,2.201403184395878e-08,1.897610168999364e-08,-2.024190665750325e-06,2.0541577841094794e-06,-4.429508403991128e-07
261,2.7445956506848623e-08,-3.5966233319318855e-07,9.020600941767044e-07,2.2134866897727257e-08,1.911397345955024e-08,-2.021985773250029e-06,2.052812666304622e-06,-4.4248863524665177e-07
262,2.743959800441962e-08,-3.595878990196285e-07,9.023897291626779e-07,2.213056994257445e-08,1.909512967190885e-08,-2.0219922753515664e-06,2.0528121429689712e-06,-4.429096171158081e-07
263,2.7444311236828143e-08,-3.596271117965342e-07,9.021736104841692e-07,2.2134355529002114e-08,1.911478561544833e-08,-2.021994645003296e-06,2.0528196507902766e-06,-4.426322975350973e-07
264,2.7445545575034882e-08,-3.5966348257455977e-07,9.020596962727724e-07,2.213519811194997e-08,1.91085142153824e-08,-2.0219921292699604e-06,2.052818561268119e-06,-4.4248759197007553e-07
265,2.743921881723232e-08,-3.595879642812267e-07,9.023893881021651e-07,2.213042613746774e-08,1.909494792839972e-08,-2.0219987727113998e-06,2.052818156128021e-06,-4.4290938537708047e-07
266,2.6833112330725863e-08,-3.5960936694472227e-07,9.022730296237568e-07,2.1568571692553998e-08,3.5020634475690926e-08,-2.022365277542929e-06,2.053250492137048e-06,-4.43482521283599e-07
267,2.6834389171338267e-08,-3.596472356373875e-07,9.021605364978313e-07,2.1568484411677025e-08,3.502083678608159e-08,-2.0223639404492993e-06,2.0532503224155725e-06,-4.4333802058649225e-07
268,2.741403543044365e-08,-3.595913601662538e-07,9.023693223753073e-07,2.2122858302220383e-08,1.908813906936757e-08,-2.022460474257698e-06,2.0532446846519058e-06,-4.428976885945406e-07
269,7.590341102398307e-08,-9.375042886595367e-06,1.3726245697398555e-05,8.11211334113271e-08,3.498453102213084e-08,-1.9525857071147235e-06,2.039563704560657e-06,-3.5358770645178405e-06
270,7.591462735019075e-08,-9.375511596550114e-06,1.372643805552798e-05,8.114145443050003e-08,3.4994572267743607e-08,-1.952574500958116e-06,2.039565462877207e-06,-3.535465894932699e-06
271,7.586880236602972e-08,-9.374517412185397e-06,1.372643805552798e-05,8.111727246157273e-08,3.4976663287888954e-08,-1.9526191274645986e-06,2.039557340413378e-06,-3.5369802833454386e-06
272,7.590422246213932e-08,-9.37492800871906e-06,1.3726176803174894e-05,8.11335232261956e-08,3.499355896718903e-08,-1.9525909923472345e-06,2.0395699377787566e-06,-3.535948534117176e-06
273,7.591462980037923e-08,-9.375512215452505e-06,1.3726292081628344e-05,8.112400431622978e-08,3.4984559665884873e-08,-1.9525807574039705e-06,2.0395715174578707e-06,-3.5354741167725745e-06
274,7.586818114355522e-08,-9.374516804180651e-06,1.3726470569963569e-05,8.112395815176865e-08,3.498807801816106e-08,-1.9526258401765283e-06,2.039563346064589e-06,-3.536979635020404e-06
275,7.587648192597992e-08,-9.374938708272824e-06,1.372622091366793e-05,8.116432156229925e-08,3.498321063388765e-08,-1.9530576196717154e-06,2.03998748253434e-06,-3.5359349130786345e-06
276,7.514583492913622e-08,-9.375635071655257e-06,1.3726905308431014e-05,1.0355594839278617e-07,7.446113359232953e-08,-1.9536319248481832e-06,2.0398631865286928e-06,-3.535987772557148e-06
277,7.583865628915143e-08,-9.374642973786444e-06,1.372638212160382e-05,8.115992346235945e-08,3.4989001945762155e-08,-1.953094134311877e-06,2.039980593468023e-06,-3.5368849054845564e-06
278,7.071035125483237e-08,-9.376225776192406e-06,1.3724747986998407e-05,8.210080973750089e-08,3.194303335729565e-08,-1.982706535841316e-06,2.063697286158007e-06,-3.5347670840991724e-06
279,7.072646440579347e-08,-9.376353985222063e-06,1.3724882592214273e-05,8.209437283787646e-08,3.1936855549030696e-08,-1.9826828658864315e-06,2.06369958809978e-06,-3.5345762732785784e-06
280,7.067480115361237e-08,-9.375813261916954e-06,1.3724936252401676e-05,8.208480408583574e-08,3.193605840889901e-08,-1.9827360304702783e-06,2.063691206655898e-06,-3.535793867032698e-06
281,7.071155856984207e-08,-9.37611141022844e-06,1.3724762084166287e-05,8.210489971932633e-08,3.1946891104750463e-08,-1.982708379699716e-06,2.0637037200266737e-06,-3.5348401067747527e-06
282,7.072511440164636e-08,-9.376468720101643e-06,1.3724879636356489e-05,8.208490262506808e-08,3.192010336605655e-08,-1.9826911454856604e-06,2.0637056003921083e-06,-3.5345064382241724e-06
283,7.067432826777598e-08,-9.375812960595053e-06,1.3724929203817736e-05,8.208970400311322e-08,3.193816125457438e-08,-1.9827384818427163e-06,2.063697361794161e-06,-3.535795872018068e-06
284,6.950692544769287e-08,-9.376329110954377e-06,1.3725007647735765e-05,9.885831126626998e-08,6.558882198470782e-08,-1.9839932168252967e-06,2.063977790612675e-06,-3.5345443784973824e-06
285,7.070570865315385e-08,-9.376478748194259e-06,1.3724788004765287e-05,8.214380395332732e-08,3.194560835306782e-08,-1.983158863794188e-06,2.06413573803926e-06,-3.5344825423389015e-06
286,7.06583807772148e-08,-9.375597555698007e-06,1.3724861446462455e-05,8.214005883799835e-08,3.194952175045174e-08,-1.983203290478741e-06,2.0641281124707557e-06,-3.535923119661805e-06
287,7.139255284941814e-08,-9.376095346108246e-06,1.3724823247684979e-05,8.222735766935663e-08,3.20968902289831e-08,-1.981025916301244e-06,2.062828928507452e-06,-3.534792983006865e-06
288,7.140572948064524e-08,-9.376451926511797e-06,1.372492602058628e-05,8.221812256015149e-08,3.2082838108404836e-08,-1.981012773574211e-06,2.062830765355676e-06,-3.5344509533297157e-06
289,7.135824678182856e-08,-9.37556824372719e-06,1.3724932159675518e-05,8.221797100083084e-08,3.209042931384687e-08,-1.9810593676556146e-06,2.062823060805842e-06,-3.5358945779635042e-06
290,7.139377637243715e-08,-9.375979497998712e-06,1.3724771633860655e-05,8.222477942271267e-08,3.209484425448217e-08,-1.9810309747634648e-06,2.062835387831466e-06,-3.5348649325639635e-06
291,7.140595203726463e-08,-9.376451876581793e-06,1.3724896462008473e-05,8.219809207593576e-08,3.2069906785725515e-08,-1.981018956401031e-06,2.0628370364844174e-06,-3.5344603623310715e-06
292,7.135705727277958e-08,-9.37568198947612e-06,1.3724875543630333e-05,8.219878481000031e-08,3.207352206047176e-08,-1.981067000571832e-06,2.0628290790230928e-06,-3.535828089456855e-06
293,7.019032291131176e-08,-9.37631355865773e-06,1.3725015151067055e-05,9.894279966865537e-08,6.568214669377959e-08,-1.982328697748147e-06,2.063108548390481e-06,-3.534490152615026e-06
294,7.13881531935398e-08,-9.376344551934143e-06,1.3724884865951026e-05,8.225558924268572e-08,3.208445942259885e-08,-1.9814834848934175e-06,2.0632670550750656e-06,-3.5345129869024383e-06
295,7.133737193830815e-08,-9.375696904233915e-06,1.3724939435633132e-05,8.226884203391127e-08,3.2105002767401913e-08,-1.981533288917224e-06,2.063258839068553e-06,-3.5358045373909586e-06
296,3.6220582590087286e-08,3.3513946952990166e-08,4.0719385901999416e-07,2.817830590043369e-08,2.4404159415514212e-08,-1.9882587413985275e-06,2.028716769308923e-06,-3.3132722457958e-07
297,3.53776499419263e-08,3.35089042420946e-08,4.069559080832619e-07,2.538124748915904e-08,2.0925294441642706e-08,-1.989412075567337e-06,2.0290116085844046e-06,-3.312056874953638e-07
298,3.5376785138092285e-08,3.3484868684136166e-08,4.066989994777615e-07,2.5377514662611175e-08,2.092191606073435e-08,-1.989400932009229e-06,2.0289993580148103e-06,-3.309674075913094e-07
299,3.618692489789407e-08,3.35115918098448e-08,4.071655682058584e-07,2.8168705097642022e-08,2.442777261024709e-08,-1.9887244751250687e-06,2.0291306253682664e-06,-3.313580439518078e-07
300,2.9812059870162795e-08,3.3282581323848214e-08,4.041933937548592e-07,2.3957818954395416e-08,1.9589934119323967e-08,-2.020435744043425e-06,2.053863691929043e-06,-3.3009183167918843e-07
301,3.038533247955904e-08,3.3343662016138885e-08,4.0488605274058287e-07,2.7263289362200457e-08,2.442904276089841e-08,-2.0199087380490255e-06,2.0539643474151653e-06,-3.29991450682271e-07
302,2.978662740651906e-08,3.327217991936717e-08,4.04069321446876e-07,2.395046053496608e-08,1.958324169493153e-08,-2.0209316282659984e-06,2.054323116969373e-06,-3.29971502606094e-07
303,3.032483359701691e-08,3.325979800333162e-08,4.0403769235863857e-07,2.5160102234272896e-08,2.1399058997007003e-08,-2.020379801237482e-06,2.0543783110586557e-06,-3.294240242257551e-07
304,3.041299320114552e-08,3.3274567377517426e-08,4.041136439925097e-07,7.396074209672919e-08,7.783100691716173e-08,-2.020685123227395e-06,2.0543559784359216e-06,-3.244954707168693e-07
305,3.1127309083685446e-08,3.328735732143963e-08,4.0434035025738174e-07,2.493704071709901e-08,2.078696167973071e-08,-2.0181005871014804e-06,2.0530385805733204e-06,-3.2950400878205966e-07
306,3.091228155009196e-08,3.321540092080773e-08,4.036884059255285e-07,3.8200992962672535e-08,3.656235250670825e-08,-2.018805221945877e-06,2.0534340867552344e-06,-3.2826216850257925e-07
307,3.094255365061922e-08,3.320850763848793e-08,4.035051250350641e-07,2.4588379519963066e-08,2.0322405869244164e-08,-2.018750141648837e-06,2.053448401247189e-06,-3.2913639630427477e-07
308,3.069247430932372e-08,3.3295819370048724e-08,4.0438789278285364e-07,2.4850808043319628e-08,2.0512236159619945e-08,-2.019052971088855e-06,2.053426101590724e-06,-3.295267142061891e-07
309,4.318567812253496e-08,-1.736863819801003e-07,9.594756988917652e-07,3.494718758129123e-08,3.632764586369852e-08,-1.981573571041188e-06,2.0303786028798527e-06,-6.113363464801524e-07
310,4.3193911778858975e-08,-1.7374027361295074e-07,9.591221896698698e-07,3.511863025038031e-08,3.658566957720488e-08,-1.981555136875861e-06,2.0303806019372203e-06,-6.108835298723747e-07
311,4.318238334575717e-08,-1.7367071786732712e-07,9.596238896847351e-07,3.492998407531034e-08,3.6302934658394286e-08,-1.9815776195381044e-06,2.03037791175905e-06,-6.115136007604164e-07
312,4.318484889630735e-08,-1.7368637224757061e-07,9.59475357831252e-07,3.494134637183067e-08,3.631954770266788e-08,-1.981580637310768e-06,2.03038427531502e-06,-6.113395800040611e-07
313,4.3193415473605137e-08,-1.737403152202662e-07,9.591219622961944e-07,3.5119332650324075e-08,3.6586529306159576e-08,-1.981561587245125e-06,2.0303864001217393e-06,-6.108827600437294e-07
314,4.318193174839306e-08,-1.7367076432083402e-07,9.5962315072029e-07,3.4931453302827764e-08,3.6304762807137785e-08,-1.981584007013125e-06,2.030383718540317e-06,-6.115121657464164e-07
315,4.3146358168829214e-08,-1.7368839117361428e-07,9.594425591785694e-07,3.4862702134874635e-08,3.6201188713391736e-08,-1.9820511298561903e-06,2.03079529729589e-06,-6.113614771144879e-07
316,4.315457246238663e-08,-1.7374229251648704e-07,9.590897889211194e-07,3.5036274503158487e-08,3.646301655058082e-08,-1.982032591575227e-06,2.030797303635551e-06,-6.109077569371736e-07
317,4.314292041126362e-08,-1.7367269725871275e-07,9.59592171057011e-07,3.4843862139338766e-08,3.6173897099978085e-08,-1.9820554302324347e-06,2.030794561866967e-06,-6.115400626898523e-07
318,3.8724652940791235e-08,-1.739537172920816e-07,9.571213013259694e-07,3.797077102046798e-08,3.1271587680459234e-08,-2.011913176502844e-06,2.0556973105572027e-06,-6.070804159682801e-07
319,3.8724330798250734e-08,-1.740059015779387e-07,9.567583560965431e-07,3.796693300375797e-08,3.1269837913461274e-08,-2.0119124783946063e-06,2.0556958974735087e-06,-6.067291317690683e-07
320,3.8721990763617656e-08,-1.7393813261430216e-07,9.572700037097093e-07,3.7968045624170443e-08,3.126876532699718e-08,-2.0119158641307418e-06,2.0556969140759082e-06,-6.072473209973572e-07
321,3.872441776086016e-08,-1.7395378261796964e-07,9.571212444825503e-07,3.797073982667043e-08,3.127155398519044e-08,-2.011919482569624e-06,2.0557033027746616e-06,-6.070800453255275e-07
322,3.872405573957481e-08,-1.7400594437481283e-07,9.567583560965431e-07,3.7967080385864493e-08,3.1270047246012567e-08,-2.0119188111067388e-06,2.0557019177047803e-06,-6.067285453492666e-07
323,3.8721513745941e-08,-1.7393817944512579e-07,9.57270231083385e-07,3.796791157167912e-08,3.1268647893156754e-08,-2.011922431321977e-06,2.0557029050619443e-06,-6.072473159662254e-07
324,3.869903755250853e-08,-1.7395635199775749e-07,9.5709083325346e-07,3.796541701503453e-08,3.1266961519893506e-08,-2.0123830246632224e-06,2.0561291854231743e-06,-6.070607418446217e-07
325,3.869871901786759e-08,-1.7400852989619672e-07,9.567319239067729e-07,3.79617374236807e-08,3.1265374900169014e-08,-2.0123824047146854e-06,2.056127761960017e-06,-6.067103864859645e-07
326,3.869625928883255e-08,-1.739407711473557e-07,9.572408430358335e-07,3.796283143051027e-08,3.12643129163348e-08,-2.012385850846954e-06,2.0561287671043997e-06,-6.072279909450414e-07
327,3.94388254662168e-08,-1.7394845011419056e-07,9.571742225489288e-07,3.8082029561042896e-08,3.138645188194288e-08,-2.0101695863216458e-06,2.0547860789084487e-06,-6.070281115524902e-07
328,3.943844536412549e-08,-1.7400064053235188e-07,9.568175300955772e-07,3.807844598316401e-08,3.1384970539116714e-08,-2.010168856104327e-06,2.054784654013156e-06,-6.066788194591943e-07
329,3.943601554654788e-08,-1.73932851305302e-07,9.573242323313023e-07,3.807924275553432e-08,3.138357007603787e-08,-2.010172350342049e-06,2.054785669105342e-06,-6.071960854114877e-07
330,3.943843135037873e-08,-1.7394848641436606e-07,9.571747341396986e-07,3.808198319188438e-08,3.138643256406226e-08,-2.010176109580033e-06,2.054792072057563e-06,-6.070282220571946e-07
331,3.943805803376674e-08,-1.7400067602008555e-07,9.568149721417285e-07,3.8078393542473326e-08,3.138494944487924e-08,-2.0101753721328748e-06,2.0547906472369078e-06,-6.066775903312839e-07
332,3.94356491870986e-08,-1.7393289750064766e-07,9.573242323313023e-07,3.807911223493998e-08,3.1383436044363215e-08,-2.0101788515663045e-06,2.0547916669342624e-06,-6.071951774882286e-07
333,3.9413088007611476e-08,-1.7395108007590256e-07,9.571478472025774e-07,3.8076842946016536e-08,3.138200910246525e-08,-2.010639513444685e-06,2.055217561097433e-06,-6.070088937838378e-07
334,3.941271920621364e-08,-1.7400325836608775e-07,9.567871757099056e-07,3.8073042833014485e-08,3.1380308157524794e-08,-2.0106387943164237e-06,2.0552161561070616e-06,-6.066592023734607e-07
335,3.941030173244039e-08,-1.7393547711112475e-07,9.572955832481966e-07,3.807409219153123e-08,3.1379171289147585e-08,-2.0106422615705217e-06,2.055217163273637e-06,-6.071760607821806e-07
