,ENO_total,FBA1_total,FBA2_total,GAPD_total,PGK_total,PGMd_total,PGMi_total,TPI_total
27,1,1,1,1,2,1,1,1
29,1,1,1,1,2,1,1,3
30,1,1,1,1,2,1,2,1
32,1,1,1,1,2,1,2,3
33,1,1,1,1,2,1,3,1
35,1,1,1,1,2,1,3,3
36,1,1,1,1,2,2,1,1
38,1,1,1,1,2,2,1,3
39,1,1,1,1,2,2,2,1
41,1,1,1,1,2,2,2,3
42,1,1,1,1,2,2,3,1
44,1,1,1,1,2,2,3,3
45,1,1,1,1,2,3,1,1
47,1,1,1,1,2,3,1,3
48,1,1,1,1,2,3,2,1
50,1,1,1,1,2,3,2,3
51,1,1,1,1,2,3,3,1
53,1,1,1,1,2,3,3,3
177,1,1,1,3,1,2,3,1
178,1,1,1,3,1,2,3,2
179,1,1,1,3,1,2,3,3
186,1,1,1,3,1,3,3,1
187,1,1,1,3,1,3,3,2
188,1,1,1,3,1,3,3,3
199,1,1,1,3,2,2,1,2
202,1,1,1,3,2,2,2,2
216,1,1,1,3,3,1,1,1
217,1,1,1,3,3,1,1,2
218,1,1,1,3,3,1,1,3
219,1,1,1,3,3,1,2,1
220,1,1,1,3,3,1,2,2
221,1,1,1,3,3,1,2,3
222,1,1,1,3,3,1,3,1
223,1,1,1,3,3,1,3,2
224,1,1,1,3,3,1,3,3
225,1,1,1,3,3,2,1,1
226,1,1,1,3,3,2,1,2
227,1,1,1,3,3,2,1,3
228,1,1,1,3,3,2,2,1
229,1,1,1,3,3,2,2,2
230,1,1,1,3,3,2,2,3
231,1,1,1,3,3,2,3,1
232,1,1,1,3,3,2,3,2
233,1,1,1,3,3,2,3,3
234,1,1,1,3,3,3,1,1
235,1,1,1,3,3,3,1,2
236,1,1,1,3,3,3,1,3
237,1,1,1,3,3,3,2,1
238,1,1,1,3,3,3,2,2
239,1,1,1,3,3,3,2,3
240,1,1,1,3,3,3,3,1
241,1,1,1,3,3,3,3,2
242,1,1,1,3,3,3,3,3
270,1,1,2,1,2,1,1,1
271,1,1,2,1,2,1,1,2
272,1,1,2,1,2,1,1,3
273,1,1,2,1,2,1,2,1
274,1,1,2,1,2,1,2,2
275,1,1,2,1,2,1,2,3
276,1,1,2,1,2,1,3,1
277,1,1,2,1,2,1,3,2
278,1,1,2,1,2,1,3,3
279,1,1,2,1,2,2,1,1
280,1,1,2,1,2,2,1,2
281,1,1,2,1,2,2,1,3
282,1,1,2,1,2,2,2,1
283,1,1,2,1,2,2,2,2
284,1,1,2,1,2,2,2,3
285,1,1,2,1,2,2,3,1
286,1,1,2,1,2,2,3,2
287,1,1,2,1,2,2,3,3
288,1,1,2,1,2,3,1,1
289,1,1,2,1,2,3,1,2
290,1,1,2,1,2,3,1,3
291,1,1,2,1,2,3,2,1
292,1,1,2,1,2,3,2,2
293,1,1,2,1,2,3,2,3
294,1,1,2,1,2,3,3,1
295,1,1,2,1,2,3,3,2
296,1,1,2,1,2,3,3,3
368,1,1,2,2,2,2,3,3
378,1,1,2,2,3,1,1,1
379,1,1,2,2,3,1,1,2
380,1,1,2,2,3,1,1,3
381,1,1,2,2,3,1,2,1
382,1,1,2,2,3,1,2,2
383,1,1,2,2,3,1,2,3
384,1,1,2,2,3,1,3,1
385,1,1,2,2,3,1,3,2
386,1,1,2,2,3,1,3,3
387,1,1,2,2,3,2,1,1
388,1,1,2,2,3,2,1,2
389,1,1,2,2,3,2,1,3
390,1,1,2,2,3,2,2,1
391,1,1,2,2,3,2,2,2
392,1,1,2,2,3,2,2,3
393,1,1,2,2,3,2,3,1
394,1,1,2,2,3,2,3,2
395,1,1,2,2,3,2,3,3
396,1,1,2,2,3,3,1,1
397,1,1,2,2,3,3,1,2
398,1,1,2,2,3,3,1,3
399,1,1,2,2,3,3,2,1
400,1,1,2,2,3,3,2,2
401,1,1,2,2,3,3,2,3
402,1,1,2,2,3,3,3,1
403,1,1,2,2,3,3,3,2
404,1,1,2,2,3,3,3,3
432,1,1,2,3,2,1,1,1
433,1,1,2,3,2,1,1,2
434,1,1,2,3,2,1,1,3
435,1,1,2,3,2,1,2,1
436,1,1,2,3,2,1,2,2
437,1,1,2,3,2,1,2,3
438,1,1,2,3,2,1,3,1
439,1,1,2,3,2,1,3,2
440,1,1,2,3,2,1,3,3
441,1,1,2,3,2,2,1,1
442,1,1,2,3,2,2,1,2
443,1,1,2,3,2,2,1,3
444,1,1,2,3,2,2,2,1
445,1,1,2,3,2,2,2,2
446,1,1,2,3,2,2,2,3
447,1,1,2,3,2,2,3,1
448,1,1,2,3,2,2,3,2
449,1,1,2,3,2,2,3,3
450,1,1,2,3,2,3,1,1
451,1,1,2,3,2,3,1,2
452,1,1,2,3,2,3,1,3
453,1,1,2,3,2,3,2,1
454,1,1,2,3,2,3,2,2
455,1,1,2,3,2,3,2,3
456,1,1,2,3,2,3,3,1
457,1,1,2,3,2,3,3,2
458,1,1,2,3,2,3,3,3
459,1,1,2,3,3,1,1,1
460,1,1,2,3,3,1,1,2
461,1,1,2,3,3,1,1,3
462,1,1,2,3,3,1,2,1
463,1,1,2,3,3,1,2,2
464,1,1,2,3,3,1,2,3
465,1,1,2,3,3,1,3,1
466,1,1,2,3,3,1,3,2
467,1,1,2,3,3,1,3,3
468,1,1,2,3,3,2,1,1
469,1,1,2,3,3,2,1,2
470,1,1,2,3,3,2,1,3
471,1,1,2,3,3,2,2,1
472,1,1,2,3,3,2,2,2
473,1,1,2,3,3,2,2,3
474,1,1,2,3,3,2,3,1
475,1,1,2,3,3,2,3,2
476,1,1,2,3,3,2,3,3
477,1,1,2,3,3,3,1,1
478,1,1,2,3,3,3,1,2
479,1,1,2,3,3,3,1,3
480,1,1,2,3,3,3,2,1
481,1,1,2,3,3,3,2,2
482,1,1,2,3,3,3,2,3
483,1,1,2,3,3,3,3,1
484,1,1,2,3,3,3,3,2
485,1,1,2,3,3,3,3,3
519,1,1,3,1,2,1,3,1
520,1,1,3,1,2,1,3,2
572,1,1,3,2,1,1,2,3
573,1,1,3,2,1,1,3,1
578,1,1,3,2,1,2,1,3
582,1,1,3,2,1,2,3,1
587,1,1,3,2,1,3,1,3
591,1,1,3,2,1,3,3,1
592,1,1,3,2,1,3,3,2
612,1,1,3,2,2,3,1,1
613,1,1,3,2,2,3,1,2
615,1,1,3,2,2,3,2,1
617,1,1,3,2,2,3,2,3
702,1,1,3,3,3,1,1,1
704,1,1,3,3,3,1,1,3
705,1,1,3,3,3,1,2,1
707,1,1,3,3,3,1,2,3
711,1,1,3,3,3,2,1,1
713,1,1,3,3,3,2,1,3
714,1,1,3,3,3,2,2,1
716,1,1,3,3,3,2,2,3
717,1,1,3,3,3,2,3,1
719,1,1,3,3,3,2,3,3
720,1,1,3,3,3,3,1,1
722,1,1,3,3,3,3,1,3
723,1,1,3,3,3,3,2,1
725,1,1,3,3,3,3,2,3
726,1,1,3,3,3,3,3,1
728,1,1,3,3,3,3,3,3
756,1,2,1,1,2,1,1,1
757,1,2,1,1,2,1,1,2
758,1,2,1,1,2,1,1,3
759,1,2,1,1,2,1,2,1
760,1,2,1,1,2,1,2,2
761,1,2,1,1,2,1,2,3
762,1,2,1,1,2,1,3,1
763,1,2,1,1,2,1,3,2
764,1,2,1,1,2,1,3,3
765,1,2,1,1,2,2,1,1
766,1,2,1,1,2,2,1,2
767,1,2,1,1,2,2,1,3
768,1,2,1,1,2,2,2,1
769,1,2,1,1,2,2,2,2
770,1,2,1,1,2,2,2,3
771,1,2,1,1,2,2,3,1
772,1,2,1,1,2,2,3,2
773,1,2,1,1,2,2,3,3
774,1,2,1,1,2,3,1,1
775,1,2,1,1,2,3,1,2
776,1,2,1,1,2,3,1,3
777,1,2,1,1,2,3,2,1
778,1,2,1,1,2,3,2,2
779,1,2,1,1,2,3,2,3
780,1,2,1,1,2,3,3,1
781,1,2,1,1,2,3,3,2
782,1,2,1,1,2,3,3,3
810,1,2,1,2,1,1,1,1
811,1,2,1,2,1,1,1,2
812,1,2,1,2,1,1,1,3
813,1,2,1,2,1,1,2,1
814,1,2,1,2,1,1,2,2
815,1,2,1,2,1,1,2,3
816,1,2,1,2,1,1,3,1
817,1,2,1,2,1,1,3,2
818,1,2,1,2,1,1,3,3
819,1,2,1,2,1,2,1,1
820,1,2,1,2,1,2,1,2
821,1,2,1,2,1,2,1,3
822,1,2,1,2,1,2,2,1
823,1,2,1,2,1,2,2,2
824,1,2,1,2,1,2,2,3
825,1,2,1,2,1,2,3,1
826,1,2,1,2,1,2,3,2
827,1,2,1,2,1,2,3,3
828,1,2,1,2,1,3,1,1
829,1,2,1,2,1,3,1,2
830,1,2,1,2,1,3,1,3
831,1,2,1,2,1,3,2,1
832,1,2,1,2,1,3,2,2
833,1,2,1,2,1,3,2,3
834,1,2,1,2,1,3,3,1
835,1,2,1,2,1,3,3,2
836,1,2,1,2,1,3,3,3
837,1,2,1,2,2,1,1,1
838,1,2,1,2,2,1,1,2
839,1,2,1,2,2,1,1,3
840,1,2,1,2,2,1,2,1
841,1,2,1,2,2,1,2,2
842,1,2,1,2,2,1,2,3
843,1,2,1,2,2,1,3,1
844,1,2,1,2,2,1,3,2
845,1,2,1,2,2,1,3,3
846,1,2,1,2,2,2,1,1
847,1,2,1,2,2,2,1,2
848,1,2,1,2,2,2,1,3
849,1,2,1,2,2,2,2,1
850,1,2,1,2,2,2,2,2
851,1,2,1,2,2,2,2,3
852,1,2,1,2,2,2,3,1
853,1,2,1,2,2,2,3,2
854,1,2,1,2,2,2,3,3
855,1,2,1,2,2,3,1,1
856,1,2,1,2,2,3,1,2
857,1,2,1,2,2,3,1,3
858,1,2,1,2,2,3,2,1
859,1,2,1,2,2,3,2,2
860,1,2,1,2,2,3,2,3
861,1,2,1,2,2,3,3,1
862,1,2,1,2,2,3,3,2
863,1,2,1,2,2,3,3,3
864,1,2,1,2,3,1,1,1
865,1,2,1,2,3,1,1,2
866,1,2,1,2,3,1,1,3
867,1,2,1,2,3,1,2,1
868,1,2,1,2,3,1,2,2
869,1,2,1,2,3,1,2,3
870,1,2,1,2,3,1,3,1
871,1,2,1,2,3,1,3,2
872,1,2,1,2,3,1,3,3
873,1,2,1,2,3,2,1,1
874,1,2,1,2,3,2,1,2
875,1,2,1,2,3,2,1,3
876,1,2,1,2,3,2,2,1
877,1,2,1,2,3,2,2,2
878,1,2,1,2,3,2,2,3
879,1,2,1,2,3,2,3,1
880,1,2,1,2,3,2,3,2
881,1,2,1,2,3,2,3,3
882,1,2,1,2,3,3,1,1
883,1,2,1,2,3,3,1,2
884,1,2,1,2,3,3,1,3
885,1,2,1,2,3,3,2,1
886,1,2,1,2,3,3,2,2
887,1,2,1,2,3,3,2,3
888,1,2,1,2,3,3,3,1
889,1,2,1,2,3,3,3,2
890,1,2,1,2,3,3,3,3
918,1,2,1,3,2,1,1,1
919,1,2,1,3,2,1,1,2
920,1,2,1,3,2,1,1,3
921,1,2,1,3,2,1,2,1
922,1,2,1,3,2,1,2,2
923,1,2,1,3,2,1,2,3
924,1,2,1,3,2,1,3,1
925,1,2,1,3,2,1,3,2
926,1,2,1,3,2,1,3,3
927,1,2,1,3,2,2,1,1
928,1,2,1,3,2,2,1,2
929,1,2,1,3,2,2,1,3
930,1,2,1,3,2,2,2,1
931,1,2,1,3,2,2,2,2
932,1,2,1,3,2,2,2,3
933,1,2,1,3,2,2,3,1
934,1,2,1,3,2,2,3,2
935,1,2,1,3,2,2,3,3
936,1,2,1,3,2,3,1,1
937,1,2,1,3,2,3,1,2
938,1,2,1,3,2,3,1,3
939,1,2,1,3,2,3,2,1
940,1,2,1,3,2,3,2,2
941,1,2,1,3,2,3,2,3
942,1,2,1,3,2,3,3,1
943,1,2,1,3,2,3,3,2
944,1,2,1,3,2,3,3,3
945,1,2,1,3,3,1,1,1
946,1,2,1,3,3,1,1,2
947,1,2,1,3,3,1,1,3
948,1,2,1,3,3,1,2,1
949,1,2,1,3,3,1,2,2
950,1,2,1,3,3,1,2,3
951,1,2,1,3,3,1,3,1
952,1,2,1,3,3,1,3,2
953,1,2,1,3,3,1,3,3
954,1,2,1,3,3,2,1,1
955,1,2,1,3,3,2,1,2
956,1,2,1,3,3,2,1,3
957,1,2,1,3,3,2,2,1
958,1,2,1,3,3,2,2,2
959,1,2,1,3,3,2,2,3
960,1,2,1,3,3,2,3,1
961,1,2,1,3,3,2,3,2
962,1,2,1,3,3,2,3,3
963,1,2,1,3,3,3,1,1
964,1,2,1,3,3,3,1,2
965,1,2,1,3,3,3,1,3
966,1,2,1,3,3,3,2,1
967,1,2,1,3,3,3,2,2
968,1,2,1,3,3,3,2,3
969,1,2,1,3,3,3,3,1
970,1,2,1,3,3,3,3,2
971,1,2,1,3,3,3,3,3
999,1,2,2,1,2,1,1,1
1000,1,2,2,1,2,1,1,2
1001,1,2,2,1,2,1,1,3
1002,1,2,2,1,2,1,2,1
1003,1,2,2,1,2,1,2,2
1004,1,2,2,1,2,1,2,3
1005,1,2,2,1,2,1,3,1
1006,1,2,2,1,2,1,3,2
1007,1,2,2,1,2,1,3,3
1008,1,2,2,1,2,2,1,1
1009,1,2,2,1,2,2,1,2
1010,1,2,2,1,2,2,1,3
1011,1,2,2,1,2,2,2,1
1012,1,2,2,1,2,2,2,2
1013,1,2,2,1,2,2,2,3
1014,1,2,2,1,2,2,3,1
1015,1,2,2,1,2,2,3,2
1016,1,2,2,1,2,2,3,3
1017,1,2,2,1,2,3,1,1
1018,1,2,2,1,2,3,1,2
1019,1,2,2,1,2,3,1,3
1020,1,2,2,1,2,3,2,1
1021,1,2,2,1,2,3,2,2
1022,1,2,2,1,2,3,2,3
1023,1,2,2,1,2,3,3,1
1024,1,2,2,1,2,3,3,2
1025,1,2,2,1,2,3,3,3
1053,1,2,2,2,1,1,1,1
1055,1,2,2,2,1,1,1,3
1056,1,2,2,2,1,1,2,1
1057,1,2,2,2,1,1,2,2
1058,1,2,2,2,1,1,2,3
1059,1,2,2,2,1,1,3,1
1060,1,2,2,2,1,1,3,2
1061,1,2,2,2,1,1,3,3
1062,1,2,2,2,1,2,1,1
1063,1,2,2,2,1,2,1,2
1064,1,2,2,2,1,2,1,3
1065,1,2,2,2,1,2,2,1
1066,1,2,2,2,1,2,2,2
1067,1,2,2,2,1,2,2,3
1068,1,2,2,2,1,2,3,1
1069,1,2,2,2,1,2,3,2
1070,1,2,2,2,1,2,3,3
1071,1,2,2,2,1,3,1,1
1072,1,2,2,2,1,3,1,2
1073,1,2,2,2,1,3,1,3
1074,1,2,2,2,1,3,2,1
1075,1,2,2,2,1,3,2,2
1076,1,2,2,2,1,3,2,3
1077,1,2,2,2,1,3,3,1
1078,1,2,2,2,1,3,3,2
1079,1,2,2,2,1,3,3,3
1080,1,2,2,2,2,1,1,1
1081,1,2,2,2,2,1,1,2
1082,1,2,2,2,2,1,1,3
1083,1,2,2,2,2,1,2,1
1084,1,2,2,2,2,1,2,2
1085,1,2,2,2,2,1,2,3
1086,1,2,2,2,2,1,3,1
1087,1,2,2,2,2,1,3,2
1088,1,2,2,2,2,1,3,3
1089,1,2,2,2,2,2,1,1
1090,1,2,2,2,2,2,1,2
1091,1,2,2,2,2,2,1,3
1092,1,2,2,2,2,2,2,1
1093,1,2,2,2,2,2,2,2
1094,1,2,2,2,2,2,2,3
1095,1,2,2,2,2,2,3,1
1096,1,2,2,2,2,2,3,2
1097,1,2,2,2,2,2,3,3
1098,1,2,2,2,2,3,1,1
1099,1,2,2,2,2,3,1,2
1100,1,2,2,2,2,3,1,3
1101,1,2,2,2,2,3,2,1
1102,1,2,2,2,2,3,2,2
1103,1,2,2,2,2,3,2,3
1104,1,2,2,2,2,3,3,1
1105,1,2,2,2,2,3,3,2
1106,1,2,2,2,2,3,3,3
1107,1,2,2,2,3,1,1,1
1108,1,2,2,2,3,1,1,2
1109,1,2,2,2,3,1,1,3
1110,1,2,2,2,3,1,2,1
1111,1,2,2,2,3,1,2,2
1112,1,2,2,2,3,1,2,3
1113,1,2,2,2,3,1,3,1
1114,1,2,2,2,3,1,3,2
1115,1,2,2,2,3,1,3,3
1116,1,2,2,2,3,2,1,1
1117,1,2,2,2,3,2,1,2
1118,1,2,2,2,3,2,1,3
1119,1,2,2,2,3,2,2,1
1120,1,2,2,2,3,2,2,2
1121,1,2,2,2,3,2,2,3
1122,1,2,2,2,3,2,3,1
1123,1,2,2,2,3,2,3,2
1124,1,2,2,2,3,2,3,3
1125,1,2,2,2,3,3,1,1
1126,1,2,2,2,3,3,1,2
1127,1,2,2,2,3,3,1,3
1128,1,2,2,2,3,3,2,1
1129,1,2,2,2,3,3,2,2
1130,1,2,2,2,3,3,2,3
1131,1,2,2,2,3,3,3,1
1132,1,2,2,2,3,3,3,2
1133,1,2,2,2,3,3,3,3
1141,1,2,2,3,1,1,3,2
1150,1,2,2,3,1,2,3,2
1159,1,2,2,3,1,3,3,2
1161,1,2,2,3,2,1,1,1
1162,1,2,2,3,2,1,1,2
1163,1,2,2,3,2,1,1,3
1164,1,2,2,3,2,1,2,1
1165,1,2,2,3,2,1,2,2
1166,1,2,2,3,2,1,2,3
1167,1,2,2,3,2,1,3,1
1168,1,2,2,3,2,1,3,2
1169,1,2,2,3,2,1,3,3
1170,1,2,2,3,2,2,1,1
1171,1,2,2,3,2,2,1,2
1172,1,2,2,3,2,2,1,3
1173,1,2,2,3,2,2,2,1
1174,1,2,2,3,2,2,2,2
1175,1,2,2,3,2,2,2,3
1176,1,2,2,3,2,2,3,1
1177,1,2,2,3,2,2,3,2
1178,1,2,2,3,2,2,3,3
1179,1,2,2,3,2,3,1,1
1180,1,2,2,3,2,3,1,2
1181,1,2,2,3,2,3,1,3
1182,1,2,2,3,2,3,2,1
1183,1,2,2,3,2,3,2,2
1184,1,2,2,3,2,3,2,3
1185,1,2,2,3,2,3,3,1
1186,1,2,2,3,2,3,3,2
1187,1,2,2,3,2,3,3,3
1188,1,2,2,3,3,1,1,1
1189,1,2,2,3,3,1,1,2
1190,1,2,2,3,3,1,1,3
1191,1,2,2,3,3,1,2,1
1192,1,2,2,3,3,1,2,2
1193,1,2,2,3,3,1,2,3
1194,1,2,2,3,3,1,3,1
1195,1,2,2,3,3,1,3,2
1196,1,2,2,3,3,1,3,3
1197,1,2,2,3,3,2,1,1
1198,1,2,2,3,3,2,1,2
1199,1,2,2,3,3,2,1,3
1200,1,2,2,3,3,2,2,1
1201,1,2,2,3,3,2,2,2
1202,1,2,2,3,3,2,2,3
1203,1,2,2,3,3,2,3,1
1204,1,2,2,3,3,2,3,2
1205,1,2,2,3,3,2,3,3
1206,1,2,2,3,3,3,1,1
1207,1,2,2,3,3,3,1,2
1208,1,2,2,3,3,3,1,3
1209,1,2,2,3,3,3,2,1
1210,1,2,2,3,3,3,2,2
1211,1,2,2,3,3,3,2,3
1212,1,2,2,3,3,3,3,1
1213,1,2,2,3,3,3,3,2
1214,1,2,2,3,3,3,3,3
1296,1,2,3,2,1,1,1,1
1297,1,2,3,2,1,1,1,2
1298,1,2,3,2,1,1,1,3
1299,1,2,3,2,1,1,2,1
1300,1,2,3,2,1,1,2,2
1301,1,2,3,2,1,1,2,3
1302,1,2,3,2,1,1,3,1
1303,1,2,3,2,1,1,3,2
1304,1,2,3,2,1,1,3,3
1305,1,2,3,2,1,2,1,1
1306,1,2,3,2,1,2,1,2
1311,1,2,3,2,1,2,3,1
1312,1,2,3,2,1,2,3,2
1313,1,2,3,2,1,2,3,3
1314,1,2,3,2,1,3,1,1
1315,1,2,3,2,1,3,1,2
1316,1,2,3,2,1,3,1,3
1317,1,2,3,2,1,3,2,1
1318,1,2,3,2,1,3,2,2
1319,1,2,3,2,1,3,2,3
1320,1,2,3,2,1,3,3,1
1321,1,2,3,2,1,3,3,2
1322,1,2,3,2,1,3,3,3
1323,1,2,3,2,2,1,1,1
1324,1,2,3,2,2,1,1,2
1325,1,2,3,2,2,1,1,3
1326,1,2,3,2,2,1,2,1
1327,1,2,3,2,2,1,2,2
1328,1,2,3,2,2,1,2,3
1329,1,2,3,2,2,1,3,1
1330,1,2,3,2,2,1,3,2
1331,1,2,3,2,2,1,3,3
1332,1,2,3,2,2,2,1,1
1333,1,2,3,2,2,2,1,2
1334,1,2,3,2,2,2,1,3
1335,1,2,3,2,2,2,2,1
1336,1,2,3,2,2,2,2,2
1337,1,2,3,2,2,2,2,3
1338,1,2,3,2,2,2,3,1
1339,1,2,3,2,2,2,3,2
1340,1,2,3,2,2,2,3,3
1341,1,2,3,2,2,3,1,1
1342,1,2,3,2,2,3,1,2
1343,1,2,3,2,2,3,1,3
1344,1,2,3,2,2,3,2,1
1345,1,2,3,2,2,3,2,2
1346,1,2,3,2,2,3,2,3
1347,1,2,3,2,2,3,3,1
1348,1,2,3,2,2,3,3,2
1349,1,2,3,2,2,3,3,3
1350,1,2,3,2,3,1,1,1
1351,1,2,3,2,3,1,1,2
1352,1,2,3,2,3,1,1,3
1353,1,2,3,2,3,1,2,1
1354,1,2,3,2,3,1,2,2
1355,1,2,3,2,3,1,2,3
1356,1,2,3,2,3,1,3,1
1357,1,2,3,2,3,1,3,2
1358,1,2,3,2,3,1,3,3
1359,1,2,3,2,3,2,1,1
1360,1,2,3,2,3,2,1,2
1361,1,2,3,2,3,2,1,3
1362,1,2,3,2,3,2,2,1
1363,1,2,3,2,3,2,2,2
1364,1,2,3,2,3,2,2,3
1365,1,2,3,2,3,2,3,1
1366,1,2,3,2,3,2,3,2
1367,1,2,3,2,3,2,3,3
1368,1,2,3,2,3,3,1,1
1369,1,2,3,2,3,3,1,2
1370,1,2,3,2,3,3,1,3
1371,1,2,3,2,3,3,2,1
1372,1,2,3,2,3,3,2,2
1373,1,2,3,2,3,3,2,3
1374,1,2,3,2,3,3,3,1
1375,1,2,3,2,3,3,3,2
1376,1,2,3,2,3,3,3,3
1377,1,2,3,3,1,1,1,1
1378,1,2,3,3,1,1,1,2
1380,1,2,3,3,1,1,2,1
1381,1,2,3,3,1,1,2,2
1383,1,2,3,3,1,1,3,1
1384,1,2,3,3,1,1,3,2
1385,1,2,3,3,1,1,3,3
1386,1,2,3,3,1,2,1,1
1387,1,2,3,3,1,2,1,2
1389,1,2,3,3,1,2,2,1
1390,1,2,3,3,1,2,2,2
1392,1,2,3,3,1,2,3,1
1393,1,2,3,3,1,2,3,2
1394,1,2,3,3,1,2,3,3
1395,1,2,3,3,1,3,1,1
1396,1,2,3,3,1,3,1,2
1398,1,2,3,3,1,3,2,1
1399,1,2,3,3,1,3,2,2
1401,1,2,3,3,1,3,3,1
1402,1,2,3,3,1,3,3,2
1404,1,2,3,3,2,1,1,1
1405,1,2,3,3,2,1,1,2
1406,1,2,3,3,2,1,1,3
1407,1,2,3,3,2,1,2,1
1408,1,2,3,3,2,1,2,2
1409,1,2,3,3,2,1,2,3
1410,1,2,3,3,2,1,3,1
1411,1,2,3,3,2,1,3,2
1412,1,2,3,3,2,1,3,3
1413,1,2,3,3,2,2,1,1
1414,1,2,3,3,2,2,1,2
1415,1,2,3,3,2,2,1,3
1416,1,2,3,3,2,2,2,1
1417,1,2,3,3,2,2,2,2
1418,1,2,3,3,2,2,2,3
1419,1,2,3,3,2,2,3,1
1420,1,2,3,3,2,2,3,2
1421,1,2,3,3,2,2,3,3
1422,1,2,3,3,2,3,1,1
1423,1,2,3,3,2,3,1,2
1424,1,2,3,3,2,3,1,3
1425,1,2,3,3,2,3,2,1
1426,1,2,3,3,2,3,2,2
1427,1,2,3,3,2,3,2,3
1428,1,2,3,3,2,3,3,1
1429,1,2,3,3,2,3,3,2
1430,1,2,3,3,2,3,3,3
1431,1,2,3,3,3,1,1,1
1432,1,2,3,3,3,1,1,2
1433,1,2,3,3,3,1,1,3
1434,1,2,3,3,3,1,2,1
1435,1,2,3,3,3,1,2,2
1436,1,2,3,3,3,1,2,3
1437,1,2,3,3,3,1,3,1
1438,1,2,3,3,3,1,3,2
1439,1,2,3,3,3,1,3,3
1440,1,2,3,3,3,2,1,1
1441,1,2,3,3,3,2,1,2
1442,1,2,3,3,3,2,1,3
1443,1,2,3,3,3,2,2,1
1444,1,2,3,3,3,2,2,2
1445,1,2,3,3,3,2,2,3
1446,1,2,3,3,3,2,3,1
1448,1,2,3,3,3,2,3,3
1449,1,2,3,3,3,3,1,1
1450,1,2,3,3,3,3,1,2
1451,1,2,3,3,3,3,1,3
1452,1,2,3,3,3,3,2,1
1453,1,2,3,3,3,3,2,2
1454,1,2,3,3,3,3,2,3
1455,1,2,3,3,3,3,3,1
1457,1,2,3,3,3,3,3,3
1487,1,3,1,1,2,1,1,3
1490,1,3,1,1,2,1,2,3
1493,1,3,1,1,2,1,3,3
1496,1,3,1,1,2,2,1,3
1499,1,3,1,1,2,2,2,3
1502,1,3,1,1,2,2,3,3
1505,1,3,1,1,2,3,1,3
1508,1,3,1,1,2,3,2,3
1511,1,3,1,1,2,3,3,3
1567,1,3,1,2,2,1,1,2
1568,1,3,1,2,2,1,1,3
1570,1,3,1,2,2,1,2,2
1571,1,3,1,2,2,1,2,3
1572,1,3,1,2,2,1,3,1
1573,1,3,1,2,2,1,3,2
1575,1,3,1,2,2,2,1,1
1576,1,3,1,2,2,2,1,2
1577,1,3,1,2,2,2,1,3
1578,1,3,1,2,2,2,2,1
1580,1,3,1,2,2,2,2,3
1583,1,3,1,2,2,2,3,3
1584,1,3,1,2,2,3,1,1
1585,1,3,1,2,2,3,1,2
1586,1,3,1,2,2,3,1,3
1587,1,3,1,2,2,3,2,1
1588,1,3,1,2,2,3,2,2
1589,1,3,1,2,2,3,2,3
1590,1,3,1,2,2,3,3,1
1591,1,3,1,2,2,3,3,2
1592,1,3,1,2,2,3,3,3
1594,1,3,1,2,3,1,1,2
1595,1,3,1,2,3,1,1,3
1596,1,3,1,2,3,1,2,1
1597,1,3,1,2,3,1,2,2
1598,1,3,1,2,3,1,2,3
1599,1,3,1,2,3,1,3,1
1600,1,3,1,2,3,1,3,2
1601,1,3,1,2,3,1,3,3
1602,1,3,1,2,3,2,1,1
1603,1,3,1,2,3,2,1,2
1604,1,3,1,2,3,2,1,3
1605,1,3,1,2,3,2,2,1
1606,1,3,1,2,3,2,2,2
1607,1,3,1,2,3,2,2,3
1608,1,3,1,2,3,2,3,1
1609,1,3,1,2,3,2,3,2
1610,1,3,1,2,3,2,3,3
1611,1,3,1,2,3,3,1,1
1612,1,3,1,2,3,3,1,2
1613,1,3,1,2,3,3,1,3
1614,1,3,1,2,3,3,2,1
1615,1,3,1,2,3,3,2,2
1617,1,3,1,2,3,3,3,1
1618,1,3,1,2,3,3,3,2
1619,1,3,1,2,3,3,3,3
1647,1,3,1,3,2,1,1,1
1648,1,3,1,3,2,1,1,2
1649,1,3,1,3,2,1,1,3
1650,1,3,1,3,2,1,2,1
1651,1,3,1,3,2,1,2,2
1652,1,3,1,3,2,1,2,3
1653,1,3,1,3,2,1,3,1
1654,1,3,1,3,2,1,3,2
1655,1,3,1,3,2,1,3,3
1656,1,3,1,3,2,2,1,1
1658,1,3,1,3,2,2,1,3
1659,1,3,1,3,2,2,2,1
1661,1,3,1,3,2,2,2,3
1662,1,3,1,3,2,2,3,1
1663,1,3,1,3,2,2,3,2
1664,1,3,1,3,2,2,3,3
1665,1,3,1,3,2,3,1,1
1667,1,3,1,3,2,3,1,3
1668,1,3,1,3,2,3,2,1
1670,1,3,1,3,2,3,2,3
1671,1,3,1,3,2,3,3,1
1672,1,3,1,3,2,3,3,2
1673,1,3,1,3,2,3,3,3
1674,1,3,1,3,3,1,1,1
1675,1,3,1,3,3,1,1,2
1676,1,3,1,3,3,1,1,3
1677,1,3,1,3,3,1,2,1
1678,1,3,1,3,3,1,2,2
1679,1,3,1,3,3,1,2,3
1680,1,3,1,3,3,1,3,1
1681,1,3,1,3,3,1,3,2
1682,1,3,1,3,3,1,3,3
1683,1,3,1,3,3,2,1,1
1684,1,3,1,3,3,2,1,2
1685,1,3,1,3,3,2,1,3
1687,1,3,1,3,3,2,2,2
1688,1,3,1,3,3,2,2,3
1689,1,3,1,3,3,2,3,1
1690,1,3,1,3,3,2,3,2
1691,1,3,1,3,3,2,3,3
1692,1,3,1,3,3,3,1,1
1693,1,3,1,3,3,3,1,2
1694,1,3,1,3,3,3,1,3
1695,1,3,1,3,3,3,2,1
1696,1,3,1,3,3,3,2,2
1697,1,3,1,3,3,3,2,3
1698,1,3,1,3,3,3,3,1
1699,1,3,1,3,3,3,3,2
1700,1,3,1,3,3,3,3,3
1728,1,3,2,1,2,1,1,1
1729,1,3,2,1,2,1,1,2
1731,1,3,2,1,2,1,2,1
1732,1,3,2,1,2,1,2,2
1733,1,3,2,1,2,1,2,3
1735,1,3,2,1,2,1,3,2
1737,1,3,2,1,2,2,1,1
1738,1,3,2,1,2,2,1,2
1739,1,3,2,1,2,2,1,3
1740,1,3,2,1,2,2,2,1
1741,1,3,2,1,2,2,2,2
1742,1,3,2,1,2,2,2,3
1746,1,3,2,1,2,3,1,1
1747,1,3,2,1,2,3,1,2
1749,1,3,2,1,2,3,2,1
1750,1,3,2,1,2,3,2,2
1751,1,3,2,1,2,3,2,3
1754,1,3,2,1,2,3,3,3
1809,1,3,2,2,2,1,1,1
1810,1,3,2,2,2,1,1,2
1811,1,3,2,2,2,1,1,3
1812,1,3,2,2,2,1,2,1
1813,1,3,2,2,2,1,2,2
1814,1,3,2,2,2,1,2,3
1815,1,3,2,2,2,1,3,1
1816,1,3,2,2,2,1,3,2
1817,1,3,2,2,2,1,3,3
1819,1,3,2,2,2,2,1,2
1821,1,3,2,2,2,2,2,1
1822,1,3,2,2,2,2,2,2
1823,1,3,2,2,2,2,2,3
1824,1,3,2,2,2,2,3,1
1825,1,3,2,2,2,2,3,2
1826,1,3,2,2,2,2,3,3
1827,1,3,2,2,2,3,1,1
1828,1,3,2,2,2,3,1,2
1829,1,3,2,2,2,3,1,3
1830,1,3,2,2,2,3,2,1
1831,1,3,2,2,2,3,2,2
1832,1,3,2,2,2,3,2,3
1833,1,3,2,2,2,3,3,1
1834,1,3,2,2,2,3,3,2
1835,1,3,2,2,2,3,3,3
1836,1,3,2,2,3,1,1,1
1837,1,3,2,2,3,1,1,2
1838,1,3,2,2,3,1,1,3
1848,1,3,2,2,3,2,2,1
1859,1,3,2,2,3,3,2,3
1980,1,3,3,1,2,2,1,1
1981,1,3,3,1,2,2,1,2
1983,1,3,3,1,2,2,2,1
1990,1,3,3,1,2,3,1,2
1992,1,3,3,1,2,3,2,1
1994,1,3,3,1,2,3,2,3
2052,1,3,3,2,2,1,1,1
2053,1,3,3,2,2,1,1,2
2054,1,3,3,2,2,1,1,3
2055,1,3,3,2,2,1,2,1
2056,1,3,3,2,2,1,2,2
2057,1,3,3,2,2,1,2,3
2058,1,3,3,2,2,1,3,1
2059,1,3,3,2,2,1,3,2
2060,1,3,3,2,2,1,3,3
2061,1,3,3,2,2,2,1,1
2062,1,3,3,2,2,2,1,2
2063,1,3,3,2,2,2,1,3
2064,1,3,3,2,2,2,2,1
2065,1,3,3,2,2,2,2,2
2066,1,3,3,2,2,2,2,3
2067,1,3,3,2,2,2,3,1
2068,1,3,3,2,2,2,3,2
2069,1,3,3,2,2,2,3,3
2070,1,3,3,2,2,3,1,1
2071,1,3,3,2,2,3,1,2
2072,1,3,3,2,2,3,1,3
2073,1,3,3,2,2,3,2,1
2074,1,3,3,2,2,3,2,2
2075,1,3,3,2,2,3,2,3
2076,1,3,3,2,2,3,3,1
2077,1,3,3,2,2,3,3,2
2078,1,3,3,2,2,3,3,3
2079,1,3,3,2,3,1,1,1
2080,1,3,3,2,3,1,1,2
2081,1,3,3,2,3,1,1,3
2083,1,3,3,2,3,1,2,2
2084,1,3,3,2,3,1,2,3
2085,1,3,3,2,3,1,3,1
2086,1,3,3,2,3,1,3,2
2087,1,3,3,2,3,1,3,3
2088,1,3,3,2,3,2,1,1
2089,1,3,3,2,3,2,1,2
2090,1,3,3,2,3,2,1,3
2091,1,3,3,2,3,2,2,1
2092,1,3,3,2,3,2,2,2
2093,1,3,3,2,3,2,2,3
2094,1,3,3,2,3,2,3,1
2095,1,3,3,2,3,2,3,2
2096,1,3,3,2,3,2,3,3
2097,1,3,3,2,3,3,1,1
2098,1,3,3,2,3,3,1,2
2099,1,3,3,2,3,3,1,3
2100,1,3,3,2,3,3,2,1
2101,1,3,3,2,3,3,2,2
2102,1,3,3,2,3,3,2,3
2103,1,3,3,2,3,3,3,1
2104,1,3,3,2,3,3,3,2
2105,1,3,3,2,3,3,3,3
2134,1,3,3,3,2,1,1,2
2138,1,3,3,3,2,1,2,3
2139,1,3,3,3,2,1,3,1
2141,1,3,3,3,2,1,3,3
2143,1,3,3,3,2,2,1,2
2144,1,3,3,3,2,2,1,3
2146,1,3,3,3,2,2,2,2
2147,1,3,3,3,2,2,2,3
2149,1,3,3,3,2,2,3,2
2150,1,3,3,3,2,2,3,3
2152,1,3,3,3,2,3,1,2
2153,1,3,3,3,2,3,1,3
2154,1,3,3,3,2,3,2,1
2155,1,3,3,3,2,3,2,2
2157,1,3,3,3,2,3,3,1
2158,1,3,3,3,2,3,3,2
2159,1,3,3,3,2,3,3,3
2160,1,3,3,3,3,1,1,1
2161,1,3,3,3,3,1,1,2
2162,1,3,3,3,3,1,1,3
2163,1,3,3,3,3,1,2,1
2164,1,3,3,3,3,1,2,2
2165,1,3,3,3,3,1,2,3
2166,1,3,3,3,3,1,3,1
2167,1,3,3,3,3,1,3,2
2168,1,3,3,3,3,1,3,3
2169,1,3,3,3,3,2,1,1
2170,1,3,3,3,3,2,1,2
2171,1,3,3,3,3,2,1,3
2172,1,3,3,3,3,2,2,1
2173,1,3,3,3,3,2,2,2
2174,1,3,3,3,3,2,2,3
2175,1,3,3,3,3,2,3,1
2176,1,3,3,3,3,2,3,2
2177,1,3,3,3,3,2,3,3
2178,1,3,3,3,3,3,1,1
2179,1,3,3,3,3,3,1,2
2180,1,3,3,3,3,3,1,3
2181,1,3,3,3,3,3,2,1
2182,1,3,3,3,3,3,2,2
2183,1,3,3,3,3,3,2,3
2184,1,3,3,3,3,3,3,1
2185,1,3,3,3,3,3,3,2
2186,1,3,3,3,3,3,3,3
2332,2,1,1,2,3,2,1,2
2338,2,1,1,2,3,2,3,2
2347,2,1,1,2,3,3,3,2
2404,2,1,1,3,3,1,1,2
2407,2,1,1,3,3,1,2,2
2410,2,1,1,3,3,1,3,2
2413,2,1,1,3,3,2,1,2
2416,2,1,1,3,3,2,2,2
2419,2,1,1,3,3,2,3,2
2422,2,1,1,3,3,3,1,2
2425,2,1,1,3,3,3,2,2
2428,2,1,1,3,3,3,3,2
2654,2,1,2,3,3,1,3,3
2781,2,1,3,2,2,1,1,1
2782,2,1,3,2,2,1,1,2
2783,2,1,3,2,2,1,1,3
2784,2,1,3,2,2,1,2,1
2785,2,1,3,2,2,1,2,2
2786,2,1,3,2,2,1,2,3
2787,2,1,3,2,2,1,3,1
2788,2,1,3,2,2,1,3,2
2789,2,1,3,2,2,1,3,3
2790,2,1,3,2,2,2,1,1
2791,2,1,3,2,2,2,1,2
2792,2,1,3,2,2,2,1,3
2793,2,1,3,2,2,2,2,1
2794,2,1,3,2,2,2,2,2
2795,2,1,3,2,2,2,2,3
2796,2,1,3,2,2,2,3,1
2797,2,1,3,2,2,2,3,2
2798,2,1,3,2,2,2,3,3
2799,2,1,3,2,2,3,1,1
2800,2,1,3,2,2,3,1,2
2801,2,1,3,2,2,3,1,3
2802,2,1,3,2,2,3,2,1
2803,2,1,3,2,2,3,2,2
2804,2,1,3,2,2,3,2,3
2805,2,1,3,2,2,3,3,1
2806,2,1,3,2,2,3,3,2
2807,2,1,3,2,2,3,3,3
2880,2,1,3,3,2,3,1,1
2883,2,1,3,3,2,3,2,1
2914,2,1,3,3,3,3,3,2
2943,2,2,1,1,2,1,1,1
2944,2,2,1,1,2,1,1,2
2945,2,2,1,1,2,1,1,3
2946,2,2,1,1,2,1,2,1
2947,2,2,1,1,2,1,2,2
2948,2,2,1,1,2,1,2,3
2949,2,2,1,1,2,1,3,1
2950,2,2,1,1,2,1,3,2
2951,2,2,1,1,2,1,3,3
2952,2,2,1,1,2,2,1,1
2953,2,2,1,1,2,2,1,2
2954,2,2,1,1,2,2,1,3
2955,2,2,1,1,2,2,2,1
2956,2,2,1,1,2,2,2,2
2957,2,2,1,1,2,2,2,3
2958,2,2,1,1,2,2,3,1
2959,2,2,1,1,2,2,3,2
2960,2,2,1,1,2,2,3,3
2961,2,2,1,1,2,3,1,1
2962,2,2,1,1,2,3,1,2
2963,2,2,1,1,2,3,1,3
2964,2,2,1,1,2,3,2,1
2965,2,2,1,1,2,3,2,2
2966,2,2,1,1,2,3,2,3
2967,2,2,1,1,2,3,3,1
2968,2,2,1,1,2,3,3,2
2969,2,2,1,1,2,3,3,3
3024,2,2,1,2,2,1,1,1
3025,2,2,1,2,2,1,1,2
3026,2,2,1,2,2,1,1,3
3027,2,2,1,2,2,1,2,1
3028,2,2,1,2,2,1,2,2
3029,2,2,1,2,2,1,2,3
3030,2,2,1,2,2,1,3,1
3031,2,2,1,2,2,1,3,2
3032,2,2,1,2,2,1,3,3
3033,2,2,1,2,2,2,1,1
3034,2,2,1,2,2,2,1,2
3035,2,2,1,2,2,2,1,3
3036,2,2,1,2,2,2,2,1
3037,2,2,1,2,2,2,2,2
3038,2,2,1,2,2,2,2,3
3039,2,2,1,2,2,2,3,1
3040,2,2,1,2,2,2,3,2
3041,2,2,1,2,2,2,3,3
3042,2,2,1,2,2,3,1,1
3043,2,2,1,2,2,3,1,2
3044,2,2,1,2,2,3,1,3
3045,2,2,1,2,2,3,2,1
3046,2,2,1,2,2,3,2,2
3047,2,2,1,2,2,3,2,3
3048,2,2,1,2,2,3,3,1
3049,2,2,1,2,2,3,3,2
3050,2,2,1,2,2,3,3,3
3051,2,2,1,2,3,1,1,1
3052,2,2,1,2,3,1,1,2
3053,2,2,1,2,3,1,1,3
3054,2,2,1,2,3,1,2,1
3055,2,2,1,2,3,1,2,2
3056,2,2,1,2,3,1,2,3
3057,2,2,1,2,3,1,3,1
3058,2,2,1,2,3,1,3,2
3059,2,2,1,2,3,1,3,3
3060,2,2,1,2,3,2,1,1
3061,2,2,1,2,3,2,1,2
3062,2,2,1,2,3,2,1,3
3063,2,2,1,2,3,2,2,1
3064,2,2,1,2,3,2,2,2
3065,2,2,1,2,3,2,2,3
3066,2,2,1,2,3,2,3,1
3067,2,2,1,2,3,2,3,2
3068,2,2,1,2,3,2,3,3
3069,2,2,1,2,3,3,1,1
3070,2,2,1,2,3,3,1,2
3071,2,2,1,2,3,3,1,3
3072,2,2,1,2,3,3,2,1
3073,2,2,1,2,3,3,2,2
3074,2,2,1,2,3,3,2,3
3075,2,2,1,2,3,3,3,1
3076,2,2,1,2,3,3,3,2
3077,2,2,1,2,3,3,3,3
3111,2,2,1,3,2,1,3,1
3112,2,2,1,3,2,1,3,2
3113,2,2,1,3,2,1,3,3
3120,2,2,1,3,2,2,3,1
3121,2,2,1,3,2,2,3,2
3122,2,2,1,3,2,2,3,3
3129,2,2,1,3,2,3,3,1
3130,2,2,1,3,2,3,3,2
3131,2,2,1,3,2,3,3,3
3132,2,2,1,3,3,1,1,1
3133,2,2,1,3,3,1,1,2
3134,2,2,1,3,3,1,1,3
3135,2,2,1,3,3,1,2,1
3136,2,2,1,3,3,1,2,2
3137,2,2,1,3,3,1,2,3
3138,2,2,1,3,3,1,3,1
3139,2,2,1,3,3,1,3,2
3140,2,2,1,3,3,1,3,3
3141,2,2,1,3,3,2,1,1
3142,2,2,1,3,3,2,1,2
3143,2,2,1,3,3,2,1,3
3144,2,2,1,3,3,2,2,1
3145,2,2,1,3,3,2,2,2
3146,2,2,1,3,3,2,2,3
3147,2,2,1,3,3,2,3,1
3148,2,2,1,3,3,2,3,2
3149,2,2,1,3,3,2,3,3
3150,2,2,1,3,3,3,1,1
3151,2,2,1,3,3,3,1,2
3152,2,2,1,3,3,3,1,3
3153,2,2,1,3,3,3,2,1
3154,2,2,1,3,3,3,2,2
3155,2,2,1,3,3,3,2,3
3156,2,2,1,3,3,3,3,1
3157,2,2,1,3,3,3,3,2
3158,2,2,1,3,3,3,3,3
3188,2,2,2,1,2,1,1,3
3191,2,2,2,1,2,1,2,3
3194,2,2,2,1,2,1,3,3
3197,2,2,2,1,2,2,1,3
3200,2,2,2,1,2,2,2,3
3203,2,2,2,1,2,2,3,3
3206,2,2,2,1,2,3,1,3
3209,2,2,2,1,2,3,2,3
3212,2,2,2,1,2,3,3,3
3267,2,2,2,2,2,1,1,1
3268,2,2,2,2,2,1,1,2
3269,2,2,2,2,2,1,1,3
3270,2,2,2,2,2,1,2,1
3271,2,2,2,2,2,1,2,2
3272,2,2,2,2,2,1,2,3
3273,2,2,2,2,2,1,3,1
3274,2,2,2,2,2,1,3,2
3275,2,2,2,2,2,1,3,3
3276,2,2,2,2,2,2,1,1
3277,2,2,2,2,2,2,1,2
3278,2,2,2,2,2,2,1,3
3279,2,2,2,2,2,2,2,1
3280,2,2,2,2,2,2,2,2
3281,2,2,2,2,2,2,2,3
3282,2,2,2,2,2,2,3,1
3283,2,2,2,2,2,2,3,2
3284,2,2,2,2,2,2,3,3
3285,2,2,2,2,2,3,1,1
3286,2,2,2,2,2,3,1,2
3287,2,2,2,2,2,3,1,3
3288,2,2,2,2,2,3,2,1
3289,2,2,2,2,2,3,2,2
3290,2,2,2,2,2,3,2,3
3291,2,2,2,2,2,3,3,1
3292,2,2,2,2,2,3,3,2
3293,2,2,2,2,2,3,3,3
3295,2,2,2,2,3,1,1,2
3296,2,2,2,2,3,1,1,3
3298,2,2,2,2,3,1,2,2
3299,2,2,2,2,3,1,2,3
3300,2,2,2,2,3,1,3,1
3301,2,2,2,2,3,1,3,2
3302,2,2,2,2,3,1,3,3
3303,2,2,2,2,3,2,1,1
3304,2,2,2,2,3,2,1,2
3305,2,2,2,2,3,2,1,3
3306,2,2,2,2,3,2,2,1
3307,2,2,2,2,3,2,2,2
3308,2,2,2,2,3,2,2,3
3309,2,2,2,2,3,2,3,1
3310,2,2,2,2,3,2,3,2
3311,2,2,2,2,3,2,3,3
3312,2,2,2,2,3,3,1,1
3313,2,2,2,2,3,3,1,2
3314,2,2,2,2,3,3,1,3
3315,2,2,2,2,3,3,2,1
3316,2,2,2,2,3,3,2,2
3317,2,2,2,2,3,3,2,3
3318,2,2,2,2,3,3,3,1
3319,2,2,2,2,3,3,3,2
3320,2,2,2,2,3,3,3,3
3348,2,2,2,3,2,1,1,1
3349,2,2,2,3,2,1,1,2
3350,2,2,2,3,2,1,1,3
3351,2,2,2,3,2,1,2,1
3352,2,2,2,3,2,1,2,2
3353,2,2,2,3,2,1,2,3
3354,2,2,2,3,2,1,3,1
3355,2,2,2,3,2,1,3,2
3356,2,2,2,3,2,1,3,3
3357,2,2,2,3,2,2,1,1
3358,2,2,2,3,2,2,1,2
3359,2,2,2,3,2,2,1,3
3360,2,2,2,3,2,2,2,1
3361,2,2,2,3,2,2,2,2
3362,2,2,2,3,2,2,2,3
3363,2,2,2,3,2,2,3,1
3364,2,2,2,3,2,2,3,2
3365,2,2,2,3,2,2,3,3
3366,2,2,2,3,2,3,1,1
3367,2,2,2,3,2,3,1,2
3368,2,2,2,3,2,3,1,3
3369,2,2,2,3,2,3,2,1
3370,2,2,2,3,2,3,2,2
3371,2,2,2,3,2,3,2,3
3372,2,2,2,3,2,3,3,1
3373,2,2,2,3,2,3,3,2
3374,2,2,2,3,2,3,3,3
3375,2,2,2,3,3,1,1,1
3376,2,2,2,3,3,1,1,2
3377,2,2,2,3,3,1,1,3
3378,2,2,2,3,3,1,2,1
3379,2,2,2,3,3,1,2,2
3380,2,2,2,3,3,1,2,3
3381,2,2,2,3,3,1,3,1
3382,2,2,2,3,3,1,3,2
3383,2,2,2,3,3,1,3,3
3384,2,2,2,3,3,2,1,1
3385,2,2,2,3,3,2,1,2
3386,2,2,2,3,3,2,1,3
3387,2,2,2,3,3,2,2,1
3388,2,2,2,3,3,2,2,2
3389,2,2,2,3,3,2,2,3
3390,2,2,2,3,3,2,3,1
3391,2,2,2,3,3,2,3,2
3392,2,2,2,3,3,2,3,3
3393,2,2,2,3,3,3,1,1
3394,2,2,2,3,3,3,1,2
3395,2,2,2,3,3,3,1,3
3396,2,2,2,3,3,3,2,1
3397,2,2,2,3,3,3,2,2
3398,2,2,2,3,3,3,2,3
3399,2,2,2,3,3,3,3,1
3400,2,2,2,3,3,3,3,2
3401,2,2,2,3,3,3,3,3
3429,2,2,3,1,2,1,1,1
3430,2,2,3,1,2,1,1,2
3431,2,2,3,1,2,1,1,3
3432,2,2,3,1,2,1,2,1
3433,2,2,3,1,2,1,2,2
3434,2,2,3,1,2,1,2,3
3435,2,2,3,1,2,1,3,1
3436,2,2,3,1,2,1,3,2
3437,2,2,3,1,2,1,3,3
3438,2,2,3,1,2,2,1,1
3439,2,2,3,1,2,2,1,2
3440,2,2,3,1,2,2,1,3
3441,2,2,3,1,2,2,2,1
3442,2,2,3,1,2,2,2,2
3443,2,2,3,1,2,2,2,3
3444,2,2,3,1,2,2,3,1
3445,2,2,3,1,2,2,3,2
3446,2,2,3,1,2,2,3,3
3447,2,2,3,1,2,3,1,1
3448,2,2,3,1,2,3,1,2
3449,2,2,3,1,2,3,1,3
3450,2,2,3,1,2,3,2,1
3451,2,2,3,1,2,3,2,2
3452,2,2,3,1,2,3,2,3
3453,2,2,3,1,2,3,3,1
3454,2,2,3,1,2,3,3,2
3455,2,2,3,1,2,3,3,3
3510,2,2,3,2,2,1,1,1
3511,2,2,3,2,2,1,1,2
3512,2,2,3,2,2,1,1,3
3513,2,2,3,2,2,1,2,1
3514,2,2,3,2,2,1,2,2
3515,2,2,3,2,2,1,2,3
3516,2,2,3,2,2,1,3,1
3517,2,2,3,2,2,1,3,2
3518,2,2,3,2,2,1,3,3
3519,2,2,3,2,2,2,1,1
3520,2,2,3,2,2,2,1,2
3521,2,2,3,2,2,2,1,3
3522,2,2,3,2,2,2,2,1
3523,2,2,3,2,2,2,2,2
3524,2,2,3,2,2,2,2,3
3525,2,2,3,2,2,2,3,1
3526,2,2,3,2,2,2,3,2
3527,2,2,3,2,2,2,3,3
3528,2,2,3,2,2,3,1,1
3529,2,2,3,2,2,3,1,2
3530,2,2,3,2,2,3,1,3
3531,2,2,3,2,2,3,2,1
3532,2,2,3,2,2,3,2,2
3533,2,2,3,2,2,3,2,3
3534,2,2,3,2,2,3,3,1
3535,2,2,3,2,2,3,3,2
3536,2,2,3,2,2,3,3,3
3537,2,2,3,2,3,1,1,1
3538,2,2,3,2,3,1,1,2
3539,2,2,3,2,3,1,1,3
3540,2,2,3,2,3,1,2,1
3541,2,2,3,2,3,1,2,2
3542,2,2,3,2,3,1,2,3
3543,2,2,3,2,3,1,3,1
3544,2,2,3,2,3,1,3,2
3545,2,2,3,2,3,1,3,3
3546,2,2,3,2,3,2,1,1
3547,2,2,3,2,3,2,1,2
3548,2,2,3,2,3,2,1,3
3549,2,2,3,2,3,2,2,1
3550,2,2,3,2,3,2,2,2
3551,2,2,3,2,3,2,2,3
3552,2,2,3,2,3,2,3,1
3553,2,2,3,2,3,2,3,2
3554,2,2,3,2,3,2,3,3
3555,2,2,3,2,3,3,1,1
3556,2,2,3,2,3,3,1,2
3557,2,2,3,2,3,3,1,3
3558,2,2,3,2,3,3,2,1
3559,2,2,3,2,3,3,2,2
3560,2,2,3,2,3,3,2,3
3561,2,2,3,2,3,3,3,1
3562,2,2,3,2,3,3,3,2
3563,2,2,3,2,3,3,3,3
3591,2,2,3,3,2,1,1,1
3592,2,2,3,3,2,1,1,2
3593,2,2,3,3,2,1,1,3
3594,2,2,3,3,2,1,2,1
3595,2,2,3,3,2,1,2,2
3596,2,2,3,3,2,1,2,3
3597,2,2,3,3,2,1,3,1
3598,2,2,3,3,2,1,3,2
3600,2,2,3,3,2,2,1,1
3601,2,2,3,3,2,2,1,2
3602,2,2,3,3,2,2,1,3
3603,2,2,3,3,2,2,2,1
3604,2,2,3,3,2,2,2,2
3605,2,2,3,3,2,2,2,3
3606,2,2,3,3,2,2,3,1
3607,2,2,3,3,2,2,3,2
3609,2,2,3,3,2,3,1,1
3610,2,2,3,3,2,3,1,2
3611,2,2,3,3,2,3,1,3
3612,2,2,3,3,2,3,2,1
3613,2,2,3,3,2,3,2,2
3614,2,2,3,3,2,3,2,3
3615,2,2,3,3,2,3,3,1
3616,2,2,3,3,2,3,3,2
3618,2,2,3,3,3,1,1,1
3619,2,2,3,3,3,1,1,2
3620,2,2,3,3,3,1,1,3
3621,2,2,3,3,3,1,2,1
3622,2,2,3,3,3,1,2,2
3623,2,2,3,3,3,1,2,3
3624,2,2,3,3,3,1,3,1
3625,2,2,3,3,3,1,3,2
3626,2,2,3,3,3,1,3,3
3627,2,2,3,3,3,2,1,1
3628,2,2,3,3,3,2,1,2
3629,2,2,3,3,3,2,1,3
3630,2,2,3,3,3,2,2,1
3631,2,2,3,3,3,2,2,2
3632,2,2,3,3,3,2,2,3
3633,2,2,3,3,3,2,3,1
3634,2,2,3,3,3,2,3,2
3635,2,2,3,3,3,2,3,3
3636,2,2,3,3,3,3,1,1
3637,2,2,3,3,3,3,1,2
3638,2,2,3,3,3,3,1,3
3639,2,2,3,3,3,3,2,1
3640,2,2,3,3,3,3,2,2
3641,2,2,3,3,3,3,2,3
3642,2,2,3,3,3,3,3,1
3643,2,2,3,3,3,3,3,2
3644,2,2,3,3,3,3,3,3
3753,2,3,1,2,2,1,1,1
3754,2,3,1,2,2,1,1,2
3755,2,3,1,2,2,1,1,3
3757,2,3,1,2,2,1,2,2
3758,2,3,1,2,2,1,2,3
3759,2,3,1,2,2,1,3,1
3760,2,3,1,2,2,1,3,2
3762,2,3,1,2,2,2,1,1
3763,2,3,1,2,2,2,1,2
3764,2,3,1,2,2,2,1,3
3765,2,3,1,2,2,2,2,1
3766,2,3,1,2,2,2,2,2
3768,2,3,1,2,2,2,3,1
3771,2,3,1,2,2,3,1,1
3774,2,3,1,2,2,3,2,1
3775,2,3,1,2,2,3,2,2
3776,2,3,1,2,2,3,2,3
3777,2,3,1,2,2,3,3,1
3778,2,3,1,2,2,3,3,2
3779,2,3,1,2,2,3,3,3
3780,2,3,1,2,3,1,1,1
3784,2,3,1,2,3,1,2,2
3786,2,3,1,2,3,1,3,1
3787,2,3,1,2,3,1,3,2
3788,2,3,1,2,3,1,3,3
3789,2,3,1,2,3,2,1,1
3790,2,3,1,2,3,2,1,2
3791,2,3,1,2,3,2,1,3
3792,2,3,1,2,3,2,2,1
3793,2,3,1,2,3,2,2,2
3794,2,3,1,2,3,2,2,3
3795,2,3,1,2,3,2,3,1
3796,2,3,1,2,3,2,3,2
3799,2,3,1,2,3,3,1,2
3800,2,3,1,2,3,3,1,3
3802,2,3,1,2,3,3,2,2
3803,2,3,1,2,3,3,2,3
3804,2,3,1,2,3,3,3,1
3806,2,3,1,2,3,3,3,3
3834,2,3,1,3,2,1,1,1
3835,2,3,1,3,2,1,1,2
3836,2,3,1,3,2,1,1,3
3837,2,3,1,3,2,1,2,1
3838,2,3,1,3,2,1,2,2
3839,2,3,1,3,2,1,2,3
3840,2,3,1,3,2,1,3,1
3841,2,3,1,3,2,1,3,2
3842,2,3,1,3,2,1,3,3
3843,2,3,1,3,2,2,1,1
3844,2,3,1,3,2,2,1,2
3845,2,3,1,3,2,2,1,3
3846,2,3,1,3,2,2,2,1
3847,2,3,1,3,2,2,2,2
3848,2,3,1,3,2,2,2,3
3849,2,3,1,3,2,2,3,1
3850,2,3,1,3,2,2,3,2
3851,2,3,1,3,2,2,3,3
3852,2,3,1,3,2,3,1,1
3853,2,3,1,3,2,3,1,2
3854,2,3,1,3,2,3,1,3
3855,2,3,1,3,2,3,2,1
3856,2,3,1,3,2,3,2,2
3857,2,3,1,3,2,3,2,3
3858,2,3,1,3,2,3,3,1
3859,2,3,1,3,2,3,3,2
3860,2,3,1,3,2,3,3,3
3861,2,3,1,3,3,1,1,1
3862,2,3,1,3,3,1,1,2
3863,2,3,1,3,3,1,1,3
3864,2,3,1,3,3,1,2,1
3865,2,3,1,3,3,1,2,2
3866,2,3,1,3,3,1,2,3
3867,2,3,1,3,3,1,3,1
3868,2,3,1,3,3,1,3,2
3869,2,3,1,3,3,1,3,3
3870,2,3,1,3,3,2,1,1
3871,2,3,1,3,3,2,1,2
3872,2,3,1,3,3,2,1,3
3873,2,3,1,3,3,2,2,1
3874,2,3,1,3,3,2,2,2
3875,2,3,1,3,3,2,2,3
3876,2,3,1,3,3,2,3,1
3877,2,3,1,3,3,2,3,2
3878,2,3,1,3,3,2,3,3
3879,2,3,1,3,3,3,1,1
3880,2,3,1,3,3,3,1,2
3881,2,3,1,3,3,3,1,3
3882,2,3,1,3,3,3,2,1
3883,2,3,1,3,3,3,2,2
3884,2,3,1,3,3,3,2,3
3885,2,3,1,3,3,3,3,1
3886,2,3,1,3,3,3,3,2
3887,2,3,1,3,3,3,3,3
3916,2,3,2,1,2,1,1,2
3917,2,3,2,1,2,1,1,3
3919,2,3,2,1,2,1,2,2
3920,2,3,2,1,2,1,2,3
3922,2,3,2,1,2,1,3,2
3923,2,3,2,1,2,1,3,3
3924,2,3,2,1,2,2,1,1
3925,2,3,2,1,2,2,1,2
3926,2,3,2,1,2,2,1,3
3927,2,3,2,1,2,2,2,1
3928,2,3,2,1,2,2,2,2
3929,2,3,2,1,2,2,2,3
3930,2,3,2,1,2,2,3,1
3931,2,3,2,1,2,2,3,2
3932,2,3,2,1,2,2,3,3
3933,2,3,2,1,2,3,1,1
3934,2,3,2,1,2,3,1,2
3935,2,3,2,1,2,3,1,3
3936,2,3,2,1,2,3,2,1
3937,2,3,2,1,2,3,2,2
3938,2,3,2,1,2,3,2,3
3939,2,3,2,1,2,3,3,1
3940,2,3,2,1,2,3,3,2
3941,2,3,2,1,2,3,3,3
3996,2,3,2,2,2,1,1,1
3997,2,3,2,2,2,1,1,2
3998,2,3,2,2,2,1,1,3
3999,2,3,2,2,2,1,2,1
4000,2,3,2,2,2,1,2,2
4002,2,3,2,2,2,1,3,1
4003,2,3,2,2,2,1,3,2
4004,2,3,2,2,2,1,3,3
4005,2,3,2,2,2,2,1,1
4006,2,3,2,2,2,2,1,2
4007,2,3,2,2,2,2,1,3
4008,2,3,2,2,2,2,2,1
4009,2,3,2,2,2,2,2,2
4010,2,3,2,2,2,2,2,3
4011,2,3,2,2,2,2,3,1
4012,2,3,2,2,2,2,3,2
4013,2,3,2,2,2,2,3,3
4014,2,3,2,2,2,3,1,1
4015,2,3,2,2,2,3,1,2
4016,2,3,2,2,2,3,1,3
4017,2,3,2,2,2,3,2,1
4018,2,3,2,2,2,3,2,2
4019,2,3,2,2,2,3,2,3
4020,2,3,2,2,2,3,3,1
4021,2,3,2,2,2,3,3,2
4022,2,3,2,2,2,3,3,3
4023,2,3,2,2,3,1,1,1
4024,2,3,2,2,3,1,1,2
4025,2,3,2,2,3,1,1,3
4026,2,3,2,2,3,1,2,1
4027,2,3,2,2,3,1,2,2
4028,2,3,2,2,3,1,2,3
4029,2,3,2,2,3,1,3,1
4030,2,3,2,2,3,1,3,2
4031,2,3,2,2,3,1,3,3
4032,2,3,2,2,3,2,1,1
4033,2,3,2,2,3,2,1,2
4034,2,3,2,2,3,2,1,3
4035,2,3,2,2,3,2,2,1
4036,2,3,2,2,3,2,2,2
4037,2,3,2,2,3,2,2,3
4038,2,3,2,2,3,2,3,1
4039,2,3,2,2,3,2,3,2
4040,2,3,2,2,3,2,3,3
4041,2,3,2,2,3,3,1,1
4042,2,3,2,2,3,3,1,2
4043,2,3,2,2,3,3,1,3
4044,2,3,2,2,3,3,2,1
4045,2,3,2,2,3,3,2,2
4046,2,3,2,2,3,3,2,3
4047,2,3,2,2,3,3,3,1
4048,2,3,2,2,3,3,3,2
4049,2,3,2,2,3,3,3,3
4077,2,3,2,3,2,1,1,1
4078,2,3,2,3,2,1,1,2
4079,2,3,2,3,2,1,1,3
4080,2,3,2,3,2,1,2,1
4081,2,3,2,3,2,1,2,2
4083,2,3,2,3,2,1,3,1
4084,2,3,2,3,2,1,3,2
4085,2,3,2,3,2,1,3,3
4086,2,3,2,3,2,2,1,1
4089,2,3,2,3,2,2,2,1
4090,2,3,2,3,2,2,2,2
4092,2,3,2,3,2,2,3,1
4093,2,3,2,3,2,2,3,2
4094,2,3,2,3,2,2,3,3
4095,2,3,2,3,2,3,1,1
4097,2,3,2,3,2,3,1,3
4098,2,3,2,3,2,3,2,1
4099,2,3,2,3,2,3,2,2
4100,2,3,2,3,2,3,2,3
4101,2,3,2,3,2,3,3,1
4102,2,3,2,3,2,3,3,2
4103,2,3,2,3,2,3,3,3
4104,2,3,2,3,3,1,1,1
4105,2,3,2,3,3,1,1,2
4106,2,3,2,3,3,1,1,3
4107,2,3,2,3,3,1,2,1
4108,2,3,2,3,3,1,2,2
4109,2,3,2,3,3,1,2,3
4110,2,3,2,3,3,1,3,1
4111,2,3,2,3,3,1,3,2
4112,2,3,2,3,3,1,3,3
4113,2,3,2,3,3,2,1,1
4114,2,3,2,3,3,2,1,2
4115,2,3,2,3,3,2,1,3
4116,2,3,2,3,3,2,2,1
4117,2,3,2,3,3,2,2,2
4118,2,3,2,3,3,2,2,3
4119,2,3,2,3,3,2,3,1
4120,2,3,2,3,3,2,3,2
4121,2,3,2,3,3,2,3,3
4122,2,3,2,3,3,3,1,1
4123,2,3,2,3,3,3,1,2
4124,2,3,2,3,3,3,1,3
4125,2,3,2,3,3,3,2,1
4126,2,3,2,3,3,3,2,2
4127,2,3,2,3,3,3,2,3
4128,2,3,2,3,3,3,3,1
4129,2,3,2,3,3,3,3,2
4130,2,3,2,3,3,3,3,3
4266,2,3,3,2,3,1,1,1
4267,2,3,3,2,3,1,1,2
4268,2,3,3,2,3,1,1,3
4269,2,3,3,2,3,1,2,1
4270,2,3,3,2,3,1,2,2
4271,2,3,3,2,3,1,2,3
4272,2,3,3,2,3,1,3,1
4273,2,3,3,2,3,1,3,2
4274,2,3,3,2,3,1,3,3
4275,2,3,3,2,3,2,1,1
4276,2,3,3,2,3,2,1,2
4277,2,3,3,2,3,2,1,3
4278,2,3,3,2,3,2,2,1
4279,2,3,3,2,3,2,2,2
4280,2,3,3,2,3,2,2,3
4281,2,3,3,2,3,2,3,1
4282,2,3,3,2,3,2,3,2
4283,2,3,3,2,3,2,3,3
4284,2,3,3,2,3,3,1,1
4285,2,3,3,2,3,3,1,2
4286,2,3,3,2,3,3,1,3
4287,2,3,3,2,3,3,2,1
4288,2,3,3,2,3,3,2,2
4289,2,3,3,2,3,3,2,3
4290,2,3,3,2,3,3,3,1
4291,2,3,3,2,3,3,3,2
4292,2,3,3,2,3,3,3,3
4321,2,3,3,3,2,1,1,2
4324,2,3,3,3,2,1,2,2
4327,2,3,3,3,2,1,3,2
4330,2,3,3,3,2,2,1,2
4333,2,3,3,3,2,2,2,2
4336,2,3,3,3,2,2,3,2
4339,2,3,3,3,2,3,1,2
4342,2,3,3,3,2,3,2,2
4345,2,3,3,3,2,3,3,2
4347,2,3,3,3,3,1,1,1
4348,2,3,3,3,3,1,1,2
4349,2,3,3,3,3,1,1,3
4350,2,3,3,3,3,1,2,1
4351,2,3,3,3,3,1,2,2
4352,2,3,3,3,3,1,2,3
4353,2,3,3,3,3,1,3,1
4354,2,3,3,3,3,1,3,2
4355,2,3,3,3,3,1,3,3
4356,2,3,3,3,3,2,1,1
4357,2,3,3,3,3,2,1,2
4358,2,3,3,3,3,2,1,3
4360,2,3,3,3,3,2,2,2
4361,2,3,3,3,3,2,2,3
4362,2,3,3,3,3,2,3,1
4363,2,3,3,3,3,2,3,2
4364,2,3,3,3,3,2,3,3
4365,2,3,3,3,3,3,1,1
4366,2,3,3,3,3,3,1,2
4367,2,3,3,3,3,3,1,3
4369,2,3,3,3,3,3,2,2
4370,2,3,3,3,3,3,2,3
4371,2,3,3,3,3,3,3,1
4372,2,3,3,3,3,3,3,2
4373,2,3,3,3,3,3,3,3
4401,3,1,1,1,2,1,1,1
4402,3,1,1,1,2,1,1,2
4403,3,1,1,1,2,1,1,3
4404,3,1,1,1,2,1,2,1
4406,3,1,1,1,2,1,2,3
4408,3,1,1,1,2,1,3,2
4410,3,1,1,1,2,2,1,1
4411,3,1,1,1,2,2,1,2
4412,3,1,1,1,2,2,1,3
4413,3,1,1,1,2,2,2,1
4415,3,1,1,1,2,2,2,3
4416,3,1,1,1,2,2,3,1
4417,3,1,1,1,2,2,3,2
4419,3,1,1,1,2,3,1,1
4420,3,1,1,1,2,3,1,2
4421,3,1,1,1,2,3,1,3
4422,3,1,1,1,2,3,2,1
4424,3,1,1,1,2,3,2,3
4425,3,1,1,1,2,3,3,1
4426,3,1,1,1,2,3,3,2
4590,3,1,1,3,3,1,1,1
4591,3,1,1,3,3,1,1,2
4594,3,1,1,3,3,1,2,2
4596,3,1,1,3,3,1,3,1
4597,3,1,1,3,3,1,3,2
4598,3,1,1,3,3,1,3,3
4605,3,1,1,3,3,2,3,1
4606,3,1,1,3,3,2,3,2
4607,3,1,1,3,3,2,3,3
4616,3,1,1,3,3,3,3,3
4645,3,1,2,1,2,1,1,2
4648,3,1,2,1,2,1,2,2
4663,3,1,2,1,2,3,1,2
4753,3,1,2,2,3,1,1,2
4756,3,1,2,2,3,1,2,2
4757,3,1,2,2,3,1,2,3
4758,3,1,2,2,3,1,3,1
4759,3,1,2,2,3,1,3,2
4762,3,1,2,2,3,2,1,2
4765,3,1,2,2,3,2,2,2
4768,3,1,2,2,3,2,3,2
4771,3,1,2,2,3,3,1,2
4774,3,1,2,2,3,3,2,2
4776,3,1,2,2,3,3,3,1
4777,3,1,2,2,3,3,3,2
4806,3,1,2,3,2,1,1,1
4809,3,1,2,3,2,1,2,1
4812,3,1,2,3,2,1,3,1
4815,3,1,2,3,2,2,1,1
4818,3,1,2,3,2,2,2,1
4821,3,1,2,3,2,2,3,1
4824,3,1,2,3,2,3,1,1
4827,3,1,2,3,2,3,2,1
4830,3,1,2,3,2,3,3,1
4911,3,1,3,1,2,3,3,1
5059,3,1,3,3,2,2,1,2
5060,3,1,3,3,2,2,1,3
5077,3,1,3,3,3,1,1,2
5080,3,1,3,3,3,1,2,2
5086,3,1,3,3,3,2,1,2
5089,3,1,3,3,3,2,2,2
5095,3,1,3,3,3,3,1,2
5098,3,1,3,3,3,3,2,2
5211,3,2,1,2,2,1,1,1
5212,3,2,1,2,2,1,1,2
5213,3,2,1,2,2,1,1,3
5214,3,2,1,2,2,1,2,1
5215,3,2,1,2,2,1,2,2
5216,3,2,1,2,2,1,2,3
5217,3,2,1,2,2,1,3,1
5218,3,2,1,2,2,1,3,2
5219,3,2,1,2,2,1,3,3
5220,3,2,1,2,2,2,1,1
5221,3,2,1,2,2,2,1,2
5222,3,2,1,2,2,2,1,3
5223,3,2,1,2,2,2,2,1
5224,3,2,1,2,2,2,2,2
5225,3,2,1,2,2,2,2,3
5226,3,2,1,2,2,2,3,1
5227,3,2,1,2,2,2,3,2
5228,3,2,1,2,2,2,3,3
5229,3,2,1,2,2,3,1,1
5230,3,2,1,2,2,3,1,2
5231,3,2,1,2,2,3,1,3
5232,3,2,1,2,2,3,2,1
5233,3,2,1,2,2,3,2,2
5234,3,2,1,2,2,3,2,3
5235,3,2,1,2,2,3,3,1
5236,3,2,1,2,2,3,3,2
5237,3,2,1,2,2,3,3,3
5238,3,2,1,2,3,1,1,1
5239,3,2,1,2,3,1,1,2
5240,3,2,1,2,3,1,1,3
5241,3,2,1,2,3,1,2,1
5242,3,2,1,2,3,1,2,2
5243,3,2,1,2,3,1,2,3
5244,3,2,1,2,3,1,3,1
5245,3,2,1,2,3,1,3,2
5246,3,2,1,2,3,1,3,3
5247,3,2,1,2,3,2,1,1
5248,3,2,1,2,3,2,1,2
5249,3,2,1,2,3,2,1,3
5250,3,2,1,2,3,2,2,1
5251,3,2,1,2,3,2,2,2
5252,3,2,1,2,3,2,2,3
5253,3,2,1,2,3,2,3,1
5254,3,2,1,2,3,2,3,2
5255,3,2,1,2,3,2,3,3
5256,3,2,1,2,3,3,1,1
5257,3,2,1,2,3,3,1,2
5258,3,2,1,2,3,3,1,3
5259,3,2,1,2,3,3,2,1
5260,3,2,1,2,3,3,2,2
5261,3,2,1,2,3,3,2,3
5262,3,2,1,2,3,3,3,1
5263,3,2,1,2,3,3,3,2
5264,3,2,1,2,3,3,3,3
5292,3,2,1,3,2,1,1,1
5293,3,2,1,3,2,1,1,2
5294,3,2,1,3,2,1,1,3
5295,3,2,1,3,2,1,2,1
5296,3,2,1,3,2,1,2,2
5297,3,2,1,3,2,1,2,3
5298,3,2,1,3,2,1,3,1
5299,3,2,1,3,2,1,3,2
5300,3,2,1,3,2,1,3,3
5301,3,2,1,3,2,2,1,1
5302,3,2,1,3,2,2,1,2
5303,3,2,1,3,2,2,1,3
5304,3,2,1,3,2,2,2,1
5305,3,2,1,3,2,2,2,2
5306,3,2,1,3,2,2,2,3
5307,3,2,1,3,2,2,3,1
5308,3,2,1,3,2,2,3,2
5309,3,2,1,3,2,2,3,3
5310,3,2,1,3,2,3,1,1
5311,3,2,1,3,2,3,1,2
5312,3,2,1,3,2,3,1,3
5313,3,2,1,3,2,3,2,1
5314,3,2,1,3,2,3,2,2
5315,3,2,1,3,2,3,2,3
5316,3,2,1,3,2,3,3,1
5317,3,2,1,3,2,3,3,2
5318,3,2,1,3,2,3,3,3
5319,3,2,1,3,3,1,1,1
5320,3,2,1,3,3,1,1,2
5321,3,2,1,3,3,1,1,3
5322,3,2,1,3,3,1,2,1
5323,3,2,1,3,3,1,2,2
5324,3,2,1,3,3,1,2,3
5325,3,2,1,3,3,1,3,1
5326,3,2,1,3,3,1,3,2
5327,3,2,1,3,3,1,3,3
5328,3,2,1,3,3,2,1,1
5329,3,2,1,3,3,2,1,2
5330,3,2,1,3,3,2,1,3
5332,3,2,1,3,3,2,2,2
5333,3,2,1,3,3,2,2,3
5334,3,2,1,3,3,2,3,1
5335,3,2,1,3,3,2,3,2
5336,3,2,1,3,3,2,3,3
5337,3,2,1,3,3,3,1,1
5338,3,2,1,3,3,3,1,2
5339,3,2,1,3,3,3,1,3
5340,3,2,1,3,3,3,2,1
5341,3,2,1,3,3,3,2,2
5342,3,2,1,3,3,3,2,3
5343,3,2,1,3,3,3,3,1
5344,3,2,1,3,3,3,3,2
5345,3,2,1,3,3,3,3,3
5373,3,2,2,1,2,1,1,1
5374,3,2,2,1,2,1,1,2
5375,3,2,2,1,2,1,1,3
5376,3,2,2,1,2,1,2,1
5377,3,2,2,1,2,1,2,2
5378,3,2,2,1,2,1,2,3
5379,3,2,2,1,2,1,3,1
5380,3,2,2,1,2,1,3,2
5381,3,2,2,1,2,1,3,3
5383,3,2,2,1,2,2,1,2
5384,3,2,2,1,2,2,1,3
5386,3,2,2,1,2,2,2,2
5387,3,2,2,1,2,2,2,3
5388,3,2,2,1,2,2,3,1
5389,3,2,2,1,2,2,3,2
5390,3,2,2,1,2,2,3,3
5392,3,2,2,1,2,3,1,2
5393,3,2,2,1,2,3,1,3
5394,3,2,2,1,2,3,2,1
5395,3,2,2,1,2,3,2,2
5396,3,2,2,1,2,3,2,3
5397,3,2,2,1,2,3,3,1
5398,3,2,2,1,2,3,3,2
5399,3,2,2,1,2,3,3,3
5454,3,2,2,2,2,1,1,1
5455,3,2,2,2,2,1,1,2
5456,3,2,2,2,2,1,1,3
5457,3,2,2,2,2,1,2,1
5458,3,2,2,2,2,1,2,2
5459,3,2,2,2,2,1,2,3
5460,3,2,2,2,2,1,3,1
5461,3,2,2,2,2,1,3,2
5462,3,2,2,2,2,1,3,3
5463,3,2,2,2,2,2,1,1
5464,3,2,2,2,2,2,1,2
5465,3,2,2,2,2,2,1,3
5466,3,2,2,2,2,2,2,1
5467,3,2,2,2,2,2,2,2
5468,3,2,2,2,2,2,2,3
5469,3,2,2,2,2,2,3,1
5470,3,2,2,2,2,2,3,2
5471,3,2,2,2,2,2,3,3
5472,3,2,2,2,2,3,1,1
5473,3,2,2,2,2,3,1,2
5474,3,2,2,2,2,3,1,3
5475,3,2,2,2,2,3,2,1
5476,3,2,2,2,2,3,2,2
5477,3,2,2,2,2,3,2,3
5478,3,2,2,2,2,3,3,1
5479,3,2,2,2,2,3,3,2
5480,3,2,2,2,2,3,3,3
5481,3,2,2,2,3,1,1,1
5482,3,2,2,2,3,1,1,2
5483,3,2,2,2,3,1,1,3
5484,3,2,2,2,3,1,2,1
5485,3,2,2,2,3,1,2,2
5486,3,2,2,2,3,1,2,3
5487,3,2,2,2,3,1,3,1
5488,3,2,2,2,3,1,3,2
5489,3,2,2,2,3,1,3,3
5490,3,2,2,2,3,2,1,1
5491,3,2,2,2,3,2,1,2
5492,3,2,2,2,3,2,1,3
5493,3,2,2,2,3,2,2,1
5494,3,2,2,2,3,2,2,2
5495,3,2,2,2,3,2,2,3
5496,3,2,2,2,3,2,3,1
5497,3,2,2,2,3,2,3,2
5498,3,2,2,2,3,2,3,3
5499,3,2,2,2,3,3,1,1
5500,3,2,2,2,3,3,1,2
5501,3,2,2,2,3,3,1,3
5502,3,2,2,2,3,3,2,1
5503,3,2,2,2,3,3,2,2
5504,3,2,2,2,3,3,2,3
5505,3,2,2,2,3,3,3,1
5506,3,2,2,2,3,3,3,2
5507,3,2,2,2,3,3,3,3
5535,3,2,2,3,2,1,1,1
5536,3,2,2,3,2,1,1,2
5537,3,2,2,3,2,1,1,3
5538,3,2,2,3,2,1,2,1
5539,3,2,2,3,2,1,2,2
5540,3,2,2,3,2,1,2,3
5541,3,2,2,3,2,1,3,1
5542,3,2,2,3,2,1,3,2
5543,3,2,2,3,2,1,3,3
5544,3,2,2,3,2,2,1,1
5545,3,2,2,3,2,2,1,2
5546,3,2,2,3,2,2,1,3
5547,3,2,2,3,2,2,2,1
5548,3,2,2,3,2,2,2,2
5549,3,2,2,3,2,2,2,3
5550,3,2,2,3,2,2,3,1
5551,3,2,2,3,2,2,3,2
5552,3,2,2,3,2,2,3,3
5553,3,2,2,3,2,3,1,1
5554,3,2,2,3,2,3,1,2
5555,3,2,2,3,2,3,1,3
5556,3,2,2,3,2,3,2,1
5557,3,2,2,3,2,3,2,2
5558,3,2,2,3,2,3,2,3
5559,3,2,2,3,2,3,3,1
5560,3,2,2,3,2,3,3,2
5561,3,2,2,3,2,3,3,3
5562,3,2,2,3,3,1,1,1
5563,3,2,2,3,3,1,1,2
5564,3,2,2,3,3,1,1,3
5565,3,2,2,3,3,1,2,1
5566,3,2,2,3,3,1,2,2
5567,3,2,2,3,3,1,2,3
5568,3,2,2,3,3,1,3,1
5569,3,2,2,3,3,1,3,2
5570,3,2,2,3,3,1,3,3
5571,3,2,2,3,3,2,1,1
5572,3,2,2,3,3,2,1,2
5573,3,2,2,3,3,2,1,3
5574,3,2,2,3,3,2,2,1
5575,3,2,2,3,3,2,2,2
5576,3,2,2,3,3,2,2,3
5577,3,2,2,3,3,2,3,1
5578,3,2,2,3,3,2,3,2
5579,3,2,2,3,3,2,3,3
5580,3,2,2,3,3,3,1,1
5581,3,2,2,3,3,3,1,2
5582,3,2,2,3,3,3,1,3
5583,3,2,2,3,3,3,2,1
5584,3,2,2,3,3,3,2,2
5585,3,2,2,3,3,3,2,3
5586,3,2,2,3,3,3,3,1
5587,3,2,2,3,3,3,3,2
5588,3,2,2,3,3,3,3,3
5616,3,2,3,1,2,1,1,1
5617,3,2,3,1,2,1,1,2
5618,3,2,3,1,2,1,1,3
5619,3,2,3,1,2,1,2,1
5620,3,2,3,1,2,1,2,2
5621,3,2,3,1,2,1,2,3
5622,3,2,3,1,2,1,3,1
5623,3,2,3,1,2,1,3,2
5624,3,2,3,1,2,1,3,3
5625,3,2,3,1,2,2,1,1
5626,3,2,3,1,2,2,1,2
5627,3,2,3,1,2,2,1,3
5628,3,2,3,1,2,2,2,1
5629,3,2,3,1,2,2,2,2
5630,3,2,3,1,2,2,2,3
5631,3,2,3,1,2,2,3,1
5632,3,2,3,1,2,2,3,2
5633,3,2,3,1,2,2,3,3
5634,3,2,3,1,2,3,1,1
5635,3,2,3,1,2,3,1,2
5636,3,2,3,1,2,3,1,3
5637,3,2,3,1,2,3,2,1
5638,3,2,3,1,2,3,2,2
5639,3,2,3,1,2,3,2,3
5640,3,2,3,1,2,3,3,1
5641,3,2,3,1,2,3,3,2
5642,3,2,3,1,2,3,3,3
5697,3,2,3,2,2,1,1,1
5698,3,2,3,2,2,1,1,2
5699,3,2,3,2,2,1,1,3
5700,3,2,3,2,2,1,2,1
5701,3,2,3,2,2,1,2,2
5702,3,2,3,2,2,1,2,3
5703,3,2,3,2,2,1,3,1
5704,3,2,3,2,2,1,3,2
5705,3,2,3,2,2,1,3,3
5706,3,2,3,2,2,2,1,1
5707,3,2,3,2,2,2,1,2
5708,3,2,3,2,2,2,1,3
5709,3,2,3,2,2,2,2,1
5710,3,2,3,2,2,2,2,2
5711,3,2,3,2,2,2,2,3
5712,3,2,3,2,2,2,3,1
5713,3,2,3,2,2,2,3,2
5714,3,2,3,2,2,2,3,3
5716,3,2,3,2,2,3,1,2
5718,3,2,3,2,2,3,2,1
5719,3,2,3,2,2,3,2,2
5720,3,2,3,2,2,3,2,3
5721,3,2,3,2,2,3,3,1
5722,3,2,3,2,2,3,3,2
5723,3,2,3,2,2,3,3,3
5724,3,2,3,2,3,1,1,1
5725,3,2,3,2,3,1,1,2
5726,3,2,3,2,3,1,1,3
5727,3,2,3,2,3,1,2,1
5728,3,2,3,2,3,1,2,2
5729,3,2,3,2,3,1,2,3
5730,3,2,3,2,3,1,3,1
5732,3,2,3,2,3,1,3,3
5733,3,2,3,2,3,2,1,1
5734,3,2,3,2,3,2,1,2
5735,3,2,3,2,3,2,1,3
5736,3,2,3,2,3,2,2,1
5737,3,2,3,2,3,2,2,2
5738,3,2,3,2,3,2,2,3
5739,3,2,3,2,3,2,3,1
5740,3,2,3,2,3,2,3,2
5741,3,2,3,2,3,2,3,3
5742,3,2,3,2,3,3,1,1
5743,3,2,3,2,3,3,1,2
5744,3,2,3,2,3,3,1,3
5745,3,2,3,2,3,3,2,1
5746,3,2,3,2,3,3,2,2
5747,3,2,3,2,3,3,2,3
5748,3,2,3,2,3,3,3,1
5749,3,2,3,2,3,3,3,2
5750,3,2,3,2,3,3,3,3
5778,3,2,3,3,2,1,1,1
5779,3,2,3,3,2,1,1,2
5780,3,2,3,3,2,1,1,3
5781,3,2,3,3,2,1,2,1
5782,3,2,3,3,2,1,2,2
5783,3,2,3,3,2,1,2,3
5784,3,2,3,3,2,1,3,1
5785,3,2,3,3,2,1,3,2
5786,3,2,3,3,2,1,3,3
5787,3,2,3,3,2,2,1,1
5788,3,2,3,3,2,2,1,2
5789,3,2,3,3,2,2,1,3
5790,3,2,3,3,2,2,2,1
5791,3,2,3,3,2,2,2,2
5792,3,2,3,3,2,2,2,3
5793,3,2,3,3,2,2,3,1
5794,3,2,3,3,2,2,3,2
5795,3,2,3,3,2,2,3,3
5796,3,2,3,3,2,3,1,1
5797,3,2,3,3,2,3,1,2
5798,3,2,3,3,2,3,1,3
5799,3,2,3,3,2,3,2,1
5800,3,2,3,3,2,3,2,2
5801,3,2,3,3,2,3,2,3
5802,3,2,3,3,2,3,3,1
5803,3,2,3,3,2,3,3,2
5804,3,2,3,3,2,3,3,3
5807,3,2,3,3,3,1,1,3
5808,3,2,3,3,3,1,2,1
5810,3,2,3,3,3,1,2,3
5811,3,2,3,3,3,1,3,1
5813,3,2,3,3,3,1,3,3
5819,3,2,3,3,3,2,2,3
5820,3,2,3,3,3,2,3,1
5823,3,2,3,3,3,3,1,1
5825,3,2,3,3,3,3,1,3
5826,3,2,3,3,3,3,2,1
5828,3,2,3,3,3,3,2,3
5829,3,2,3,3,3,3,3,1
5831,3,2,3,3,3,3,3,3
5864,3,3,1,1,2,1,2,3
5865,3,3,1,1,2,1,3,1
5866,3,3,1,1,2,1,3,2
5867,3,3,1,1,2,1,3,3
5870,3,3,1,1,2,2,1,3
5873,3,3,1,1,2,2,2,3
5874,3,3,1,1,2,2,3,1
5875,3,3,1,1,2,2,3,2
5876,3,3,1,1,2,2,3,3
5877,3,3,1,1,2,3,1,1
5883,3,3,1,1,2,3,3,1
5884,3,3,1,1,2,3,3,2
5885,3,3,1,1,2,3,3,3
5940,3,3,1,2,2,1,1,1
5941,3,3,1,2,2,1,1,2
5943,3,3,1,2,2,1,2,1
5944,3,3,1,2,2,1,2,2
5945,3,3,1,2,2,1,2,3
5947,3,3,1,2,2,1,3,2
5948,3,3,1,2,2,1,3,3
5949,3,3,1,2,2,2,1,1
5950,3,3,1,2,2,2,1,2
5951,3,3,1,2,2,2,1,3
5952,3,3,1,2,2,2,2,1
5953,3,3,1,2,2,2,2,2
5954,3,3,1,2,2,2,2,3
5955,3,3,1,2,2,2,3,1
5956,3,3,1,2,2,2,3,2
5957,3,3,1,2,2,2,3,3
5958,3,3,1,2,2,3,1,1
5959,3,3,1,2,2,3,1,2
5960,3,3,1,2,2,3,1,3
5961,3,3,1,2,2,3,2,1
5962,3,3,1,2,2,3,2,2
5963,3,3,1,2,2,3,2,3
5964,3,3,1,2,2,3,3,1
5965,3,3,1,2,2,3,3,2
5966,3,3,1,2,2,3,3,3
5967,3,3,1,2,3,1,1,1
5968,3,3,1,2,3,1,1,2
5969,3,3,1,2,3,1,1,3
5970,3,3,1,2,3,1,2,1
5971,3,3,1,2,3,1,2,2
5972,3,3,1,2,3,1,2,3
5973,3,3,1,2,3,1,3,1
5974,3,3,1,2,3,1,3,2
5975,3,3,1,2,3,1,3,3
5976,3,3,1,2,3,2,1,1
5977,3,3,1,2,3,2,1,2
5978,3,3,1,2,3,2,1,3
5979,3,3,1,2,3,2,2,1
5980,3,3,1,2,3,2,2,2
5981,3,3,1,2,3,2,2,3
5982,3,3,1,2,3,2,3,1
5983,3,3,1,2,3,2,3,2
5985,3,3,1,2,3,3,1,1
5986,3,3,1,2,3,3,1,2
5987,3,3,1,2,3,3,1,3
5988,3,3,1,2,3,3,2,1
5989,3,3,1,2,3,3,2,2
5990,3,3,1,2,3,3,2,3
5991,3,3,1,2,3,3,3,1
5992,3,3,1,2,3,3,3,2
5993,3,3,1,2,3,3,3,3
6021,3,3,1,3,2,1,1,1
6022,3,3,1,3,2,1,1,2
6023,3,3,1,3,2,1,1,3
6024,3,3,1,3,2,1,2,1
6025,3,3,1,3,2,1,2,2
6026,3,3,1,3,2,1,2,3
6027,3,3,1,3,2,1,3,1
6028,3,3,1,3,2,1,3,2
6029,3,3,1,3,2,1,3,3
6030,3,3,1,3,2,2,1,1
6031,3,3,1,3,2,2,1,2
6032,3,3,1,3,2,2,1,3
6033,3,3,1,3,2,2,2,1
6034,3,3,1,3,2,2,2,2
6035,3,3,1,3,2,2,2,3
6036,3,3,1,3,2,2,3,1
6037,3,3,1,3,2,2,3,2
6038,3,3,1,3,2,2,3,3
6039,3,3,1,3,2,3,1,1
6040,3,3,1,3,2,3,1,2
6041,3,3,1,3,2,3,1,3
6042,3,3,1,3,2,3,2,1
6043,3,3,1,3,2,3,2,2
6044,3,3,1,3,2,3,2,3
6045,3,3,1,3,2,3,3,1
6046,3,3,1,3,2,3,3,2
6047,3,3,1,3,2,3,3,3
6048,3,3,1,3,3,1,1,1
6049,3,3,1,3,3,1,1,2
6050,3,3,1,3,3,1,1,3
6051,3,3,1,3,3,1,2,1
6052,3,3,1,3,3,1,2,2
6053,3,3,1,3,3,1,2,3
6054,3,3,1,3,3,1,3,1
6055,3,3,1,3,3,1,3,2
6056,3,3,1,3,3,1,3,3
6057,3,3,1,3,3,2,1,1
6058,3,3,1,3,3,2,1,2
6059,3,3,1,3,3,2,1,3
6060,3,3,1,3,3,2,2,1
6061,3,3,1,3,3,2,2,2
6062,3,3,1,3,3,2,2,3
6063,3,3,1,3,3,2,3,1
6064,3,3,1,3,3,2,3,2
6065,3,3,1,3,3,2,3,3
6066,3,3,1,3,3,3,1,1
6067,3,3,1,3,3,3,1,2
6068,3,3,1,3,3,3,1,3
6069,3,3,1,3,3,3,2,1
6070,3,3,1,3,3,3,2,2
6071,3,3,1,3,3,3,2,3
6072,3,3,1,3,3,3,3,1
6073,3,3,1,3,3,3,3,2
6074,3,3,1,3,3,3,3,3
6102,3,3,2,1,2,1,1,1
6103,3,3,2,1,2,1,1,2
6104,3,3,2,1,2,1,1,3
6105,3,3,2,1,2,1,2,1
6106,3,3,2,1,2,1,2,2
6107,3,3,2,1,2,1,2,3
6108,3,3,2,1,2,1,3,1
6109,3,3,2,1,2,1,3,2
6110,3,3,2,1,2,1,3,3
6111,3,3,2,1,2,2,1,1
6112,3,3,2,1,2,2,1,2
6113,3,3,2,1,2,2,1,3
6114,3,3,2,1,2,2,2,1
6115,3,3,2,1,2,2,2,2
6116,3,3,2,1,2,2,2,3
6117,3,3,2,1,2,2,3,1
6118,3,3,2,1,2,2,3,2
6119,3,3,2,1,2,2,3,3
6120,3,3,2,1,2,3,1,1
6121,3,3,2,1,2,3,1,2
6122,3,3,2,1,2,3,1,3
6123,3,3,2,1,2,3,2,1
6124,3,3,2,1,2,3,2,2
6125,3,3,2,1,2,3,2,3
6126,3,3,2,1,2,3,3,1
6127,3,3,2,1,2,3,3,2
6128,3,3,2,1,2,3,3,3
6183,3,3,2,2,2,1,1,1
6184,3,3,2,2,2,1,1,2
6185,3,3,2,2,2,1,1,3
6186,3,3,2,2,2,1,2,1
6187,3,3,2,2,2,1,2,2
6188,3,3,2,2,2,1,2,3
6189,3,3,2,2,2,1,3,1
6190,3,3,2,2,2,1,3,2
6191,3,3,2,2,2,1,3,3
6192,3,3,2,2,2,2,1,1
6193,3,3,2,2,2,2,1,2
6194,3,3,2,2,2,2,1,3
6195,3,3,2,2,2,2,2,1
6196,3,3,2,2,2,2,2,2
6197,3,3,2,2,2,2,2,3
6198,3,3,2,2,2,2,3,1
6199,3,3,2,2,2,2,3,2
6200,3,3,2,2,2,2,3,3
6201,3,3,2,2,2,3,1,1
6202,3,3,2,2,2,3,1,2
6203,3,3,2,2,2,3,1,3
6204,3,3,2,2,2,3,2,1
6205,3,3,2,2,2,3,2,2
6207,3,3,2,2,2,3,3,1
6208,3,3,2,2,2,3,3,2
6209,3,3,2,2,2,3,3,3
6210,3,3,2,2,3,1,1,1
6211,3,3,2,2,3,1,1,2
6212,3,3,2,2,3,1,1,3
6213,3,3,2,2,3,1,2,1
6214,3,3,2,2,3,1,2,2
6215,3,3,2,2,3,1,2,3
6216,3,3,2,2,3,1,3,1
6217,3,3,2,2,3,1,3,2
6218,3,3,2,2,3,1,3,3
6219,3,3,2,2,3,2,1,1
6220,3,3,2,2,3,2,1,2
6221,3,3,2,2,3,2,1,3
6222,3,3,2,2,3,2,2,1
6223,3,3,2,2,3,2,2,2
6224,3,3,2,2,3,2,2,3
6225,3,3,2,2,3,2,3,1
6226,3,3,2,2,3,2,3,2
6227,3,3,2,2,3,2,3,3
6228,3,3,2,2,3,3,1,1
6229,3,3,2,2,3,3,1,2
6230,3,3,2,2,3,3,1,3
6231,3,3,2,2,3,3,2,1
6232,3,3,2,2,3,3,2,2
6233,3,3,2,2,3,3,2,3
6234,3,3,2,2,3,3,3,1
6235,3,3,2,2,3,3,3,2
6264,3,3,2,3,2,1,1,1
6267,3,3,2,3,2,1,2,1
6270,3,3,2,3,2,1,3,1
6273,3,3,2,3,2,2,1,1
6276,3,3,2,3,2,2,2,1
6279,3,3,2,3,2,2,3,1
6282,3,3,2,3,2,3,1,1
6288,3,3,2,3,2,3,3,1
6291,3,3,2,3,3,1,1,1
6293,3,3,2,3,3,1,1,3
6294,3,3,2,3,3,1,2,1
6296,3,3,2,3,3,1,2,3
6297,3,3,2,3,3,1,3,1
6299,3,3,2,3,3,1,3,3
6300,3,3,2,3,3,2,1,1
6302,3,3,2,3,3,2,1,3
6303,3,3,2,3,3,2,2,1
6305,3,3,2,3,3,2,2,3
6306,3,3,2,3,3,2,3,1
6308,3,3,2,3,3,2,3,3
6309,3,3,2,3,3,3,1,1
6311,3,3,2,3,3,3,1,3
6312,3,3,2,3,3,3,2,1
6314,3,3,2,3,3,3,2,3
6315,3,3,2,3,3,3,3,1
6317,3,3,2,3,3,3,3,3
6426,3,3,3,2,2,1,1,1
6427,3,3,3,2,2,1,1,2
6429,3,3,3,2,2,1,2,1
6430,3,3,3,2,2,1,2,2
6432,3,3,3,2,2,1,3,1
6433,3,3,3,2,2,1,3,2
6434,3,3,3,2,2,1,3,3
6435,3,3,3,2,2,2,1,1
6436,3,3,3,2,2,2,1,2
6438,3,3,3,2,2,2,2,1
6439,3,3,3,2,2,2,2,2
6441,3,3,3,2,2,2,3,1
6442,3,3,3,2,2,2,3,2
6443,3,3,3,2,2,2,3,3
6444,3,3,3,2,2,3,1,1
6445,3,3,3,2,2,3,1,2
6447,3,3,3,2,2,3,2,1
6448,3,3,3,2,2,3,2,2
6450,3,3,3,2,2,3,3,1
6451,3,3,3,2,2,3,3,2
6452,3,3,3,2,2,3,3,3
6453,3,3,3,2,3,1,1,1
6454,3,3,3,2,3,1,1,2
6456,3,3,3,2,3,1,2,1
6460,3,3,3,2,3,1,3,2
6462,3,3,3,2,3,2,1,1
6463,3,3,3,2,3,2,1,2
6465,3,3,3,2,3,2,2,1
6468,3,3,3,2,3,2,3,1
6469,3,3,3,2,3,2,3,2
6470,3,3,3,2,3,2,3,3
6471,3,3,3,2,3,3,1,1
6472,3,3,3,2,3,3,1,2
6473,3,3,3,2,3,3,1,3
6474,3,3,3,2,3,3,2,1
6479,3,3,3,2,3,3,3,3
6507,3,3,3,3,2,1,1,1
6508,3,3,3,3,2,1,1,2
6509,3,3,3,3,2,1,1,3
6510,3,3,3,3,2,1,2,1
6511,3,3,3,3,2,1,2,2
6512,3,3,3,3,2,1,2,3
6513,3,3,3,3,2,1,3,1
6514,3,3,3,3,2,1,3,2
6515,3,3,3,3,2,1,3,3
6516,3,3,3,3,2,2,1,1
6517,3,3,3,3,2,2,1,2
6518,3,3,3,3,2,2,1,3
6519,3,3,3,3,2,2,2,1
6520,3,3,3,3,2,2,2,2
6521,3,3,3,3,2,2,2,3
6522,3,3,3,3,2,2,3,1
6523,3,3,3,3,2,2,3,2
6524,3,3,3,3,2,2,3,3
6525,3,3,3,3,2,3,1,1
6526,3,3,3,3,2,3,1,2
6527,3,3,3,3,2,3,1,3
6528,3,3,3,3,2,3,2,1
6529,3,3,3,3,2,3,2,2
6530,3,3,3,3,2,3,2,3
6531,3,3,3,3,2,3,3,1
6532,3,3,3,3,2,3,3,2
6533,3,3,3,3,2,3,3,3
6534,3,3,3,3,3,1,1,1
6535,3,3,3,3,3,1,1,2
6536,3,3,3,3,3,1,1,3
6537,3,3,3,3,3,1,2,1
6538,3,3,3,3,3,1,2,2
6539,3,3,3,3,3,1,2,3
6540,3,3,3,3,3,1,3,1
6541,3,3,3,3,3,1,3,2
6542,3,3,3,3,3,1,3,3
6543,3,3,3,3,3,2,1,1
6544,3,3,3,3,3,2,1,2
6545,3,3,3,3,3,2,1,3
6546,3,3,3,3,3,2,2,1
6547,3,3,3,3,3,2,2,2
6548,3,3,3,3,3,2,2,3
6549,3,3,3,3,3,2,3,1
6550,3,3,3,3,3,2,3,2
6551,3,3,3,3,3,2,3,3
6552,3,3,3,3,3,3,1,1
6553,3,3,3,3,3,3,1,2
6554,3,3,3,3,3,3,1,3
6555,3,3,3,3,3,3,2,1
6556,3,3,3,3,3,3,2,2
6557,3,3,3,3,3,3,2,3
6558,3,3,3,3,3,3,3,1
6559,3,3,3,3,3,3,3,2
6560,3,3,3,3,3,3,3,3
