,Unnamed: 1,vENO,vFBA1,vFBA2,vGAPD,vPGK,vPGMd,vPGMi,vTPI,dpg,twopg,threepg,adp,atp,dhap,fdp,g3p,nad,nadh,pep,pi,two3pg
5562,0,2.3642999647723667e-13,1.3670139763662968e-11,1.224127201632761e-09,2.4627529143215907e-10,2.707576853300127e-09,8.521568121975925e-07,6.240690673964445e-07,3.588787738158562e-08,1.8357514056856836e-13,2.583542758509848e-13,2.848494798621007e-13,7.677323491654112e-14,5.223985545516864e-15,6.182078269780092e-13,2.479969811380001e-13,3.345823899814123e-12,1.2177078517641118e-11,4.2878509961485633e-13,8.102054278084612e-15,8.040256193281327e-09,1.0940783518649065e-09
5562,1,2.3642999647723667e-13,1.3670139763662968e-11,1.224127201632761e-09,2.4627529143215907e-10,2.707576853300127e-09,8.521568121975925e-07,6.240690673964445e-07,3.588787738158562e-08,1.8357514056856836e-13,2.583542758509848e-13,2.848494798621007e-13,7.677323491654112e-14,5.223985545516864e-15,6.182078269780092e-13,2.479969811380001e-13,3.345823899814123e-12,1.2177078517641118e-11,4.2878509961485633e-13,8.102054278084612e-15,8.040256193281327e-09,1.0940783518649065e-09
5563,0,3.4361816580250815e-13,1.68466521737268e-11,8.663923249803546e-10,2.597856702287725e-09,2.9607448245185908e-08,5.383448425742188e-13,1.6625802253581378e-12,1.5407228203263813e-07,2.9425411234313026e-13,2.7133104204944285e-12,2.4785988106834198e-12,8.314170173150102e-13,4.341312125757118e-14,6.156567630427491e-13,1.1161576049377087e-13,5.499825559098977e-12,8.503546450866702e-13,1.1265943477404325e-11,3.638558921248908e-14,3.706180382348408e-09,1.4089282432444207e-10
5563,1,3.4361816580250815e-13,1.68466521737268e-11,8.663923249803546e-10,2.597856702287725e-09,2.9607448245185908e-08,5.383448425742188e-13,1.6625802253581378e-12,1.5407228203263813e-07,2.9425411234313026e-13,2.7133104204944285e-12,2.4785988106834198e-12,8.314170173150102e-13,4.341312125757118e-14,6.156567630427491e-13,1.1161576049377087e-13,5.499825559098977e-12,8.503546450866702e-13,1.1265943477404325e-11,3.638558921248908e-14,3.706180382348408e-09,1.4089282432444207e-10
5564,0,1.4069987283845978e-13,1.3977709924018423e-11,9.994497529348637e-10,1.1017507238759363e-09,1.6514020462021267e-09,5.524587755049906e-07,3.9373118530127377e-07,1.544216292004017e-07,3.81729514895938e-13,1.3212975822093224e-13,1.7628845713660407e-13,4.1219217728728186e-14,3.0623363542685065e-15,1.601501248246562e-14,6.950306558354445e-14,1.287460074231357e-11,7.366792361314841e-12,2.0375803089070433e-12,7.365503889167829e-15,1.17943773645788e-08,6.373809104843346e-10
5564,1,1.4069987283845978e-13,1.3977709924018423e-11,9.994497529348637e-10,1.1017507238759363e-09,1.6514020462021267e-09,5.524587755049906e-07,3.9373118530127377e-07,1.544216292004017e-07,3.81729514895938e-13,1.3212975822093224e-13,1.7628845713660407e-13,4.1219217728728186e-14,3.0623363542685065e-15,1.601501248246562e-14,6.950306558354445e-14,1.287460074231357e-11,7.366792361314841e-12,2.0375803089070433e-12,7.365503889167829e-15,1.17943773645788e-08,6.373809104843346e-10
5565,0,1.4957061788606846e-13,1.3465324419859675e-11,1.2145864940591485e-09,1.5518555309162007e-10,2.698757607855711e-09,8.499742358457596e-07,6.219168892937407e-07,3.6660829114402865e-08,1.529792838071403e-13,2.3753830276813406e-13,2.8132934293844646e-13,8.497800811372871e-14,5.223985545516864e-15,6.123970702365835e-13,2.405787557473098e-13,2.83072784923291e-12,1.114151663085457e-11,1.3536315999183556e-13,4.051027139042306e-14,6.499437204146318e-09,9.639633014586568e-10
5565,1,1.4957061788606846e-13,1.3465324419859675e-11,1.2145864940591485e-09,1.5518555309162007e-10,2.698757607855711e-09,8.499742358457596e-07,6.219168892937407e-07,3.6660829114402865e-08,1.529792838071403e-13,2.3753830276813406e-13,2.8132934293844646e-13,8.497800811372871e-14,5.223985545516864e-15,6.123970702365835e-13,2.405787557473098e-13,2.83072784923291e-12,1.114151663085457e-11,1.3536315999183556e-13,4.051027139042306e-14,6.499437204146318e-09,9.639633014586568e-10
5566,0,4.1988193225347714e-13,1.7250450831204752e-11,8.633573241584915e-10,2.6418501767130013e-09,2.736899298182665e-08,3.6630888255538526e-13,1.6020045357969212e-12,1.5651630527090135e-07,5.338874334208923e-15,2.4465411768014403e-12,2.377359672759124e-12,7.581601137686923e-13,3.9810372605490584e-14,6.261444703321514e-13,1.1104512777141008e-13,5.61104629856428e-12,1.0518886959722112e-12,1.149662823988143e-11,3.859524037923943e-14,4.020214252153884e-09,1.4453140812314682e-11
5566,1,4.1988193225347714e-13,1.7250450831204752e-11,8.633573241584915e-10,2.6418501767130013e-09,2.736899298182665e-08,3.6630888255538526e-13,1.6020045357969212e-12,1.5651630527090135e-07,5.338874334208923e-15,2.4465411768014403e-12,2.377359672759124e-12,7.581601137686923e-13,3.9810372605490584e-14,6.261444703321514e-13,1.1104512777141008e-13,5.61104629856428e-12,1.0518886959722112e-12,1.149662823988143e-11,3.859524037923943e-14,4.020214252153884e-09,1.4453140812314682e-11
5567,0,1.6115186836489087e-13,1.3680831818898801e-11,9.994630832894434e-10,1.0878372066783467e-09,1.6352598775161177e-09,5.554885817814958e-07,3.893655872448378e-07,1.5602995836256328e-07,4.291633599421788e-14,1.7007092901733402e-13,1.7699248452133494e-13,4.942399092591578e-14,3.0623363542685065e-15,2.267612386897787e-15,7.132909029509898e-14,1.3023228457102633e-11,7.0115141905976305e-12,2.370395359761221e-12,9.575155055918178e-15,1.1284655654132164e-08,6.389951161916811e-10
5567,1,1.6115186836489087e-13,1.3680831818898801e-11,9.994630832894434e-10,1.0878372066783467e-09,1.6352598775161177e-09,5.554885817814958e-07,3.893655872448378e-07,1.5602995836256328e-07,4.291633599421788e-14,1.7007092901733402e-13,1.7699248452133494e-13,4.942399092591578e-14,3.0623363542685065e-15,2.267612386897787e-15,7.132909029509898e-14,1.3023228457102633e-11,7.0115141905976305e-12,2.370395359761221e-12,9.575155055918178e-15,1.1284655654132164e-08,6.389951161916811e-10
5568,0,4.3169429718121666e-07,1.328272633368928e-11,9.168345101392991e-10,7.896559826480288e-10,1.8495647573871104e-09,2.3156671267471305e-10,4.0864032453249144e-07,2.689024385096021e-07,8.172584557750583e-14,1.055441288711684e-09,4.238244856079699e-14,5.450313623846049e-14,3.2424737868725362e-15,6.944562934874472e-15,9.232837447797611e-14,2.1530014727788714e-11,3.0111057982518993e-12,2.0229902677103184e-12,1.1342875989318457e-14,5.213215087419476e-09,4.0020007814302096e-13
5568,1,4.3169429718121666e-07,1.328272633368928e-11,9.168345101392991e-10,7.896559826480288e-10,1.8495647573871104e-09,2.3156671267471305e-10,4.0864032453249144e-07,2.689024385096021e-07,8.172584557750583e-14,1.055441288711684e-09,4.238244856079699e-14,5.450313623846049e-14,3.2424737868725362e-15,6.944562934874472e-15,9.232837447797611e-14,2.1530014727788714e-11,3.0111057982518993e-12,2.0229902677103184e-12,1.1342875989318457e-14,5.213215087419476e-09,4.0020007814302096e-13
5569,0,2.7076717209902195e-12,7.97042729001674e-11,4.03246435196565e-10,1.416759381647191e-09,1.76713379024898e-08,3.0834380738542383e-09,1.7231559149193544e-13,9.619420763743373e-07,2.1766179977928686e-14,2.8492785850994326e-14,8.499018588470784e-13,4.981469441149614e-13,2.575965286237626e-14,3.995107848391357e-12,2.526761694613586e-13,3.2192002881566826e-11,1.12723011752689e-12,1.3392036702904832e-12,9.133224822568108e-15,0.0,2.4553288372703618e-11
5569,1,2.7076717209902195e-12,7.97042729001674e-11,4.03246435196565e-10,1.416759381647191e-09,1.76713379024898e-08,3.0834380738542383e-09,1.7231559149193544e-13,9.619420763743373e-07,2.1766179977928686e-14,2.8492785850994326e-14,8.499018588470784e-13,4.981469441149614e-13,2.575965286237626e-14,3.995107848391357e-12,2.526761694613586e-13,3.2192002881566826e-11,1.12723011752689e-12,1.3392036702904832e-12,9.133224822568108e-15,0.0,2.4553288372703618e-11
5570,0,6.994190532186133e-07,4.9702227050559877e-11,6.553986086877694e-10,3.96575404893601e-10,4.0629244365971e-12,3.9000176511902705e-10,8.423913778211139e-10,7.67488211696953e-07,8.069913897477334e-14,4.63502333978144e-12,7.716140136650083e-14,5.665200540915248e-15,3.602748652080596e-16,3.203002496493124e-14,1.867110267564511e-13,6.404854320902698e-11,3.367404394543214e-13,2.544016850002246e-12,2.3569612445337052e-15,7.530422996003765e-10,5.121841686364725e-12
5570,1,6.994190532186133e-07,4.9702227050559877e-11,6.553986086877694e-10,3.96575404893601e-10,4.0629244365971e-12,3.9000176511902705e-10,8.423913778211139e-10,7.67488211696953e-07,8.069913897477334e-14,4.63502333978144e-12,7.716140136650083e-14,5.665200540915248e-15,3.602748652080596e-16,3.203002496493124e-14,1.867110267564511e-13,6.404854320902698e-11,3.367404394543214e-13,2.544016850002246e-12,2.3569612445337052e-15,7.530422996003765e-10,5.121841686364725e-12
5571,0,2.579908351346189e-13,1.3858986453542615e-11,1.2145657579520245e-09,1.5380282570732408e-10,2.7430252129439173e-09,8.555979110790792e-07,6.201012255738553e-07,3.666162526794732e-08,3.880950958328794e-14,2.6632635064867237e-13,2.7640115124533053e-13,7.79453453732822e-14,5.5842604107249234e-15,5.997834763344647e-13,2.4183414773650357e-13,2.8413298261963292e-12,1.11408363471385e-11,2.527319358410439e-13,7.807434122517899e-15,6.444060185508516e-09,9.75905709917981e-10
5571,1,2.579908351346189e-13,1.3858986453542615e-11,1.2145657579520245e-09,1.5380282570732408e-10,2.7430252129439173e-09,8.555979110790792e-07,6.201012255738553e-07,3.666162526794732e-08,3.880950958328794e-14,2.6632635064867237e-13,2.7640115124533053e-13,7.79453453732822e-14,5.5842604107249234e-15,5.997834763344647e-13,2.4183414773650357e-13,2.8413298261963292e-12,1.11408363471385e-11,2.527319358410439e-13,7.807434122517899e-15,6.444060185508516e-09,9.75905709917981e-10
5572,0,2.5515712491107723e-13,1.7174079008091658e-11,8.623728527869359e-10,2.631670873566078e-09,2.595497404437521e-08,1.4709701288328898e-07,1.180712593142358e-12,1.5733351680096414e-07,1.2690093609773517e-13,2.349990493140558e-12,2.27752858960429e-12,7.288573523501652e-13,3.818913571205431e-14,6.284120827190492e-13,1.1104512777141008e-13,5.618447678708553e-12,1.0287590496258537e-12,1.147328417396667e-11,3.609096905692236e-14,3.979798824292235e-09,5.91969154803515e-11
5572,1,2.5515712491107723e-13,1.7174079008091658e-11,8.623728527869359e-10,2.631670873566078e-09,2.595497404437521e-08,1.4709701288328898e-07,1.180712593142358e-12,1.5733351680096414e-07,1.2690093609773517e-13,2.349990493140558e-12,2.27752858960429e-12,7.288573523501652e-13,3.818913571205431e-14,6.284120827190492e-13,1.1104512777141008e-13,5.618447678708553e-12,1.0287590496258537e-12,1.147328417396667e-11,3.609096905692236e-14,3.979798824292235e-09,5.91969154803515e-11
5573,0,3.9770506963445546e-13,1.3693190168457102e-11,9.962920634791834e-10,1.083916090957719e-09,1.6681607316689443e-09,5.589263161204037e-07,3.8963856833860786e-07,1.56033723897778e-07,2.7310395632684105e-14,1.5914623392420667e-13,1.7614765165965792e-13,4.844723221196488e-14,4.323298382496715e-15,1.0487707289402265e-14,6.927481249460012e-14,1.300942588332007e-11,7.2263137739465236e-12,2.072920630916888e-12,7.218193811384473e-15,1.1591239213229895e-08,6.301181291642439e-10
5573,1,3.9770506963445546e-13,1.3693190168457102e-11,9.962920634791834e-10,1.083916090957719e-09,1.6681607316689443e-09,5.589263161204037e-07,3.8963856833860786e-07,1.56033723897778e-07,2.7310395632684105e-14,1.5914623392420667e-13,1.7614765165965792e-13,4.844723221196488e-14,4.323298382496715e-15,1.0487707289402265e-14,6.927481249460012e-14,1.300942588332007e-11,7.2263137739465236e-12,2.072920630916888e-12,7.218193811384473e-15,1.1591239213229895e-08,6.301181291642439e-10
5574,0,2.0698405111086903e-14,1.3665974027856799e-11,1.2211566308580332e-09,2.1102024010753097e-10,2.720069449627799e-09,8.605222383487089e-07,6.144002133401438e-07,3.7445864762810555e-08,1.0061724706778354e-14,2.3930987494539795e-13,2.704873212135914e-13,8.478265637093854e-14,5.223985545516864e-15,6.023345402697246e-13,2.4594270333750126e-13,2.883537696748809e-12,1.18796244627898e-11,2.464095846557965e-13,3.7858689990322644e-14,7.508812115786849e-09,9.034637739592516e-10
5574,1,2.0698405111086903e-14,1.3665974027856799e-11,1.2211566308580332e-09,2.1102024010753097e-10,2.720069449627799e-09,8.605222383487089e-07,6.144002133401438e-07,3.7445864762810555e-08,1.0061724706778354e-14,2.3930987494539795e-13,2.704873212135914e-13,8.478265637093854e-14,5.223985545516864e-15,6.023345402697246e-13,2.4594270333750126e-13,2.883537696748809e-12,1.18796244627898e-11,2.464095846557965e-13,3.7858689990322644e-14,7.508812115786849e-09,9.034637739592516e-10
5575,0,7.835824792054327e-14,1.7643418575586665e-11,8.582514280668239e-10,2.614317601771486e-09,2.015591876345854e-08,1.0668027375079743e-06,5.877895300643478e-13,1.5980551245527748e-07,2.2505408731896076e-13,1.6471192318111073e-12,2.3527187142935442e-12,5.706224406901186e-13,2.9542538947060886e-14,6.397501446535382e-13,1.1207226667165952e-13,5.68546017460941e-12,9.620912454510587e-13,1.0996514049971475e-11,4.1246821779339845e-15,3.879819960192476e-09,1.2536993300913038e-09
5575,1,7.835824792054327e-14,1.7643418575586665e-11,8.582514280668239e-10,2.614317601771486e-09,2.015591876345854e-08,1.0668027375079743e-06,5.877895300643478e-13,1.5980551245527748e-07,2.2505408731896076e-13,1.6471192318111073e-12,2.3527187142935442e-12,5.706224406901186e-13,2.9542538947060886e-14,6.397501446535382e-13,1.1207226667165952e-13,5.68546017460941e-12,9.620912454510587e-13,1.0996514049971475e-11,4.1246821779339845e-15,3.879819960192476e-09,1.2536993300913038e-09
5576,0,3.7207847283025265e-14,1.3348822675147157e-11,1.002312940297699e-09,1.0298018356618749e-09,1.6570210471658251e-09,5.620055581695807e-07,3.862711955303913e-07,1.5847758932949623e-07,4.1068264109299407e-16,2.0314027632626008e-13,1.7248670925905751e-13,4.649371478406307e-14,2.8821989216644768e-15,1.5448109385741174e-14,7.874731568578926e-14,1.322386587020281e-11,5.922550032099641e-12,2.152517411223464e-12,6.776263578034403e-15,9.66164430538422e-09,5.540212613644019e-10
5576,1,3.7207847283025265e-14,1.3348822675147157e-11,1.002312940297699e-09,1.0298018356618749e-09,1.6570210471658251e-09,5.620055581695807e-07,3.862711955303913e-07,1.5847758932949623e-07,4.1068264109299407e-16,2.0314027632626008e-13,1.7248670925905751e-13,4.649371478406307e-14,2.8821989216644768e-15,1.5448109385741174e-14,7.874731568578926e-14,1.322386587020281e-11,5.922550032099641e-12,2.152517411223464e-12,6.776263578034403e-15,9.66164430538422e-09,5.540212613644019e-10
5577,0,3.90031049942575e-06,1.3290085800280178e-11,9.120212647023405e-10,7.933421468296871e-10,1.8466025445651709e-09,1.9220308202544304e-10,4.064805886713673e-07,2.7215420006144605e-07,1.6324634983446515e-13,2.37975029264963e-08,7.04027384730847e-16,5.157286009660777e-14,3.422611219476566e-15,4.960402096338909e-15,9.027409667747726e-14,2.1775460496356927e-11,3.272674887080559e-12,1.94063759073325e-12,5.892403111334263e-16,5.633221835303503e-09,7.971305478044813e-13
5577,1,3.90031049942575e-06,1.3290085800280178e-11,9.120212647023405e-10,7.933421468296871e-10,1.8466025445651709e-09,1.9220308202544304e-10,4.064805886713673e-07,2.7215420006144605e-07,1.6324634983446515e-13,2.37975029264963e-08,7.04027384730847e-16,5.157286009660777e-14,3.422611219476566e-15,4.960402096338909e-15,9.027409667747726e-14,2.1775460496356927e-11,3.272674887080559e-12,1.94063759073325e-12,5.892403111334263e-16,5.633221835303503e-09,7.971305478044813e-13
5578,0,2.451159343363535e-12,8.26159833708191e-11,3.996367479772642e-10,1.4140047689003236e-09,1.7616889146182788e-08,2.9163298547792804e-09,1.933630768479514e-14,9.73076917561336e-07,9.158222896373768e-14,8.679817882504459e-12,2.840046470004237e-13,5.016632754851847e-13,2.648020259279238e-14,4.0465543044191006e-12,2.604367744854654e-13,3.2548469352299145e-11,1.1211075640822661e-12,1.2562025470380045e-12,9.133224822568108e-15,3.2226662064171645e-14,1.4392162614133576e-11
5578,1,2.451159343363535e-12,8.26159833708191e-11,3.996367479772642e-10,1.4140047689003236e-09,1.7616889146182788e-08,2.9163298547792804e-09,1.933630768479514e-14,9.73076917561336e-07,9.158222896373768e-14,8.679817882504459e-12,2.840046470004237e-13,5.016632754851847e-13,2.648020259279238e-14,4.0465543044191006e-12,2.604367744854654e-13,3.2548469352299145e-11,1.1211075640822661e-12,1.2562025470380045e-12,9.133224822568108e-15,3.2226662064171645e-14,1.4392162614133576e-11
5579,0,8.398141274790059e-06,5.164012734758955e-11,6.556344819063054e-10,3.8577108383519826e-10,7.130317189747083e-11,3.643257361481463e-10,2.001759373828402e-08,7.752259855003136e-07,2.8747784876509586e-13,7.192125383545625e-11,1.7561259084726248e-12,9.376883653928686e-15,3.602748652080596e-16,3.5573169319459035e-14,1.9207497434664253e-13,6.468266145382017e-11,3.2296469420391733e-13,2.2465421211579127e-12,1.0311705444834961e-15,7.67645913130357e-10,8.367238717119397e-11
5579,1,8.398141274790059e-06,5.164012734758955e-11,6.556344819063054e-10,3.8577108383519826e-10,7.130317189747083e-11,3.643257361481463e-10,2.001759373828402e-08,7.752259855003136e-07,2.8747784876509586e-13,7.192125383545625e-11,1.7561259084726248e-12,9.376883653928686e-15,3.602748652080596e-16,3.5573169319459035e-14,1.9207497434664253e-13,6.468266145382017e-11,3.2296469420391733e-13,2.2465421211579127e-12,1.0311705444834961e-15,7.67645913130357e-10,8.367238717119397e-11
5580,0,1.0546330223268088e-13,1.3454493506763635e-11,1.2064826259083392e-09,4.395811464987848e-11,2.7678742643037387e-09,8.633378539952505e-07,6.198187097981012e-07,3.666070679710269e-08,1.642730564371976e-14,2.809418211110995e-13,2.737258471833533e-13,8.263378720024655e-14,6.124672708537013e-15,5.993582990119213e-13,2.314486321895372e-13,2.331634782747424e-12,9.64812380315336e-12,9.402470993444865e-15,1.2226736456018596e-14,4.259165370460184e-09,9.791187541728107e-10
5580,1,1.0546330223268088e-13,1.3454493506763635e-11,1.2064826259083392e-09,4.395811464987848e-11,2.7678742643037387e-09,8.633378539952505e-07,6.198187097981012e-07,3.666070679710269e-08,1.642730564371976e-14,2.809418211110995e-13,2.737258471833533e-13,8.263378720024655e-14,6.124672708537013e-15,5.993582990119213e-13,2.314486321895372e-13,2.331634782747424e-12,9.64812380315336e-12,9.402470993444865e-15,1.2226736456018596e-14,4.259165370460184e-09,9.791187541728107e-10
5581,0,1.1162354184907579e-13,1.724378565391488e-11,8.652912130062263e-10,2.5698526226059703e-09,2.4906085322285897e-08,2.7608049716496297e-07,8.16745102473692e-13,1.565121251202372e-07,1.8521787113294033e-13,2.316478252787316e-12,2.2604911268938034e-12,6.976010735037362e-13,3.7108311116430133e-14,6.243020352677969e-13,1.126428993940203e-13,5.523629997941371e-12,7.192299588143057e-13,1.101240098371902e-11,1.0046547304824918e-13,3.500558165047961e-09,2.2691671391557444e-10
5581,1,1.1162354184907579e-13,1.724378565391488e-11,8.652912130062263e-10,2.5698526226059703e-09,2.4906085322285897e-08,2.7608049716496297e-07,8.16745102473692e-13,1.565121251202372e-07,1.8521787113294033e-13,2.316478252787316e-12,2.2604911268938034e-12,6.976010735037362e-13,3.7108311116430133e-14,6.243020352677969e-13,1.126428993940203e-13,5.523629997941371e-12,7.192299588143057e-13,1.101240098371902e-11,1.0046547304824918e-13,3.500558165047961e-09,2.2691671391557444e-10
5582,0,2.161012057431335e-13,1.3244262706412323e-11,1.0040432943796748e-09,1.0156512724438466e-09,1.6873024442289684e-09,5.644470163375464e-07,3.8967640162132974e-07,1.5602716148848443e-07,1.100629478129224e-13,1.6431331944122636e-13,1.6995221067402645e-13,5.294032229613904e-14,2.8821989216644768e-15,3.4014185803466805e-15,7.714954406317905e-14,1.3031830061054087e-11,6.1092879121606735e-12,2.034662300667698e-12,1.1490186067101813e-14,9.929228522604246e-09,6.234000646171813e-10
5582,1,2.161012057431335e-13,1.3244262706412323e-11,1.0040432943796748e-09,1.0156512724438466e-09,1.6873024442289684e-09,5.644470163375464e-07,3.8967640162132974e-07,1.5602716148848443e-07,1.100629478129224e-13,1.6431331944122636e-13,1.6995221067402645e-13,5.294032229613904e-14,2.8821989216644768e-15,3.4014185803466805e-15,7.714954406317905e-14,1.3031830061054087e-11,6.1092879121606735e-12,2.034662300667698e-12,1.1490186067101813e-14,9.929228522604246e-09,6.234000646171813e-10
5583,0,2.8706716612400284e-14,1.3318412803762124e-11,1.211206385168721e-09,8.679679055666568e-11,2.7555888984367623e-09,8.694345955144268e-07,6.16237568461543e-07,3.745217679490753e-08,1.4784575079347787e-14,2.6071637208733667e-13,2.741482636141918e-13,7.989886280118402e-14,5.7643978433289535e-15,5.941144453672202e-13,2.352148081571184e-13,2.3634407136376814e-12,1.0221943117657846e-11,5.2037813601651756e-14,1.30958659149404e-13,5.13484899068351e-09,8.800239507549434e-10
5583,1,2.8706716612400284e-14,1.3318412803762124e-11,1.211206385168721e-09,8.679679055666568e-11,2.7555888984367623e-09,8.694345955144268e-07,6.16237568461543e-07,3.745217679490753e-08,1.4784575079347787e-14,2.6071637208733667e-13,2.741482636141918e-13,7.989886280118402e-14,5.7643978433289535e-15,5.941144453672202e-13,2.352148081571184e-13,2.3634407136376814e-12,1.0221943117657846e-11,5.2037813601651756e-14,1.30958659149404e-13,5.13484899068351e-09,8.800239507549434e-10
5584,0,2.710505431213761e-14,1.7259476592118118e-11,8.599857318834898e-10,2.5979146085401187e-09,1.6886451546967163e-08,2.2787417525939727e-06,3.9357086438078604e-15,1.597998661049381e-07,1.9527959583971868e-13,1.1589034659601319e-12,2.6095479042433573e-12,4.668906652685325e-13,2.431855340154402e-14,6.381911611375459e-13,1.1104512777141008e-13,5.6476531246832555e-12,9.253559247833145e-13,1.0743620002561579e-11,3.5207108590222226e-14,3.8295405607665905e-09,3.004704311943314e-09
5584,1,2.710505431213761e-14,1.7259476592118118e-11,8.599857318834898e-10,2.5979146085401187e-09,1.6886451546967163e-08,2.2787417525939727e-06,3.9357086438078604e-15,1.597998661049381e-07,1.9527959583971868e-13,1.1589034659601319e-12,2.6095479042433573e-12,4.668906652685325e-13,2.431855340154402e-14,6.381911611375459e-13,1.1104512777141008e-13,5.6476531246832555e-12,9.253559247833145e-13,1.0743620002561579e-11,3.5207108590222226e-14,3.8295405607665905e-09,3.004704311943314e-09
5585,0,4.127360542984591e-14,1.3811358207492086e-11,1.0012872435703136e-09,1.0262553857147163e-09,1.6711843004774633e-09,5.618425250241369e-07,3.859429057519321e-07,1.5847349279103349e-07,6.20952153332607e-13,1.8114325512523337e-13,1.7276832021294984e-13,3.7312182872924567e-14,3.422611219476566e-15,3.117967031984457e-15,7.931794840815006e-14,1.3219265012275289e-11,5.959285352767385e-12,2.3428363930562962e-12,9.575155055918178e-15,9.728355092673643e-09,5.536612774705821e-10
5585,1,4.127360542984591e-14,1.3811358207492086e-11,1.0012872435703136e-09,1.0262553857147163e-09,1.6711843004774633e-09,5.618425250241369e-07,3.859429057519321e-07,1.5847349279103349e-07,6.20952153332607e-13,1.8114325512523337e-13,1.7276832021294984e-13,3.7312182872924567e-14,3.422611219476566e-15,3.117967031984457e-15,7.931794840815006e-14,1.3219265012275289e-11,5.959285352767385e-12,2.3428363930562962e-12,9.575155055918178e-15,9.728355092673643e-09,5.536612774705821e-10
5586,0,3.841959340974014e-06,1.3208298520619065e-11,9.106835389344218e-10,7.96066944016811e-10,1.8517480695119531e-09,1.9381466080899065e-10,4.0720375631171264e-07,2.721549128324929e-07,1.2690093609773517e-13,2.5063631979533448e-08,1.0095752697040346e-13,5.313567403892922e-14,3.9630235172886555e-15,2.5085462030056768e-14,8.947521086617216e-14,2.178586243601915e-11,3.3020971578005577e-12,1.8360756288233886e-12,2.2096511667503487e-15,5.6858910885021924e-09,2.9151829221594567e-12
5586,1,3.841959340974014e-06,1.3208298520619065e-11,9.106835389344218e-10,7.96066944016811e-10,1.8517480695119531e-09,1.9381466080899065e-10,4.0720375631171264e-07,2.721549128324929e-07,1.2690093609773517e-13,2.5063631979533448e-08,1.0095752697040346e-13,5.313567403892922e-14,3.9630235172886555e-15,2.5085462030056768e-14,8.947521086617216e-14,2.178586243601915e-11,3.3020971578005577e-12,1.8360756288233886e-12,2.2096511667503487e-15,5.6858910885021924e-09,2.9151829221594567e-12
5587,0,5.079733587679244e-13,8.209790469439192e-11,4.0078389904637624e-10,1.4060425359913409e-09,1.7572048762015048e-08,2.9211769116091563e-09,9.377253638290032e-14,9.753160247513687e-07,2.1252826676562442e-13,8.663726101894311e-12,2.649959076126908e-13,4.961934266870597e-13,2.575965286237626e-14,4.055624753966692e-12,2.592955090407438e-13,3.261868244501915e-11,1.12467905359163e-12,1.1320250852969912e-12,6.334333344684333e-15,0.0,1.4283284651697606e-11
5587,1,5.079733587679244e-13,8.209790469439192e-11,4.0078389904637624e-10,1.4060425359913409e-09,1.7572048762015048e-08,2.9211769116091563e-09,9.377253638290032e-14,9.753160247513687e-07,2.1252826676562442e-13,8.663726101894311e-12,2.649959076126908e-13,4.961934266870597e-13,2.575965286237626e-14,4.055624753966692e-12,2.592955090407438e-13,3.261868244501915e-11,1.12467905359163e-12,1.1320250852969912e-12,6.334333344684333e-15,0.0,1.4283284651697606e-11
5588,0,1.249296594204888e-13,5.1189394733362097e-11,6.52337317444374e-10,3.860731819859863e-10,1.9977287461591713e-11,3.549899681343732e-10,5.023537999603051e-09,7.752268443630092e-07,7.207480351182045e-14,1.684322247533649e-11,4.3973550450288704e-13,7.423366226026876e-15,1.801374326040298e-16,3.472281467437236e-14,1.9013482309061582e-13,6.466725858162803e-11,3.1837277912044934e-13,2.25480981116939e-12,6.334333344684333e-15,7.712367181430567e-10,1.9934148990378843e-11
5588,1,1.249296594204888e-13,5.1189394733362097e-11,6.52337317444374e-10,3.860731819859863e-10,1.9977287461591713e-11,3.549899681343732e-10,5.023537999603051e-09,7.752268443630092e-07,7.207480351182045e-14,1.684322247533649e-11,4.3973550450288704e-13,7.423366226026876e-15,1.801374326040298e-16,3.472281467437236e-14,1.9013482309061582e-13,6.466725858162803e-11,3.1837277912044934e-13,2.25480981116939e-12,6.334333344684333e-15,7.712367181430567e-10,1.9934148990378843e-11
5589,0,0.002890986379613677,0.7128403310635772,0.23972329571134748,0.024893362324793226,0.1127934734131255,1.000000566427317,0.1366489364458498,0.03147272423010901,1.421948921782824,0.007159118311962084,0.000527223659295069,0.0039441165525088626,1.5861031912120648e-07,0.002281497860250992,5.3065578703875556e-08,0.23631503125686582,4.710800827310057e-05,0.05632697956988049,0.03847545098293159,2.442758234182775e-07,1.3134912129574364e-06
5589,1,0.002890986379613677,0.7128403310635772,0.23972329571134748,0.024893362324793226,0.1127934734131255,1.000000566427317,0.1366489364458498,0.03147272423010901,1.421948921782824,0.007159118311962084,0.000527223659295069,0.0039441165525088626,1.5861031912120648e-07,0.002281497860250992,5.3065578703875556e-08,0.23631503125686582,4.710800827310057e-05,0.05632697956988049,0.03847545098293159,2.442758234182775e-07,1.3134912129574364e-06
5590,0,0.002886562234645143,0.0004429226748691235,0.0010995856833061093,0.02166434692457225,0.11238131124049164,1.0000003832092905,0.1361375725895504,4.627004819035912e-06,1.4710725483418128,0.007133710703593741,0.0005254332371614315,0.003930829869356261,1.5803381935110853e-07,2.795489840429537e-07,2.228148449736739e-09,0.001245710799439381,4.429635911103698e-05,0.05339608899986675,0.038337089278728725,1.5131646313679867e-07,2.091187866937111e-06
5590,1,0.002886562234645143,0.0004429226748691235,0.0010995856833061093,0.02166434692457225,0.11238131124049164,1.0000003832092905,0.1361375725895504,4.627004819035912e-06,1.4710725483418128,0.007133710703593741,0.0005254332371614315,0.003930829869356261,1.5803381935110853e-07,2.795489840429537e-07,2.228148449736739e-09,0.001245710799439381,4.429635911103698e-05,0.05339608899986675,0.038337089278728725,1.5131646313679867e-07,2.091187866937111e-06
5591,0,1.8813690605511166e-07,0.7206173632894829,0.24100153028747076,0.0015114520415240268,0.00040256360587475926,1.000000776317126,1.0000056115557305,0.0234771031633973,0.07862189000721366,6.786506796552861e-07,9.894133565522108e-07,1.7221729979666625e-05,2.022237506819093e-07,0.0023025493201396367,4.9239985604078515e-08,0.23732779483961502,2.5005815370078703e-06,0.00255472345747165,1.6102972380336828e-08,4.689353493496751e-08,9.189134427195795e-07
5591,1,1.8813690605511166e-07,0.7206173632894829,0.24100153028747076,0.0015114520415240268,0.00040256360587475926,1.000000776317126,1.0000056115557305,0.0234771031633973,0.07862189000721366,6.786506796552861e-07,9.894133565522108e-07,1.7221729979666625e-05,2.022237506819093e-07,0.0023025493201396367,4.9239985604078515e-08,0.23732779483961502,2.5005815370078703e-06,0.00255472345747165,1.6102972380336828e-08,4.689353493496751e-08,9.189134427195795e-07
5592,0,0.0028898452309436577,0.7128493321505603,0.2397261838420436,0.024896028967963734,0.11281162120754304,1.0000009995746009,0.13604726523090774,0.03146572726796729,1.4220699028370465,0.007053760141350484,0.00052741019988952,0.003944660284351602,1.586006293485693e-07,0.0022815235453258606,5.306299727556614e-08,0.23631761764149667,4.711329180406625e-05,0.05633430306671237,0.03846772898073656,2.443014412919762e-07,7.78611326952391e-07
5592,1,0.0028898452309436577,0.7128493321505603,0.2397261838420436,0.024896028967963734,0.11281162120754304,1.0000009995746009,0.13604726523090774,0.03146572726796729,1.4220699028370465,0.007053760141350484,0.00052741019988952,0.003944660284351602,1.586006293485693e-07,0.0022815235453258606,5.306299727556614e-08,0.23631761764149667,4.711329180406625e-05,0.05633430306671237,0.03846772898073656,2.443014412919762e-07,7.78611326952391e-07
5593,0,0.0028786475990918306,0.00043480112282279584,0.001099319110862698,0.02166483274285236,0.11238510728698337,1.0000003429872704,0.13559977027694664,3.687791669416341e-06,1.4710961917091425,0.007039940618289282,0.0005255558735262732,0.003930936515271771,1.5800569809650472e-07,3.00009571810402e-08,2.2471423022801516e-09,0.0012458232847874593,4.4297417221947955e-05,0.0533975529424213,0.03832861874708193,1.513210789528962e-07,3.6643641613317535e-07
5593,1,0.0028786475990918306,0.00043480112282279584,0.001099319110862698,0.02166483274285236,0.11238510728698337,1.0000003429872704,0.13559977027694664,3.687791669416341e-06,1.4710961917091425,0.007039940618289282,0.0005255558735262732,0.003930936515271771,1.5800569809650472e-07,3.00009571810402e-08,2.2471423022801516e-09,0.0012458232847874593,4.4297417221947955e-05,0.0533975529424213,0.03832861874708193,1.513210789528962e-07,3.6643641613317535e-07
5594,0,9.001920235163045e-07,0.7194105787448527,0.24063260613524962,0.0015311256064450653,0.00046057864678577864,1.0000007759549083,1.0000073401136376,0.024233295504007466,0.07558778378400481,1.5366490042385615e-06,9.820210592969589e-07,1.9484484114403823e-05,2.2130328282671186e-07,0.002298960957748136,4.964274936392212e-08,0.23699092151151221,2.533763782426019e-06,0.002591427029394234,1.0395252152161885e-06,4.702468554602685e-08,9.315668371885642e-07
5594,1,9.001920235163045e-07,0.7194105787448527,0.24063260613524962,0.0015311256064450653,0.00046057864678577864,1.0000007759549083,1.0000073401136376,0.024233295504007466,0.07558778378400481,1.5366490042385615e-06,9.820210592969589e-07,1.9484484114403823e-05,2.2130328282671186e-07,0.002298960957748136,4.964274936392212e-08,0.23699092151151221,2.533763782426019e-06,0.002591427029394234,1.0395252152161885e-06,4.702468554602685e-08,9.315668371885642e-07
5595,0,0.002230721871238653,0.713082262173024,0.2398761002695678,0.0262010232696742,0.1219104195771506,1.000001002675986,0.06932440712529446,0.03130051173675809,1.4818135576417957,0.019620313910327605,0.0005969018432466312,0.004216233241684937,1.6134006755352075e-07,0.002282292296032392,5.307898435016889e-08,0.2364564906783828,4.9715889363678034e-05,0.05996910296362132,0.03783052794979634,2.565474698091089e-07,7.886266678984265e-07
5595,1,0.002230721871238653,0.713082262173024,0.2398761002695678,0.0262010232696742,0.1219104195771506,1.000001002675986,0.06932440712529446,0.03130051173675809,1.4818135576417957,0.019620313910327605,0.0005969018432466312,0.004216233241684937,1.6134006755352075e-07,0.002282292296032392,5.307898435016889e-08,0.2364564906783828,4.9715889363678034e-05,0.05996910296362132,0.03783052794979634,2.565474698091089e-07,7.886266678984265e-07
5596,0,0.0024596542326091155,0.0006512086419241582,0.001819736544921933,0.031615640886773114,0.1991458393542161,0.004929735395777509,0.02603217678781774,1.6126059847247126e-06,1.9308517169690105,0.013203190054340867,0.0008387143372316046,0.00628441881560734,2.736320352041834e-07,8.708154572060189e-07,3.680475149793837e-09,0.0020628110691054244,6.622876930356464e-05,0.08621118116637402,0.06472004993018557,2.5255960662554795e-07,1.6419359222439242e-07
5596,1,0.0024596542326091155,0.0006512086419241582,0.001819736544921933,0.031615640886773114,0.1991458393542161,0.004929735395777509,0.02603217678781774,1.6126059847247126e-06,1.9308517169690105,0.013203190054340867,0.0008387143372316046,0.00628441881560734,2.736320352041834e-07,8.708154572060189e-07,3.680475149793837e-09,0.0020628110691054244,6.622876930356464e-05,0.08621118116637402,0.06472004993018557,2.5255960662554795e-07,1.6419359222439242e-07
5597,0,1.5950832998776388e-07,0.7205827959601072,0.24099001320509095,0.0014628053014169775,0.00030066119653566147,1.0000007771122237,1.0000036862562225,0.023478215123364683,0.08526278312541659,7.035729598099988e-07,7.408525672220633e-07,1.326473549877494e-05,1.5462648792907774e-07,0.00230244690184183,4.92583327014944e-08,0.23731653521079107,2.4192020772261043e-06,0.002464654324082429,2.72501423941697e-07,4.646172843831823e-08,6.360746526883434e-07
5597,1,1.5950832998776388e-07,0.7205827959601072,0.24099001320509095,0.0014628053014169775,0.00030066119653566147,1.0000007771122237,1.0000036862562225,0.023478215123364683,0.08526278312541659,7.035729598099988e-07,7.408525672220633e-07,1.326473549877494e-05,1.5462648792907774e-07,0.00230244690184183,4.92583327014944e-08,0.23731653521079107,2.4192020772261043e-06,0.002464654324082429,2.72501423941697e-07,4.646172843831823e-08,6.360746526883434e-07
5598,0,0.0028755978822779123,0.7127919213956316,0.2397077912337319,0.024888327677816218,0.11276072946647893,1.0000004595274912,0.13678881906648685,0.03151186227641296,1.421728091656869,0.00718498368137588,0.0005270789541414442,0.00394311839674427,1.5857136007810748e-07,0.002281355605527593,5.3081560414530715e-08,0.23630119754369747,4.7098105679479384e-05,0.05631331584847654,0.03847376641795994,2.4422491545377624e-07,2.4409664821236907e-05
5598,1,0.0028755978822779123,0.7127919213956316,0.2397077912337319,0.024888327677816218,0.11276072946647893,1.0000004595274912,0.13678881906648685,0.03151186227641296,1.421728091656869,0.00718498368137588,0.0005270789541414442,0.00394311839674427,1.5857136007810748e-07,0.002281355605527593,5.3081560414530715e-08,0.23630119754369747,4.7098105679479384e-05,0.05631331584847654,0.03847376641795994,2.4422491545377624e-07,2.4409664821236907e-05
5599,0,0.0028553129800826184,0.00044213013749920364,0.0010989385782750323,0.021654822250738198,0.11231355365130044,1.0000002985547687,0.13642034059955893,4.616169533491313e-06,1.470614197963545,0.007186310079993786,0.0005251338001094041,0.003928761848750672,1.5795127083220543e-07,2.7319381013268366e-07,2.2263627116953832e-09,0.0012449820846950645,4.427555964985717e-05,0.05336723356282686,0.038333296314574855,1.512261683846492e-07,3.5670677331468995e-06
5599,1,0.0028553129800826184,0.00044213013749920364,0.0010989385782750323,0.021654822250738198,0.11231355365130044,1.0000002985547687,0.13642034059955893,4.616169533491313e-06,1.470614197963545,0.007186310079993786,0.0005251338001094041,0.003928761848750672,1.5795127083220543e-07,2.7319381013268366e-07,2.2263627116953832e-09,0.0012449820846950645,4.427555964985717e-05,0.05336723356282686,0.038333296314574855,1.512261683846492e-07,3.5670677331468995e-06
5600,0,8.859582068775468e-07,0.7193529700997803,0.24061438679156696,0.0014908436350216721,0.00037237473507508313,1.0000007767117574,1.0000030112506684,0.0242520994724088,0.08108374769488252,1.300435889129876e-06,2.5562781832030154e-05,1.6071041085131678e-05,1.79212977747877e-07,0.0022987917260498493,4.967095311447789e-08,0.23697367614516557,2.4667548993023707e-06,0.002516096886267657,1.11982354809688e-06,4.6666555150627185e-08,9.38411255101475e-07
5600,1,8.859582068775468e-07,0.7193529700997803,0.24061438679156696,0.0014908436350216721,0.00037237473507508313,1.0000007767117574,1.0000030112506684,0.0242520994724088,0.08108374769488252,1.300435889129876e-06,2.5562781832030154e-05,1.6071041085131678e-05,1.79212977747877e-07,0.0022987917260498493,4.967095311447789e-08,0.23697367614516557,2.4667548993023707e-06,0.002516096886267657,1.11982354809688e-06,4.6666555150627185e-08,9.38411255101475e-07
5601,0,0.0028632240238648543,0.7127649835348143,0.23969924815859212,0.024887300353362684,0.11275485310441133,1.0000004196313377,0.13629090078916975,0.03153374952496418,1.4216870808154949,0.007098726788257254,0.0005271588867803193,0.003942929844521097,1.5853267880692957e-07,0.002281276364806514,5.308885058993851e-08,0.23629357996535405,4.7096134897043715e-05,0.0563106146598068,0.03846472223239405,2.4421290550588184e-07,5.855256644566343e-07
5601,1,0.0028632240238648543,0.7127649835348143,0.23969924815859212,0.024887300353362684,0.11275485310441133,1.0000004196313377,0.13629090078916975,0.03153374952496418,1.4216870808154949,0.007098726788257254,0.0005271588867803193,0.003942929844521097,1.5853267880692957e-07,0.002281276364806514,5.308885058993851e-08,0.23629357996535405,4.7096134897043715e-05,0.0563106146598068,0.03846472223239405,2.4421290550588184e-07,5.855256644566343e-07
5602,0,0.0028537456041018727,0.0004342585696709034,0.0010988027836768644,0.02165720713598292,0.11233087688684927,1.0000003854341946,0.13582510417392527,3.7001214806812736e-06,1.470728928392792,0.0070819744094777915,0.000525316006249292,0.0039292812723247545,1.5794115287289095e-07,2.9774199485494774e-08,2.2455367700525172e-09,0.001245238353374394,4.428076648121486e-05,0.05337445785523518,0.03832554583636174,1.5124880325979494e-07,7.25278195821168e-07
5602,1,0.0028537456041018727,0.0004342585696709034,0.0010988027836768644,0.02165720713598292,0.11233087688684927,1.0000003854341946,0.13582510417392527,3.7001214806812736e-06,1.470728928392792,0.0070819744094777915,0.000525316006249292,0.0039292812723247545,1.5794115287289095e-07,2.9774199485494774e-08,2.2455367700525172e-09,0.001245238353374394,4.428076648121486e-05,0.05337445785523518,0.03832554583636174,1.5124880325979494e-07,7.25278195821168e-07
5603,0,1.08467389566784e-06,0.7193853322696366,0.24062409947456193,0.0014896394980152927,0.0003651978205706446,1.00000077672661,1.0000046535465745,0.02423165452566771,0.0812250717797074,1.3996470434137074e-06,8.16510449817815e-07,1.5772621068956006e-05,1.7987114642579463e-07,0.0022988864477200186,4.9656290136044104e-08,0.23698252703475903,2.464364602565956e-06,0.0025144563842611272,2.867750146308951e-07,4.665729855002726e-08,6.449487315625167e-07
5603,1,1.08467389566784e-06,0.7193853322696366,0.24062409947456193,0.0014896394980152927,0.0003651978205706446,1.00000077672661,1.0000046535465745,0.02423165452566771,0.0812250717797074,1.3996470434137074e-06,8.16510449817815e-07,1.5772621068956006e-05,1.7987114642579463e-07,0.0022988864477200186,4.9656290136044104e-08,0.23698252703475903,2.464364602565956e-06,0.0025144563842611272,2.867750146308951e-07,4.665729855002726e-08,6.449487315625167e-07
5604,0,0.002217922928436446,0.7130529847541648,0.2398663682709341,0.02619201444550474,0.12184735819387751,1.0000013042956233,0.0694293181354552,0.031324023503680694,1.4814103285946132,0.01957991980409936,0.0005965443702192503,0.004214363119275865,1.6128662546084037e-07,0.002282205817955259,5.308801312935517e-08,0.23644778229012575,4.969799133822798e-05,0.059943905716506096,0.03781698762907342,2.5645997500226525e-07,1.0215991744116502e-06
5604,1,0.002217922928436446,0.7130529847541648,0.2398663682709341,0.02619201444550474,0.12184735819387751,1.0000013042956233,0.0694293181354552,0.031324023503680694,1.4814103285946132,0.01957991980409936,0.0005965443702192503,0.004214363119275865,1.6128662546084037e-07,0.002282205817955259,5.308801312935517e-08,0.23644778229012575,4.969799133822798e-05,0.059943905716506096,0.03781698762907342,2.5645997500226525e-07,1.0215991744116502e-06
5605,0,0.0023919076404357183,0.0006629526433591705,0.0018204093679053035,0.03162216994268626,0.19922635261327598,0.004814322818299251,0.02578044945569702,1.6272550706273274e-06,1.9311346084553027,0.012511702756513296,0.0008398069113357384,0.006286148234023286,2.734489572081296e-07,5.566108189316587e-07,3.6844905781345452e-09,0.002063385409302733,6.62433865820511e-05,0.08623497733505622,0.06466543258877445,2.5263198698271837e-07,1.2056050398259085e-06
5605,1,0.0023919076404357183,0.0006629526433591705,0.0018204093679053035,0.03162216994268626,0.19922635261327598,0.004814322818299251,0.02578044945569702,1.6272550706273274e-06,1.9311346084553027,0.012511702756513296,0.0008398069113357384,0.006286148234023286,2.734489572081296e-07,5.566108189316587e-07,3.6844905781345452e-09,0.002063385409302733,6.62433865820511e-05,0.08623497733505622,0.06466543258877445,2.5263198698271837e-07,1.2056050398259085e-06
5606,0,3.3830359993809856e-07,0.7206287577238984,0.24100525311020563,0.0015296752636003825,0.00045217689206165934,1.0000007761127927,1.0000070640549557,0.023477910259123432,0.0761227507830882,1.1256684759144766e-06,1.0808146382749313e-06,1.9159872031225642e-05,2.2538086546481477e-07,0.0023025820691563196,4.923222762396493e-08,0.23733146973920596,2.5307919237259856e-06,0.0025889900282981765,7.902141966444978e-08,4.705364671816699e-08,9.126060321698581e-07
5606,1,3.3830359993809856e-07,0.7206287577238984,0.24100525311020563,0.0015296752636003825,0.00045217689206165934,1.0000007761127927,1.0000070640549557,0.023477910259123432,0.0761227507830882,1.1256684759144766e-06,1.0808146382749313e-06,1.9159872031225642e-05,2.2538086546481477e-07,0.0023025820691563196,4.923222762396493e-08,0.23733146973920596,2.5307919237259856e-06,0.0025889900282981765,7.902141966444978e-08,4.705364671816699e-08,9.126060321698581e-07
5607,0,0.0028971402386072675,0.7128579010755064,0.2397289145512198,0.02489536726728963,0.11280655949507389,1.0000011277640126,0.13659226698299223,0.03145856200586578,1.4220372797712744,0.007148847370956253,0.0005272818163018824,0.003944515431602797,1.5862607286023745e-07,0.002281549386251036,5.3060975752083905e-08,0.2363200519714143,4.711194875972221e-05,0.05633242914785407,0.03847623183403384,2.4429617078107726e-07,8.742175200795138e-07
5607,1,0.0028971402386072675,0.7128579010755064,0.2397289145512198,0.02489536726728963,0.11280655949507389,1.0000011277640126,0.13659226698299223,0.03145856200586578,1.4220372797712744,0.007148847370956253,0.0005272818163018824,0.003944515431602797,1.5862607286023745e-07,0.002281549386251036,5.3060975752083905e-08,0.2363200519714143,4.711194875972221e-05,0.05633242914785407,0.03847623183403384,2.4429617078107726e-07,8.742175200795138e-07
5608,0,0.0028646591045186367,0.0004423630206938426,0.001099131414329759,0.021657665243848382,0.11233377985206237,1.000000326167373,0.13633477845734304,4.616523220453917e-06,1.470751015028805,0.007170406594615893,0.0005252232472632894,0.003929379099881112,1.5797584373966183e-07,2.739402633451058e-07,2.226929235862143e-09,0.0012451997507801217,4.4281768265654577e-05,0.05337584636203421,0.038334408257128215,1.51253138181338e-07,2.765611461606111e-07
5608,1,0.0028646591045186367,0.0004423630206938426,0.001099131414329759,0.021657665243848382,0.11233377985206237,1.000000326167373,0.13633477845734304,4.616523220453917e-06,1.470751015028805,0.007170406594615893,0.0005252232472632894,0.003929379099881112,1.5797584373966183e-07,2.739402633451058e-07,2.226929235862143e-09,0.0012451997507801217,4.4281768265654577e-05,0.05337584636203421,0.038334408257128215,1.51253138181338e-07,2.765611461606111e-07
5609,0,1.213553040437257e-06,0.7193930766555826,0.2406266121763825,0.0014978866701695476,0.0003835891310926494,1.000000776596214,1.0000053459718972,0.024230319764751027,0.08009681541573604,1.5852360099042877e-06,8.681921088603488e-07,1.6487988359041968e-05,1.8908647651561673e-07,0.002298909241055638,4.965334190502076e-08,0.23698494611382742,2.4781140968582535e-06,0.002529818272523016,3.575736563150052e-07,4.6730742241880635e-08,9.40657487244976e-07
5609,1,1.213553040437257e-06,0.7193930766555826,0.2406266121763825,0.0014978866701695476,0.0003835891310926494,1.000000776596214,1.0000053459718972,0.024230319764751027,0.08009681541573604,1.5852360099042877e-06,8.681921088603488e-07,1.6487988359041968e-05,1.8908647651561673e-07,0.002298909241055638,4.965334190502076e-08,0.23698494611382742,2.4781140968582535e-06,0.002529818272523016,3.575736563150052e-07,4.6730742241880635e-08,9.40657487244976e-07
5610,0,0.002894237857957787,0.7128559718203886,0.2397283687908542,0.02489744290750543,0.11282099037541268,1.000001036948119,0.13600790587528877,0.03146032724279452,1.4221335150103809,0.007046455269351792,0.0005274519466151514,0.003944945845292815,1.5861203294874027e-07,0.002281543292846189,5.3061698629616595e-08,0.23631957354977565,4.711608989789669e-05,0.05633816534790025,0.03846823448338232,2.4431490419780125e-07,8.058504566282081e-07
5610,1,0.002894237857957787,0.7128559718203886,0.2397283687908542,0.02489744290750543,0.11282099037541268,1.000001036948119,0.13600790587528877,0.03146032724279452,1.4221335150103809,0.007046455269351792,0.0005274519466151514,0.003944945845292815,1.5861203294874027e-07,0.002281543292846189,5.3061698629616595e-08,0.23631957354977565,4.711608989789669e-05,0.05633816534790025,0.03846823448338232,2.4431490419780125e-07,8.058504566282081e-07
5611,0,0.0028764379039918153,0.00043433883379814494,0.0010992738315469491,0.02166414508393608,0.11238023838498697,1.0000003302202962,0.13561967166427438,3.6967490788970596e-06,1.4710628546636477,0.007043642342987239,0.0005255344164882869,0.003930787656499084,1.5800029937764957e-07,2.9774072074023783e-08,2.246336797129267e-09,0.0012457722194254399,4.429591730911105e-05,0.053395476304763566,0.038328279305067395,1.5131458644181144e-07,2.459843488139637e-07
5611,1,0.0028764379039918153,0.00043433883379814494,0.0010992738315469491,0.02166414508393608,0.11238023838498697,1.0000003302202962,0.13561967166427438,3.6967490788970596e-06,1.4710628546636477,0.007043642342987239,0.0005255344164882869,0.003930787656499084,1.5800029937764957e-07,2.9774072074023783e-08,2.246336797129267e-09,0.0012457722194254399,4.429591730911105e-05,0.053395476304763566,0.038328279305067395,1.5131458644181144e-07,2.459843488139637e-07
5612,0,1.1519053203103304e-06,0.7193863211305432,0.24062404935265408,0.0014749933238969283,0.00032985318580786526,1.0000007769704145,1.0000042438312653,0.02422501315932518,0.08321709992369168,1.510514468983615e-06,8.082998950449941e-07,1.4396128765784486e-05,1.6794739851746524e-07,0.0022988887962994897,4.965816797420685e-08,0.23698225428150418,2.4397455251941886e-06,0.0024875417179170763,3.0806184323212597e-07,4.652824034935978e-08,9.453704567071417e-07
5612,1,1.1519053203103304e-06,0.7193863211305432,0.24062404935265408,0.0014749933238969283,0.00032985318580786526,1.0000007769704145,1.0000042438312653,0.02422501315932518,0.08321709992369168,1.510514468983615e-06,8.082998950449941e-07,1.4396128765784486e-05,1.6794739851746524e-07,0.0022988887962994897,4.965816797420685e-08,0.23698225428150418,2.4397455251941886e-06,0.0024875417179170763,3.0806184323212597e-07,4.652824034935978e-08,9.453704567071417e-07
5613,0,0.002208748827449195,0.7130347312800009,0.23986020636086186,0.026185536005519504,0.12180196781317625,1.0000011242494558,0.06950620150092933,0.031338776786057725,1.4811196656259946,0.019550617279864894,0.0005962864478385288,0.004213016626837429,1.6124758391479724e-07,0.002282151420687829,5.309228865209073e-08,0.23644226221942352,4.968511508400526e-05,0.05992578947149842,0.03780716538891004,2.563977994644182e-07,8.383615368601414e-07
5613,1,0.002208748827449195,0.7130347312800009,0.23986020636086186,0.026185536005519504,0.12180196781317625,1.0000011242494558,0.06950620150092933,0.031338776786057725,1.4811196656259946,0.019550617279864894,0.0005962864478385288,0.004213016626837429,1.6124758391479724e-07,0.002282151420687829,5.309228865209073e-08,0.23644226221942352,4.968511508400526e-05,0.05992578947149842,0.03780716538891004,2.563977994644182e-07,8.383615368601414e-07
5614,0,0.002385565972514006,0.0006573521922435456,0.0018203839901719241,0.031623280392128396,0.19923567650787968,0.004803156171919761,0.02575639163015133,1.7428380013063597e-06,1.9311938590329696,0.012447840270391076,0.0008399177054587014,0.006286402788502829,2.734469573223528e-07,7.037794552550612e-07,3.6831322440022376e-09,0.002063448217505254,6.624576390509677e-05,0.08623846380595096,0.06466231246444337,2.5264227715914666e-07,7.849123040569838e-07
5614,1,0.002385565972514006,0.0006573521922435456,0.0018203839901719241,0.031623280392128396,0.19923567650787968,0.004803156171919761,0.02575639163015133,1.7428380013063597e-06,1.9311938590329696,0.012447840270391076,0.0008399177054587014,0.006286402788502829,2.734469573223528e-07,7.037794552550612e-07,3.6831322440022376e-09,0.002063448217505254,6.624576390509677e-05,0.08623846380595096,0.06466231246444337,2.5264227715914666e-07,7.849123040569838e-07
5615,0,3.0235592724680244e-07,0.7206279172182513,0.241004991964212,0.0015288794909209095,0.00045138247072807784,1.0000007761301664,1.0000064403852487,0.023478086426351085,0.07622717708910072,1.0712780702560529e-06,1.0793936382723357e-06,1.912992963233062e-05,2.2481498263471965e-07,0.0023025797326499,4.923126907511791e-08,0.23733122034460466,2.529441205441488e-06,0.0025875431127252014,6.58073091285533e-08,4.70461858104037e-08,6.37241683689012e-07
5615,1,3.0235592724680244e-07,0.7206279172182513,0.241004991964212,0.0015288794909209095,0.00045138247072807784,1.0000007761301664,1.0000064403852487,0.023478086426351085,0.07622717708910072,1.0712780702560529e-06,1.0793936382723357e-06,1.912992963233062e-05,2.2481498263471965e-07,0.0023025797326499,4.923126907511791e-08,0.23733122034460466,2.529441205441488e-06,0.0025875431127252014,6.58073091285533e-08,4.70461858104037e-08,6.37241683689012e-07
