,,ENO_total,FBA1_total,FBA2_total,GAPD_total,PGK_total,PGMd_total,PGMi_total,TPI_total,dpg,twopg,threepg,adp,atp,dhap,fdp,g3p,nad,nadh,pep,pi,two3pg
1836,0,9.054873173159155e-06,0.0005179743087243271,1.6836695047775972e-05,1.684313948620156e-05,3.598633161120642e-05,3.888645908227681e-07,1.1889921409528388e-06,3.894095219396106e-07,1.6460482880894147e-05,8.82152805777751e-05,0.0015353436402340723,0.0005518257148085342,0.009627719631212197,0.0025707712194070523,0.01515454895592297,0.0002553704415837962,0.002534155489886158,8.260844038051147e-05,0.00017869658892621972,0.023899116728229863,8.257540642621758e-05
1836,1,9.054873173159155e-06,0.0005179743087243271,1.6836695047775972e-05,1.684313948620156e-05,3.598633161120642e-05,3.888645908227681e-07,1.1889921409528388e-06,3.894095219396106e-07,1.6460482880894147e-05,8.82152805777751e-05,0.0015353436402340723,0.0005518257148085342,0.009627719631212197,0.0025707712194070523,0.01515454895592297,0.0002553704415837962,0.002534155489886158,8.260844038051147e-05,0.00017869658892621972,0.023899116728229863,8.257540642621758e-05
1837,0,9.054874194585986e-06,0.0005137673773411265,1.684954652925869e-05,1.6845435125457244e-05,3.5935364486592466e-05,3.8886418038996923e-07,1.1889911647453908e-06,3.813753948912194e-07,1.6463322094608253e-05,8.821528087631408e-05,0.001535348482365135,0.0005518459179818184,0.00962772288686681,0.002574581961984579,0.015154888568676002,0.0002553991498758673,0.002534153301280594,8.260821060274243e-05,0.00017869659332012163,0.02389911651181245,8.257540666907887e-05
1837,1,9.054874194585986e-06,0.0005137673773411265,1.684954652925869e-05,1.6845435125457244e-05,3.5935364486592466e-05,3.8886418038996923e-07,1.1889911647453908e-06,3.813753948912194e-07,1.6463322094608253e-05,8.821528087631408e-05,0.001535348482365135,0.0005518459179818184,0.00962772288686681,0.002574581961984579,0.015154888568676002,0.0002553991498758673,0.002534153301280594,8.260821060274243e-05,0.00017869659332012163,0.02389911651181245,8.257540666907887e-05
1838,0,9.054872375513872e-06,0.0005137491402604499,1.6847223013138304e-05,1.684881689564079e-05,3.593538766675581e-05,3.8886416293948375e-07,1.1889911694710552e-06,3.836283801321409e-07,1.646332048827652e-05,8.821527665794399e-05,0.0015353484801580895,0.0005518459159339232,0.0096277228853854,0.002574642764747903,0.015154892614932776,0.00025535402652933624,0.0025341499698479535,8.260816074516325e-05,0.0001786965891154961,0.02389911647311919,8.257540668398915e-05
1838,1,9.054872375513872e-06,0.0005137491402604499,1.6847223013138304e-05,1.684881689564079e-05,3.593538766675581e-05,3.8886416293948375e-07,1.1889911694710552e-06,3.836283801321409e-07,1.646332048827652e-05,8.821527665794399e-05,0.0015353484801580895,0.0005518459159339232,0.0096277228853854,0.002574642764747903,0.015154892614932776,0.00025535402652933624,0.0025341499698479535,8.260816074516325e-05,0.0001786965891154961,0.02389911647311919,8.257540668398915e-05
1839,0,9.054625140852265e-06,0.0007286930142767195,1.6189889054046467e-05,2.042741449909845e-05,1.551931113361057e-05,3.8869866457337773e-07,1.1886754815108693e-06,1.2374970164909279e-05,1.9600045060384357e-05,8.821682607481655e-05,0.0015372547147900245,0.0005537636755194165,0.009629020760165957,0.0023789687370713098,0.01513624656158764,0.0002539300128769936,0.002530628681167625,8.254122876241328e-05,0.00017869668676148183,0.023898924132692012,8.257551625420872e-05
1839,1,9.054625140852265e-06,0.0007286930142767195,1.6189889054046467e-05,2.042741449909845e-05,1.551931113361057e-05,3.8869866457337773e-07,1.1886754815108693e-06,1.2374970164909279e-05,1.9600045060384357e-05,8.821682607481655e-05,0.0015372547147900245,0.0005537636755194165,0.009629020760165957,0.0023789687370713098,0.01513624656158764,0.0002539300128769936,0.002530628681167625,8.254122876241328e-05,0.00017869668676148183,0.023898924132692012,8.257551625420872e-05
1840,0,9.054627663674216e-06,0.0007118639657772723,1.6290531945567627e-05,2.0638860041548515e-05,1.4716272542554144e-05,3.8869230667028546e-07,1.188668720341468e-06,1.2354620476189981e-05,1.9906414618781757e-05,8.821684456113458e-05,0.0015373279713637477,0.0005538477248495558,0.00962907136624011,0.002392790717312074,0.015137728066197467,0.00025540703088121,0.0025304208155698203,8.253547140969098e-05,0.000178696682644625,0.02389890648536915,8.257551979660288e-05
1840,1,9.054627663674216e-06,0.0007118639657772723,1.6290531945567627e-05,2.0638860041548515e-05,1.4716272542554144e-05,3.8869230667028546e-07,1.188668720341468e-06,1.2354620476189981e-05,1.9906414618781757e-05,8.821684456113458e-05,0.0015373279713637477,0.0005538477248495558,0.00962907136624011,0.002392790717312074,0.015137728066197467,0.00025540703088121,0.0025304208155698203,8.253547140969098e-05,0.000178696682644625,0.02389890648536915,8.257551979660288e-05
1841,0,9.054432884664092e-06,0.0007280235010640584,1.6192392697510987e-05,1.849367140824139e-05,2.2363675022198476e-05,3.88755546761776e-07,1.188765595451059e-06,1.2397358939598447e-05,1.7895908422758936e-05,8.821792671046028e-05,0.0015366209788707167,0.0005530932735624029,0.00962858709517404,0.0023795803594281145,0.015136307895423322,0.00025399107521327475,0.002532531459721825,8.257390595687992e-05,0.00017869665046705882,0.023899029855521836,8.257541374033355e-05
1841,1,9.054432884664092e-06,0.0007280235010640584,1.6192392697510987e-05,1.849367140824139e-05,2.2363675022198476e-05,3.88755546761776e-07,1.188765595451059e-06,1.2397358939598447e-05,1.7895908422758936e-05,8.821792671046028e-05,0.0015366209788707167,0.0005530932735624029,0.00962858709517404,0.0023795803594281145,0.015136307895423322,0.00025399107521327475,0.002532531459721825,8.257390595687992e-05,0.00017869665046705882,0.023899029855521836,8.257541374033355e-05
1842,0,9.042779964177265e-06,0.0007268414453630488,1.61901869986582e-05,2.0212579425507956e-05,1.6001959338158397e-05,3.887694932679467e-07,1.1888714283196284e-06,1.2386284372712129e-05,1.9430255303548486e-05,8.829320944000979e-05,0.001537137990156295,0.000553714446596107,0.00962899027402508,0.0023806476897411744,0.015136419193720212,0.00025411007339427703,0.0025308401319955867,8.254272518638133e-05,0.0001787035939699647,0.023898935244556375,8.257539245758022e-05
1842,1,9.042779964177265e-06,0.0007268414453630488,1.61901869986582e-05,2.0212579425507956e-05,1.6001959338158397e-05,3.887694932679467e-07,1.1888714283196284e-06,1.2386284372712129e-05,1.9430255303548486e-05,8.829320944000979e-05,0.001537137990156295,0.000553714446596107,0.00962899027402508,0.0023806476897411744,0.015136419193720212,0.00025411007339427703,0.0025308401319955867,8.254272518638133e-05,0.0001787035939699647,0.023898935244556375,8.257539245758022e-05
1843,0,9.042781673917947e-06,0.0007074039676463668,1.629086255013243e-05,2.02875750552479e-05,1.540572249933292e-05,3.887647834887139e-07,1.1888669293778542e-06,1.2365103789470283e-05,1.9640576785215935e-05,8.829323787659065e-05,0.001537192376709089,0.0005537766152318124,0.009629027857915478,0.0023968367567338456,0.015138139234383534,0.00025584141538335714,0.002530766609988455,8.253619405421853e-05,0.00017870358986861768,0.02389892419858855,8.257539472841929e-05
1843,1,9.042781673917947e-06,0.0007074039676463668,1.629086255013243e-05,2.02875750552479e-05,1.540572249933292e-05,3.887647834887139e-07,1.1888669293778542e-06,1.2365103789470283e-05,1.9640576785215935e-05,8.829323787659065e-05,0.001537192376709089,0.0005537766152318124,0.009629027857915478,0.0023968367567338456,0.015138139234383534,0.00025584141538335714,0.002530766609988455,8.253619405421853e-05,0.00017870358986861768,0.02389892419858855,8.257539472841929e-05
1844,0,9.042780007416566e-06,0.0007276919177741612,1.6184780061536263e-05,2.0203605618425874e-05,1.6045288938769323e-05,3.887698384440566e-07,1.1888718152156992e-06,1.244112417649915e-05,1.941558840031226e-05,8.829320921063217e-05,0.0015371340210894697,0.0005537099990527289,0.009628987539068424,0.002379884569675382,0.015136342904929883,0.00025402735019238934,0.002530848950966407,8.254302457693811e-05,0.00017870359462381948,0.023898936068053524,8.257539229388339e-05
1844,1,9.042780007416566e-06,0.0007276919177741612,1.6184780061536263e-05,2.0203605618425874e-05,1.6045288938769323e-05,3.887698384440566e-07,1.1888718152156992e-06,1.244112417649915e-05,1.941558840031226e-05,8.829320921063217e-05,0.0015371340210894697,0.0005537099990527289,0.009628987539068424,0.002379884569675382,0.015136342904929883,0.00025402735019238934,0.002530848950966407,8.254302457693811e-05,0.00017870359462381948,0.023898936068053524,8.257539229388339e-05
1845,0,9.052407308642937e-06,0.0006808626225478089,1.61657308752659e-05,2.0955338097818837e-05,1.344220433030414e-05,3.886746163688413e-07,1.1887025260263825e-06,1.2395890400230149e-05,2.0467725721618554e-05,8.823110365382436e-05,0.001537427416467393,0.0005539957303299592,0.00962915091076854,0.0024224321695219993,0.015140656066746189,0.00025857049182173125,0.002530111023350113,8.24685842139984e-05,0.00017869802547839693,0.02389887592902198,8.257549848315742e-05
1845,1,9.052407308642937e-06,0.0006808626225478089,1.61657308752659e-05,2.0955338097818837e-05,1.344220433030414e-05,3.886746163688413e-07,1.1887025260263825e-06,1.2395890400230149e-05,2.0467725721618554e-05,8.823110365382436e-05,0.001537427416467393,0.0005539957303299592,0.00962915091076854,0.0024224321695219993,0.015140656066746189,0.00025857049182173125,0.002530111023350113,8.24685842139984e-05,0.00017869802547839693,0.02389887592902198,8.257549848315742e-05
1846,0,9.05242254765299e-06,0.0007093720933364376,1.6293438636679582e-05,1.977050097282513e-05,1.680637810285728e-05,3.88707784452673e-07,1.1887235548572793e-06,1.2363455469068057e-05,1.9171024573091663e-05,8.823105005126865e-05,0.0015371228945244007,0.0005536332784619716,0.009628939429294547,0.0023950495818090803,0.015137956455276779,0.0002556499713317586,0.002531275322881849,8.254796287892207e-05,0.00017869796735535165,0.02389895361245899,8.25753922292351e-05
1846,1,9.05242254765299e-06,0.0007093720933364376,1.6293438636679582e-05,1.977050097282513e-05,1.680637810285728e-05,3.88707784452673e-07,1.1887235548572793e-06,1.2363455469068057e-05,1.9171024573091663e-05,8.823105005126865e-05,0.0015371228945244007,0.0005536332784619716,0.009628939429294547,0.0023950495818090803,0.015137956455276779,0.0002556499713317586,0.002531275322881849,8.254796287892207e-05,0.00017869796735535165,0.02389895361245899,8.25753922292351e-05
1847,0,9.052406700172996e-06,0.000727911607947242,1.6184696796907747e-05,2.0235014845139473e-05,1.597222108312732e-05,3.8870195956099346e-07,1.1887144905896103e-06,1.2441411492766565e-05,1.9440935950759482e-05,8.823111185128374e-05,0.0015371996537660293,0.0005537174486059476,0.009628992157066201,0.002379685383323427,0.015136322446256971,0.0002540060616103424,0.0025308180383665662,8.254273348296697e-05,0.00017869798292665146,0.023898934422922926,8.257533978116143e-05
1847,1,9.052406700172996e-06,0.000727911607947242,1.6184696796907747e-05,2.0235014845139473e-05,1.597222108312732e-05,3.8870195956099346e-07,1.1887144905896103e-06,1.2441411492766565e-05,1.9440935950759482e-05,8.823111185128374e-05,0.0015371996537660293,0.0005537174486059476,0.009628992157066201,0.002379685383323427,0.015136322446256971,0.0002540060616103424,0.0025308180383665662,8.254273348296697e-05,0.00017869798292665146,0.023898934422922926,8.257533978116143e-05
1848,0,9.052268167422737e-06,0.0005137506673817648,1.684736306599649e-05,1.684862070244246e-05,3.593308505511468e-05,3.888645747006644e-07,1.1890322614852868e-06,3.81114001170688e-07,1.6463320582268e-05,8.823219535574211e-05,0.0015353326625672024,0.0005518461161152115,0.00962772303061832,0.0025746411535215335,0.015154892369310337,0.0002553566404010886,0.002534150163113546,8.26081637506591e-05,0.000178698107480824,0.023899116475374477,8.257531326472239e-05
1848,1,9.052268167422737e-06,0.0005137506673817648,1.684736306599649e-05,1.684862070244246e-05,3.593308505511468e-05,3.888645747006644e-07,1.1890322614852868e-06,3.81114001170688e-07,1.6463320582268e-05,8.823219535574211e-05,0.0015353326625672024,0.0005518461161152115,0.00962772303061832,0.0025746411535215335,0.015154892369310337,0.0002553566404010886,0.002534150163113546,8.26081637506591e-05,0.000178698107480824,0.023899116475374477,8.257531326472239e-05
1849,0,9.052214055675438e-06,0.0007126121916060346,1.6297163879671623e-05,1.90214744164692e-05,1.9423964230624724e-05,3.887299971970924e-07,1.1887588008817081e-06,1.2360053874051069e-05,1.8477557298144925e-05,8.823241400968707e-05,0.0015368798393794092,0.000553374332078161,0.009628773711131668,0.002392108233926092,0.015137655303111161,0.0002553351935100313,0.0025320122363604964,8.256503311235424e-05,0.00017869813271064223,0.02389899628973834,8.257537984344825e-05
1849,1,9.052214055675438e-06,0.0007126121916060346,1.6297163879671623e-05,1.90214744164692e-05,1.9423964230624724e-05,3.887299971970924e-07,1.1887588008817081e-06,1.2360053874051069e-05,1.8477557298144925e-05,8.823241400968707e-05,0.0015368798393794092,0.000553374332078161,0.009628773711131668,0.002392108233926092,0.015137655303111161,0.0002553351935100313,0.0025320122363604964,8.256503311235424e-05,0.00017869813271064223,0.02389899628973834,8.257537984344825e-05
1850,0,9.052199432439485e-06,0.0007275816287137833,1.6184821102485232e-05,2.0187371003926987e-05,1.6085921575407816e-05,3.8870404139236723e-07,1.1887192115449034e-06,1.2441135082528007e-05,1.940244925930386e-05,8.823247406957745e-05,0.0015371879163303338,0.0005537059008230789,0.009628984973671168,0.0023799845669752163,0.015136353174759086,0.0002540380454021737,0.002530864928788439,8.254317895277245e-05,0.00017869806919231274,0.023898936919711084,8.257533836485548e-05
1850,1,9.052199432439485e-06,0.0007275816287137833,1.6184821102485232e-05,2.0187371003926987e-05,1.6085921575407816e-05,3.8870404139236723e-07,1.1887192115449034e-06,1.2441135082528007e-05,1.940244925930386e-05,8.823247406957745e-05,0.0015371879163303338,0.0005537059008230789,0.009628984973671168,0.0023799845669752163,0.015136353174759086,0.0002540380454021737,0.002530864928788439,8.254317895277245e-05,0.00017869806919231274,0.023898936919711084,8.257533836485548e-05
1851,0,9.04036189769324e-06,0.0007260431799216263,1.6190341786312542e-05,2.0135293866198942e-05,1.618137050772232e-05,3.887710295706983e-07,1.1889110918692913e-06,1.2385926272004188e-05,1.9369879044706614e-05,8.830882778939009e-05,0.0015371067018669303,0.0005536963008834246,0.009628978934416166,0.0023813715787199766,0.01513649355319208,0.0002541868535905327,0.002530916203677484,8.25431356709721e-05,0.00017870503157317894,0.023898939198293778,8.257528061405134e-05
1851,1,9.04036189769324e-06,0.0007260431799216263,1.6190341786312542e-05,2.0135293866198942e-05,1.618137050772232e-05,3.887710295706983e-07,1.1889110918692913e-06,1.2385926272004188e-05,1.9369879044706614e-05,8.830882778939009e-05,0.0015371067018669303,0.0005536963008834246,0.009628978934416166,0.0023813715787199766,0.01513649355319208,0.0002541868535905327,0.002530916203677484,8.25431356709721e-05,0.00017870503157317894,0.023898939198293778,8.257528061405134e-05
1852,0,9.040377046951198e-06,0.0007070721805392949,1.6290626053867657e-05,2.030303870744342e-05,1.5360875609221992e-05,3.887636188825248e-07,1.1889044275324318e-06,1.2365215006669611e-05,1.965688546935226e-05,8.830883294960124e-05,0.0015371816607710911,0.0005537817565169654,0.009629030668416565,0.0023971382784478785,0.015138169939424165,0.00025587347802096287,0.0025307514643664484,8.253536875022672e-05,0.0001787051732623005,0.02389892321543966,8.25753723175961e-05
1852,1,9.040377046951198e-06,0.0007070721805392949,1.6290626053867657e-05,2.030303870744342e-05,1.5360875609221992e-05,3.887636188825248e-07,1.1889044275324318e-06,1.2365215006669611e-05,1.965688546935226e-05,8.830883294960124e-05,0.0015371816607710911,0.0005537817565169654,0.009629030668416565,0.0023971382784478785,0.015138169939424165,0.00025587347802096287,0.0025307514643664484,8.253536875022672e-05,0.0001787051732623005,0.02389892321543966,8.25753723175961e-05
1853,0,9.04036663797252e-06,0.0007272891400987752,1.6184951232895555e-05,2.0139646643204564e-05,1.6200617792788922e-05,3.8877114523706364e-07,1.188911173845384e-06,1.2440971500293597e-05,1.9363511514642343e-05,8.830882377146521e-05,0.0015371049632769305,0.0005536942364715499,0.00962897772429117,0.002380249755392783,0.015136380395456249,0.00025406639930974527,0.00253091189708,8.254367998165194e-05,0.00017870496656030054,0.023898939435923514,8.257527989788532e-05
1853,1,9.04036663797252e-06,0.0007272891400987752,1.6184951232895555e-05,2.0139646643204564e-05,1.6200617792788922e-05,3.8877114523706364e-07,1.188911173845384e-06,1.2440971500293597e-05,1.9363511514642343e-05,8.830882377146521e-05,0.0015371049632769305,0.0005536942364715499,0.00962897772429117,0.002380249755392783,0.015136380395456249,0.00025406639930974527,0.00253091189708,8.254367998165194e-05,0.00017870496656030054,0.023898939435923514,8.257527989788532e-05
1854,0,9.051272183644608e-06,0.0006856617547391697,1.6169271587311326e-05,2.0882818837063517e-05,1.3662162432246212e-05,3.8868407740968e-07,1.188720313172581e-06,1.23949598824946e-05,2.036307263314109e-05,8.823841994751186e-05,0.0015374009940188752,0.0005539700237085556,0.009629137189611102,0.0024180635664399095,0.015140219301714651,0.0002581041297013699,0.0025301821222525225,8.247680864178157e-05,0.0001786986898376201,0.02389888190172786,8.257550541431308e-05
1854,1,9.051272183644608e-06,0.0006856617547391697,1.6169271587311326e-05,2.0882818837063517e-05,1.3662162432246212e-05,3.8868407740968e-07,1.188720313172581e-06,1.23949598824946e-05,2.036307263314109e-05,8.823841994751186e-05,0.0015374009940188752,0.0005539700237085556,0.009629137189611102,0.0024180635664399095,0.015140219301714651,0.0002581041297013699,0.0025301821222525225,8.247680864178157e-05,0.0001786986898376201,0.02389888190172786,8.257550541431308e-05
1855,0,9.051306762863538e-06,0.0007128254378651142,1.630374103093459e-05,1.7505665423744493e-05,2.8418725639407165e-05,3.888097124753516e-07,1.1889137584223805e-06,1.2317996527785222e-05,1.7083416229958295e-05,8.823826151482266e-05,0.00153603364561195,0.0005525300963722759,0.009628201883385437,0.0023919164850130185,0.015137632213935983,0.0002553086634103644,0.002533503736009446,8.259177487367598e-05,0.00017869865920144316,0.023899080272768786,8.257535208186633e-05
1855,1,9.051306762863538e-06,0.0007128254378651142,1.630374103093459e-05,1.7505665423744493e-05,2.8418725639407165e-05,3.888097124753516e-07,1.1889137584223805e-06,1.2317996527785222e-05,1.7083416229958295e-05,8.823826151482266e-05,0.00153603364561195,0.0005525300963722759,0.009628201883385437,0.0023919164850130185,0.015137632213935983,0.0002553086634103644,0.002533503736009446,8.259177487367598e-05,0.00017869865920144316,0.023899080272768786,8.257535208186633e-05
1856,0,9.0512743322942e-06,0.0007274742471048133,1.6184863638660366e-05,2.017107398119675e-05,1.61252286037522e-05,3.8871099424676986e-07,1.1887338452857876e-06,1.2441102213960142e-05,1.9389223802130132e-05,8.823843589939056e-05,0.0015371786464926976,0.0005537019111091308,0.009628982489920173,0.0023800819276317852,0.015136363171762778,0.0002540484562038388,0.002530880967911646,8.254333842085009e-05,0.00017869860842282298,0.023898937776006268,8.25753471253145e-05
1856,1,9.0512743322942e-06,0.0007274742471048133,1.6184863638660366e-05,2.017107398119675e-05,1.61252286037522e-05,3.8871099424676986e-07,1.1887338452857876e-06,1.2441102213960142e-05,1.9389223802130132e-05,8.823843589939056e-05,0.0015371786464926976,0.0005537019111091308,0.009628982489920173,0.0023800819276317852,0.015136363171762778,0.0002540484562038388,0.002530880967911646,8.254333842085009e-05,0.00017869860842282298,0.023898937776006268,8.25753471253145e-05
1857,0,9.051077904005585e-06,0.0007275380334178451,1.619481586592278e-05,1.915276861628767e-05,1.935846294454898e-05,3.8873729995104877e-07,1.1887757502702658e-06,1.2376733995707187e-05,1.8492501524268023e-05,8.823973636408758e-05,0.0015368789396817538,0.0005533807999378254,0.009628777857892165,0.0023800137964346464,0.01513635178548659,0.0002540369898634007,0.00253188292759377,8.256241602051102e-05,0.00017869879151891126,0.023898993908403283,8.257538671382476e-05
1857,1,9.051077904005585e-06,0.0007275380334178451,1.619481586592278e-05,1.915276861628767e-05,1.935846294454898e-05,3.8873729995104877e-07,1.1887757502702658e-06,1.2376733995707187e-05,1.8492501524268023e-05,8.823973636408758e-05,0.0015368789396817538,0.0005533807999378254,0.009628777857892165,0.0023800137964346464,0.01513635178548659,0.0002540369898634007,0.00253188292759377,8.256241602051102e-05,0.00017869879151891126,0.023898993908403283,8.257538671382476e-05
1858,0,9.051060393956065e-06,0.0007087071515233542,1.629280338593986e-05,1.9891599484355427e-05,1.6448907607581707e-05,3.887147925162462e-07,1.1887411511289394e-06,1.2364044873307856e-05,1.928315587137601e-05,8.823979269045893e-05,0.0015371474944336045,0.0005536695141326185,0.009628962015488407,0.002395653246785014,0.015138018116124833,0.00025571407728983326,0.002531156188413504,8.254498847721939e-05,0.00017869879027392936,0.02389894665200464,8.257534519513626e-05
1858,1,9.051060393956065e-06,0.0007087071515233542,1.629280338593986e-05,1.9891599484355427e-05,1.6448907607581707e-05,3.887147925162462e-07,1.1887411511289394e-06,1.2364044873307856e-05,1.928315587137601e-05,8.823979269045893e-05,0.0015371474944336045,0.0005536695141326185,0.009628962015488407,0.002395653246785014,0.015138018116124833,0.00025571407728983326,0.002531156188413504,8.254498847721939e-05,0.00017869879027392936,0.02389894665200464,8.257534519513626e-05
1859,0,9.051110598951222e-06,0.0005137491186633608,1.6847222985244506e-05,1.68488216448607e-05,3.5932083878418237e-05,3.8887239258755707e-07,1.1890499987458342e-06,3.836279001982705e-07,1.646332047847325e-05,8.823952581134568e-05,0.0015353258191202323,0.0005518462031534325,0.009627723093766779,0.0025746427842071092,0.015154892616243374,0.0002553540264126296,0.002534149965394699,8.260816046576453e-05,0.00017869878228224983,0.02389911647287055,8.257532115794735e-05
1859,1,9.051110598951222e-06,0.0005137491186633608,1.6847222985244506e-05,1.68488216448607e-05,3.5932083878418237e-05,3.8887239258755707e-07,1.1890499987458342e-06,3.836279001982705e-07,1.646332047847325e-05,8.823952581134568e-05,0.0015353258191202323,0.0005518462031534325,0.009627723093766779,0.0025746427842071092,0.015154892616243374,0.0002553540264126296,0.002534149965394699,8.260816046576453e-05,0.00017869878228224983,0.02389911647287055,8.257532115794735e-05
1860,0,9.039227935457577e-06,0.0007261057602740385,1.6190287215448056e-05,2.015216266736872e-05,1.613873633020044e-05,3.887785157001916e-07,1.1889284159059392e-06,1.2385993875883342e-05,1.938400039315816e-05,8.83161552481187e-05,0.0015371036664405479,0.0005537006289733056,0.009628981627636335,0.002381314846419853,0.015136487748955133,0.00025418078553244346,0.002530899603410584,8.254290988548733e-05,0.0001787056926160494,0.02389893829273025,8.257528864513824e-05
1860,1,9.039227935457577e-06,0.0007261057602740385,1.6190287215448056e-05,2.015216266736872e-05,1.613873633020044e-05,3.887785157001916e-07,1.1889284159059392e-06,1.2385993875883342e-05,1.938400039315816e-05,8.83161552481187e-05,0.0015371036664405479,0.0005537006289733056,0.009628981627636335,0.002381314846419853,0.015136487748955133,0.00025418078553244346,0.002530899603410584,8.254290988548733e-05,0.0001787056926160494,0.02389893829273025,8.257528864513824e-05
1861,0,9.039232262051659e-06,0.000708384830409036,1.6290254704509208e-05,2.049316551309584e-05,1.495549168034999e-05,3.8876897256335625e-07,1.1889186597606042e-06,1.2365444708231803e-05,1.9810641735419895e-05,8.831617554615972e-05,0.0015372118255023537,0.0005538232989855746,0.009629056252958356,0.002395946777899032,0.015138049191620134,0.0002557462867028863,0.002530564287476019,8.253367258055535e-05,0.0001787056973492521,0.02389891318281851,8.257529330338425e-05
1861,1,9.039232262051659e-06,0.000708384830409036,1.6290254704509208e-05,2.049316551309584e-05,1.495549168034999e-05,3.8876897256335625e-07,1.1889186597606042e-06,1.2365444708231803e-05,1.9810641735419895e-05,8.831617554615972e-05,0.0015372118255023537,0.0005538232989855746,0.009629056252958356,0.002395946777899032,0.015138049191620134,0.0002557462867028863,0.002530564287476019,8.253367258055535e-05,0.0001787056973492521,0.02389891318281851,8.257529330338425e-05
1862,0,9.039229083546977e-06,0.0007276842531831234,1.6184781495705713e-05,2.0202636447615144e-05,1.60469734706165e-05,3.8877774590263266e-07,1.1889273740271338e-06,1.2441174081362164e-05,1.941481358584968e-05,8.831614698542815e-05,0.0015371121334965764,0.0005537098185449591,0.009628987431943547,0.0023798915196919833,0.015136343619392794,0.00025402809584083234,0.0025308499048433066,8.254303231632503e-05,0.0001787056651845534,0.023898936118467308,8.257528831085565e-05
1862,1,9.039229083546977e-06,0.0007276842531831234,1.6184781495705713e-05,2.0202636447615144e-05,1.60469734706165e-05,3.8877774590263266e-07,1.1889273740271338e-06,1.2441174081362164e-05,1.941481358584968e-05,8.831614698542815e-05,0.0015371121334965764,0.0005537098185449591,0.009628987431943547,0.0023798915196919833,0.015136343619392794,0.00025402809584083234,0.0025308499048433066,8.254303231632503e-05,0.0001787056651845534,0.023898936118467308,8.257528831085565e-05
1863,0,8.982196232711215e-06,0.0004727507008805557,1.6984250032321533e-05,1.7758758718615494e-05,0.0020861219376402938,1.0000005551115122e-12,5.536130914879945e-12,3.11539517954112e-07,1.625566551523961e-05,8.868715505877656e-05,2.1525177093979544e-05,0.0005544971554038219,0.009063019198438525,0.002612235359037075,0.015158164808291038,0.0002549303308467851,0.002533786258501433,8.206849452718292e-05,0.0001787389156065633,0.02389997504384064,8.289994298898787e-05
1863,1,8.982196232711215e-06,0.0004727507008805557,1.6984250032321533e-05,1.7758758718615494e-05,0.0020861219376402938,1.0000005551115122e-12,5.536130914879945e-12,3.11539517954112e-07,1.625566551523961e-05,8.868715505877656e-05,2.1525177093979544e-05,0.0005544971554038219,0.009063019198438525,0.002612235359037075,0.015158164808291038,0.0002549303308467851,0.002533786258501433,8.206849452718292e-05,0.0001787389156065633,0.02389997504384064,8.289994298898787e-05
1864,0,8.982195828833728e-06,0.0005252959298182563,1.682687580150421e-05,1.7520541472806146e-05,0.002089899150899169,1.0000005551115122e-12,5.154590560052393e-12,4.222405112662625e-07,1.613517001192121e-05,8.86871595414297e-05,2.1383728472792815e-05,0.000554493815628499,0.00905939613212773,0.0025640251753253633,0.015153933568269058,0.00025618741540979473,0.002534019642507968,8.206576531898461e-05,0.00017873888582268236,0.023899975410432536,8.289994294576133e-05
1864,1,8.982195828833728e-06,0.0005252959298182563,1.682687580150421e-05,1.7520541472806146e-05,0.002089899150899169,1.0000005551115122e-12,5.154590560052393e-12,4.222405112662625e-07,1.613517001192121e-05,8.86871595414297e-05,2.1383728472792815e-05,0.000554493815628499,0.00905939613212773,0.0025640251753253633,0.015153933568269058,0.00025618741540979473,0.002534019642507968,8.206576531898461e-05,0.00017873888582268236,0.023899975410432536,8.289994294576133e-05
1865,0,8.982195820137906e-06,0.00046413212108321623,1.7000414497579566e-05,1.76555121653273e-05,0.002088481592865481,1.0000005551115122e-12,4.794985436631679e-12,3.0588748219747956e-07,1.618087300452229e-05,8.868715949808103e-05,2.14372011436446e-05,0.0005544946955124424,0.009060758467441596,0.002620159495546714,0.015158843821743975,0.00025513914869860967,0.002533887376101231,8.206858981657041e-05,0.0001787388859094352,0.023899975229865335,8.289994296007766e-05
1865,1,8.982195820137906e-06,0.00046413212108321623,1.7000414497579566e-05,1.76555121653273e-05,0.002088481592865481,1.0000005551115122e-12,4.794985436631679e-12,3.0588748219747956e-07,1.618087300452229e-05,8.868715949808103e-05,2.14372011436446e-05,0.0005544946955124424,0.009060758467441596,0.002620159495546714,0.015158843821743975,0.00025513914869860967,0.002533887376101231,8.206858981657041e-05,0.0001787388859094352,0.023899975229865335,8.289994296007766e-05
1866,0,8.982199751294418e-06,0.00047277555052317575,1.6984372195120287e-05,1.7729865556582136e-05,0.002086898421330075,1.0000005551115122e-12,5.944106790144203e-12,3.1151538718895057e-07,1.623046825133671e-05,8.86871592791173e-05,2.1495301765579803e-05,0.0005544963118780394,0.009062267156516928,0.0026122123861909,0.015158162809157969,0.0002549263164084756,0.002533814545566562,8.206885381657559e-05,0.00017873893514299132,0.023899974861405916,8.289994298312033e-05
1866,1,8.982199751294418e-06,0.00047277555052317575,1.6984372195120287e-05,1.7729865556582136e-05,0.002086898421330075,1.0000005551115122e-12,5.944106790144203e-12,3.1151538718895057e-07,1.623046825133671e-05,8.86871592791173e-05,2.1495301765579803e-05,0.0005544963118780394,0.009062267156516928,0.0026122123861909,0.015158162809157969,0.0002549263164084756,0.002533814545566562,8.206885381657559e-05,0.00017873893514299132,0.023899974861405916,8.289994298312033e-05
1867,0,8.982196172666468e-06,0.0005210238309071583,1.6824996231527516e-05,1.7516402784584982e-05,0.0020888806524992586,1.0000005551115122e-12,1.0374283937139327e-12,4.2378950433547445e-07,1.6163409447943853e-05,8.868715934372673e-05,2.1416148603855573e-05,0.0005544954693853137,0.009060374644791765,0.002567950946871805,0.01515428179286867,0.0002566539152755045,0.002534023706243749,8.206339847458084e-05,0.000178738908037257,0.02389997538099596,8.289994295040762e-05
1867,1,8.982196172666468e-06,0.0005210238309071583,1.6824996231527516e-05,1.7516402784584982e-05,0.0020888806524992586,1.0000005551115122e-12,1.0374283937139327e-12,4.2378950433547445e-07,1.6163409447943853e-05,8.868715934372673e-05,2.1416148603855573e-05,0.0005544954693853137,0.009060374644791765,0.002567950946871805,0.01515428179286867,0.0002566539152755045,0.002534023706243749,8.206339847458084e-05,0.000178738908037257,0.02389997538099596,8.289994295040762e-05
1868,0,8.982194303928527e-06,0.0004641700735156253,1.700044250021644e-05,1.7656103752631386e-05,0.002088476812615559,1.0000005551115122e-12,4.813890314293106e-12,3.0587000540857634e-07,1.6181030387828677e-05,8.868715470050203e-05,2.1437382622071327e-05,0.0005544946963250702,0.009060763075766212,0.002620124485934322,0.015158840849429946,0.00025513429707336375,0.0025338828210829463,8.206859869555684e-05,0.00017873892413666214,0.023899975201160675,8.289994295940597e-05
1868,1,8.982194303928527e-06,0.0004641700735156253,1.700044250021644e-05,1.7656103752631386e-05,0.002088476812615559,1.0000005551115122e-12,4.813890314293106e-12,3.0587000540857634e-07,1.6181030387828677e-05,8.868715470050203e-05,2.1437382622071327e-05,0.0005544946963250702,0.009060763075766212,0.002620124485934322,0.015158840849429946,0.00025513429707336375,0.0025338828210829463,8.206859869555684e-05,0.00017873892413666214,0.023899975201160675,8.289994295940597e-05
1869,0,0.00017058395154651804,0.0006903455440991575,1.6382676357028286e-05,1.700923786325511e-05,0.002057468137739642,2.085914691392397e-12,0.00028486334018223557,3.8322673976440245e-06,1.5690575474973207e-05,1.898403262149843e-05,2.0217243268336542e-05,0.0005544740264042177,0.009045417739503233,0.002413682127055649,0.01513969882746653,0.0002562604845500435,0.0025345202847029246,8.207368463132933e-05,9.076580240527641e-05,0.023899976251886015,8.289990957567686e-05
1869,1,0.00017058395154651804,0.0006903455440991575,1.6382676357028286e-05,1.700923786325511e-05,0.002057468137739642,2.085914691392397e-12,0.00028486334018223557,3.8322673976440245e-06,1.5690575474973207e-05,1.898403262149843e-05,2.0217243268336542e-05,0.0005544740264042177,0.009045417739503233,0.002413682127055649,0.01513969882746653,0.0002562604845500435,0.0025345202847029246,8.207368463132933e-05,9.076580240527641e-05,0.023899976251886015,8.289990957567686e-05
1870,0,0.00027031382968923404,0.0007007794610115057,1.637556113537602e-05,1.7522160566130395e-05,0.002087554610567622,1.4823469590111988e-05,2.1011405528691833e-05,6.794368392778408e-06,1.6126651304803805e-05,1.0242896698573107e-05,2.133403647366668e-05,0.0005544863406201701,0.009058940430509714,0.002403442658393547,0.015138721830093297,0.00025604071836322483,0.0025340177184060516,8.206577793065188e-05,5.01725828026134e-05,0.023899975418616645,8.121329806411828e-05
1870,1,0.00027031382968923404,0.0007007794610115057,1.637556113537602e-05,1.7522160566130395e-05,0.002087554610567622,1.4823469590111988e-05,2.1011405528691833e-05,6.794368392778408e-06,1.6126651304803805e-05,1.0242896698573107e-05,2.133403647366668e-05,0.0005544863406201701,0.009058940430509714,0.002403442658393547,0.015138721830093297,0.00025604071836322483,0.0025340177184060516,8.206577793065188e-05,5.01725828026134e-05,0.023899975418616645,8.121329806411828e-05
1871,0,0.00016765153800289446,0.0005342273677861892,1.680271376963468e-05,1.729958005723588e-05,0.0020469235320654078,1.0451544357415267e-12,0.0002963018610419809,4.462355262577014e-07,1.5938954965129383e-05,1.926723385081306e-05,2.0473990528175346e-05,0.0005544856062856269,0.009053482841498348,0.00255589637703391,0.015153203490183028,0.00025614917930381925,0.0025342360339547384,8.207023527235313e-05,9.200672312336255e-05,0.023899975778429724,8.289993826018719e-05
1871,1,0.00016765153800289446,0.0005342273677861892,1.680271376963468e-05,1.729958005723588e-05,0.0020469235320654078,1.0451544357415267e-12,0.0002963018610419809,4.462355262577014e-07,1.5938954965129383e-05,1.926723385081306e-05,2.0473990528175346e-05,0.0005544856062856269,0.009053482841498348,0.00255589637703391,0.015153203490183028,0.00025614917930381925,0.0025342360339547384,8.207023527235313e-05,9.200672312336255e-05,0.023899975778429724,8.289993826018719e-05
1872,0,8.982193851906219e-06,0.00047224290681897326,1.698420943824899e-05,1.7733497280231917e-05,0.0020866320066137275,1.0000005551115122e-12,8.291255931622122e-12,3.116350313163218e-07,1.623761137959775e-05,8.868715554296702e-05,2.1502941737062957e-05,0.0005544964699028048,0.009062567400303714,0.00261270324307862,0.015158204784189408,0.0002549843921124542,0.0025338240424942287,8.206871830715524e-05,0.0001787389658900018,0.023899975152609335,8.289994299703143e-05
1872,1,8.982193851906219e-06,0.00047224290681897326,1.698420943824899e-05,1.7733497280231917e-05,0.0020866320066137275,1.0000005551115122e-12,8.291255931622122e-12,3.116350313163218e-07,1.623761137959775e-05,8.868715554296702e-05,2.1502941737062957e-05,0.0005544964699028048,0.009062567400303714,0.00261270324307862,0.015158204784189408,0.0002549843921124542,0.0025338240424942287,8.206871830715524e-05,0.0001787389658900018,0.023899975152609335,8.289994299703143e-05
1873,0,8.982195856393905e-06,0.000525403581982494,1.6826590782783945e-05,1.7520322899130897e-05,0.0020899010500823223,1.0000005551115122e-12,5.22711865468634e-12,4.225082523710781e-07,1.6135041420245015e-05,8.868716049878055e-05,2.1383541791722216e-05,0.0005544937465326866,0.009059392203469414,0.0025639265761629015,0.015153924759180511,0.00025618833550626597,0.002534019856553261,8.206576633164125e-05,0.0001787388858260963,0.02389997541071521,8.289994296686112e-05
1873,1,8.982195856393905e-06,0.000525403581982494,1.6826590782783945e-05,1.7520322899130897e-05,0.0020899010500823223,1.0000005551115122e-12,5.22711865468634e-12,4.225082523710781e-07,1.6135041420245015e-05,8.868716049878055e-05,2.1383541791722216e-05,0.0005544937465326866,0.009059392203469414,0.0025639265761629015,0.015153924759180511,0.00025618833550626597,0.002534019856553261,8.206576633164125e-05,0.0001787388858260963,0.02389997541071521,8.289994296686112e-05
1874,0,8.982194254206079e-06,0.00046381975160203064,1.7000638914501813e-05,1.7652570853024986e-05,0.0020885139278231375,1.0000005551115122e-12,4.2578489902530084e-12,3.0579786500160215e-07,1.6179828210509883e-05,8.868715480342526e-05,2.143597919760026e-05,0.0005544946756835761,0.00906072736230376,0.002620447152222435,0.015158868326938114,0.0002551610328283789,0.002533890202355351,8.20685185380651e-05,0.0001787389241641457,0.023899975256311507,8.289994298082218e-05
1874,1,8.982194254206079e-06,0.00046381975160203064,1.7000638914501813e-05,1.7652570853024986e-05,0.0020885139278231375,1.0000005551115122e-12,4.2578489902530084e-12,3.0579786500160215e-07,1.6179828210509883e-05,8.868715480342526e-05,2.143597919760026e-05,0.0005544946756835761,0.00906072736230376,0.002620447152222435,0.015158868326938114,0.0002551610328283789,0.002533890202355351,8.20685185380651e-05,0.0001787389241641457,0.023899975256311507,8.289994298082218e-05
1875,0,8.982195813151273e-06,0.00047267040964364633,1.6984658534765586e-05,1.7767927046487588e-05,0.0020858402160932117,1.0000005551115122e-12,1.0122468701834154e-12,3.1131420313510996e-07,1.6262871810672144e-05,8.868716002035215e-05,2.1533226485233005e-05,0.0005544976204545698,0.009063210546737978,0.002612308865628971,0.015158171192611111,0.0002549210259563215,0.002533758824640073,8.206831059026167e-05,0.00017873887638880645,0.02389997475317449,8.289994300067851e-05
1875,1,8.982195813151273e-06,0.00047267040964364633,1.6984658534765586e-05,1.7767927046487588e-05,0.0020858402160932117,1.0000005551115122e-12,1.0122468701834154e-12,3.1131420313510996e-07,1.6262871810672144e-05,8.868716002035215e-05,2.1533226485233005e-05,0.0005544976204545698,0.009063210546737978,0.002612308865628971,0.015158171192611111,0.0002549210259563215,0.002533758824640073,8.206831059026167e-05,0.00017873887638880645,0.02389997475317449,8.289994300067851e-05
1876,0,8.982194124417121e-06,0.0005258184108583312,1.682676844495668e-05,1.752667069828824e-05,0.0020898275319065685,1.0000005551115122e-12,4.66614072396774e-12,4.223368820820248e-07,1.613742828911421e-05,8.868715470061305e-05,2.138636718775599e-05,0.0005544938543135041,0.009059464361897158,0.0025635454195902067,0.015153890909594132,0.00025614216119209976,0.0025340136376880433,8.206591093353837e-05,0.0001787389254055638,0.02389997540379082,8.289994296686668e-05
1876,1,8.982194124417121e-06,0.0005258184108583312,1.682676844495668e-05,1.752667069828824e-05,0.0020898275319065685,1.0000005551115122e-12,4.66614072396774e-12,4.223368820820248e-07,1.613742828911421e-05,8.868715470061305e-05,2.138636718775599e-05,0.0005544938543135041,0.009059464361897158,0.0025635454195902067,0.015153890909594132,0.00025614216119209976,0.0025340136376880433,8.206591093353837e-05,0.0001787389254055638,0.02389997540379082,8.289994296686668e-05
1877,0,8.982194480859219e-06,0.0004644820569690251,1.700175009845433e-05,1.7667983099222166e-05,0.0020883342385725726,1.0000005551115122e-12,6.3198329069923744e-12,3.051692626753625e-07,1.6185620846480717e-05,8.868715429608665e-05,2.1442752000751836e-05,0.000554494790714966,0.00906090018849622,0.002619835517936878,0.015158816524862341,0.00025505123977734035,0.0025338751873520715,8.206887923281692e-05,0.00017873892459798756,0.023899974253814012,8.289994298187133e-05
1877,1,8.982194480859219e-06,0.0004644820569690251,1.700175009845433e-05,1.7667983099222166e-05,0.0020883342385725726,1.0000005551115122e-12,6.3198329069923744e-12,3.051692626753625e-07,1.6185620846480717e-05,8.868715429608665e-05,2.1442752000751836e-05,0.000554494790714966,0.00906090018849622,0.002619835517936878,0.015158816524862341,0.00025505123977734035,0.0025338751873520715,8.206887923281692e-05,0.00017873892459798756,0.023899974253814012,8.289994298187133e-05
1878,0,0.00016224886988285597,0.0007185262641439747,1.6258939761180037e-05,1.804640364828408e-05,0.0020273936296054964,1.001919575609385e-12,0.00030154399694372363,1.025555205809346e-05,1.6496204538592287e-05,1.9879646937671484e-05,2.10904226147834e-05,0.0005545115585999519,0.009070417381013553,0.0023881587024601352,0.015137157346485566,0.0002547853779062637,0.002533504717252494,8.205348612557267e-05,9.470688832981175e-05,0.023899974702007828,8.289996581380212e-05
1878,1,0.00016224886988285597,0.0007185262641439747,1.6258939761180037e-05,1.804640364828408e-05,0.0020273936296054964,1.001919575609385e-12,0.00030154399694372363,1.025555205809346e-05,1.6496204538592287e-05,1.9879646937671484e-05,2.10904226147834e-05,0.0005545115585999519,0.009070417381013553,0.0023881587024601352,0.015137157346485566,0.0002547853779062637,0.002533504717252494,8.205348612557267e-05,9.470688832981175e-05,0.023899974702007828,8.289996581380212e-05
1879,0,0.0002711748096175328,0.0006275538407393304,1.658095211922333e-05,1.7533892588626044e-05,0.002086737515644047,1.4611524524803338e-05,2.084406876130591e-05,9.345260656748466e-07,1.614400964672859e-05,1.0186744798449577e-05,2.1354043512497685e-05,0.0005544940169469276,0.009059676074569643,0.0024705944834741275,0.01514528182615461,0.0002561492570287402,0.002534006556188057,8.20665022987174e-05,4.990128184930771e-05,0.023899975387932607,8.122093565065363e-05
1879,1,0.0002711748096175328,0.0006275538407393304,1.658095211922333e-05,1.7533892588626044e-05,0.002086737515644047,1.4611524524803338e-05,2.084406876130591e-05,9.345260656748466e-07,1.614400964672859e-05,1.0186744798449577e-05,2.1354043512497685e-05,0.0005544940169469276,0.009059676074569643,0.0024705944834741275,0.01514528182615461,0.0002561492570287402,0.002534006556188057,8.20665022987174e-05,4.990128184930771e-05,0.023899975387932607,8.122093565065363e-05
1880,0,0.00016513045231970923,0.0006836275737054595,1.6410992658996987e-05,1.760556909523609e-05,0.00203771111566398,1.0000005551115122e-12,0.0002960580022829905,2.8601800058034624e-06,1.6211708490397773e-05,1.9565378215040338e-05,2.078253641206477e-05,0.0005544979987794856,0.009061928472897943,0.002419769154246842,0.01514030434424367,0.00025621376970391923,0.0025339364072850716,8.206223238592188e-05,9.333089473933994e-05,0.023899975276523974,8.289995636313965e-05
1880,1,0.00016513045231970923,0.0006836275737054595,1.6410992658996987e-05,1.760556909523609e-05,0.00203771111566398,1.0000005551115122e-12,0.0002960580022829905,2.8601800058034624e-06,1.6211708490397773e-05,1.9565378215040338e-05,2.078253641206477e-05,0.0005544979987794856,0.009061928472897943,0.002419769154246842,0.01514030434424367,0.00025621376970391923,0.0025339364072850716,8.206223238592188e-05,9.333089473933994e-05,0.023899975276523974,8.289995636313965e-05
1881,0,8.982194319553805e-06,0.0004722127589124972,1.698430351212378e-05,1.774173388874688e-05,0.0020863959767504787,1.0000005551115122e-12,5.5027928792092615e-11,3.115750157343792e-07,1.6244493817556114e-05,8.868715731692023e-05,2.151100547814885e-05,0.0005544968232226837,0.009062701903299787,0.0026127309000733363,0.015158207183400304,0.00025498271542041345,0.0025337814656912344,8.206839088928466e-05,0.00017873894491217122,0.023899975137872793,8.289994300070627e-05
1881,1,8.982194319553805e-06,0.0004722127589124972,1.698430351212378e-05,1.774173388874688e-05,0.0020863959767504787,1.0000005551115122e-12,5.5027928792092615e-11,3.115750157343792e-07,1.6244493817556114e-05,8.868715731692023e-05,2.151100547814885e-05,0.0005544968232226837,0.009062701903299787,0.0026127309000733363,0.015158207183400304,0.00025498271542041345,0.0025337814656912344,8.206839088928466e-05,0.00017873894491217122,0.023899975137872793,8.289994300070627e-05
1882,0,8.982196575054037e-06,0.0005258741249073478,1.682663785992335e-05,1.752656230687019e-05,0.002089830818946024,1.0000005551115122e-12,4.200725240084195e-12,4.224597522438353e-07,1.6137319990466383e-05,8.868715975670748e-05,2.138623290722485e-05,0.0005544938581249997,0.009059456859367343,0.0025634943762254947,0.015153886350285396,0.0002561419874206692,0.0025340137431863427,8.206591872612717e-05,0.0001787389034767106,0.023899975403949548,8.289994295710782e-05
1882,1,8.982196575054037e-06,0.0005258741249073478,1.682663785992335e-05,1.752656230687019e-05,0.002089830818946024,1.0000005551115122e-12,4.200725240084195e-12,4.224597522438353e-07,1.6137319990466383e-05,8.868715975670748e-05,2.138623290722485e-05,0.0005544938581249997,0.009059456859367343,0.0025634943762254947,0.015153886350285396,0.0002561419874206692,0.0025340137431863427,8.206591872612717e-05,0.0001787389034767106,0.023899975403949548,8.289994295710782e-05
1883,0,8.982194089636054e-06,0.0004641085209824455,1.7001400357898406e-05,1.7660507227626695e-05,0.0020884261325014473,1.0000005551115122e-12,5.3353309826627086e-12,3.053822036773947e-07,1.618266062968128e-05,8.868715449429476e-05,2.143928932353469e-05,0.0005544947301764807,0.009060811800545857,0.0026201801726975222,0.015158845769814001,0.00025510220994257276,0.0025338824398351686,8.206869504393612e-05,0.0001787389261024008,0.02389997524704227,8.289994297409977e-05
1883,1,8.982194089636054e-06,0.0004641085209824455,1.7001400357898406e-05,1.7660507227626695e-05,0.0020884261325014473,1.0000005551115122e-12,5.3353309826627086e-12,3.053822036773947e-07,1.618266062968128e-05,8.868715449429476e-05,2.143928932353469e-05,0.0005544947301764807,0.009060811800545857,0.0026201801726975222,0.015158845769814001,0.00025510220994257276,0.0025338824398351686,8.206869504393612e-05,0.0001787389261024008,0.02389997524704227,8.289994297409977e-05
1884,0,8.9821988486831e-06,0.000472353720326314,1.6984555067036214e-05,1.7726246060477443e-05,0.0020868528097368064,1.0000005551115122e-12,7.416798758370786e-12,3.1145374182902896e-07,1.6229695464790852e-05,8.86871641081156e-05,2.1493224941139624e-05,0.0005544962018883776,0.009062328567747517,0.0026126007957075177,0.015158196070281451,0.00025496073747821417,0.0025338295098613762,8.20689710496544e-05,0.00017873887475680083,0.02389997516537999,8.289994299260164e-05
1884,1,8.9821988486831e-06,0.000472353720326314,1.6984555067036214e-05,1.7726246060477443e-05,0.0020868528097368064,1.0000005551115122e-12,7.416798758370786e-12,3.1145374182902896e-07,1.6229695464790852e-05,8.86871641081156e-05,2.1493224941139624e-05,0.0005544962018883776,0.009062328567747517,0.0026126007957075177,0.015158196070281451,0.00025496073747821417,0.0025338295098613762,8.20689710496544e-05,0.00017873887475680083,0.02389997516537999,8.289994299260164e-05
1885,0,8.982195880935385e-06,0.0005248835082656868,1.6826224411266413e-05,1.751202653663917e-05,0.002089991950239235,1.0000005551115122e-12,6.5789273195577746e-12,4.228547571448062e-07,1.6132127443285316e-05,8.86871595576445e-05,2.1380157501335428e-05,0.000554493759576014,0.009059306263029072,0.002564404582070181,0.015153967175324058,0.00025625165249536154,0.0025340279877921093,8.206554528005865e-05,0.00017873888611719122,0.02389997541969609,8.28999429543378e-05
1885,1,8.982195880935385e-06,0.0005248835082656868,1.6826224411266413e-05,1.751202653663917e-05,0.002089991950239235,1.0000005551115122e-12,6.5789273195577746e-12,4.228547571448062e-07,1.6132127443285316e-05,8.86871595576445e-05,2.1380157501335428e-05,0.000554493759576014,0.009059306263029072,0.002564404582070181,0.015153967175324058,0.00025625165249536154,0.0025340279877921093,8.206554528005865e-05,0.00017873888611719122,0.02389997541969609,8.28999429543378e-05
1886,0,8.982194396880839e-06,0.000464260486427639,1.7001608699329156e-05,1.766256516006206e-05,0.002088422291212709,1.0000005551115122e-12,6.020309722989292e-12,3.0526361333985656e-07,1.6182839772126602e-05,8.868715451151987e-05,2.143948809802045e-05,0.0005544947042196663,0.00906081372372192,0.0026200398866591543,0.015158833877030549,0.0002550789984001182,0.002533880447409361,8.206881827683223e-05,0.00017873892470356977,0.023899975167054728,8.289994298760564e-05
1886,1,8.982194396880839e-06,0.000464260486427639,1.7001608699329156e-05,1.766256516006206e-05,0.002088422291212709,1.0000005551115122e-12,6.020309722989292e-12,3.0526361333985656e-07,1.6182839772126602e-05,8.868715451151987e-05,2.143948809802045e-05,0.0005544947042196663,0.00906081372372192,0.0026200398866591543,0.015158833877030549,0.0002550789984001182,0.002533880447409361,8.206881827683223e-05,0.00017873892470356977,0.023899975167054728,8.289994298760564e-05
1887,0,0.0001628686726172757,0.0007176327680680953,1.6258957882400114e-05,1.7967865116145258e-05,0.0020296001446312687,1.0170036207319462e-12,0.00030033594196734575,1.025643658025944e-05,1.6434798860639358e-05,1.9812089883310372e-05,2.1024268522529872e-05,0.0005545087299494604,0.009068615116535875,0.0023889694879799827,0.015137240177898555,0.0002548721407206125,0.0025335816244275605,8.205458702569927e-05,9.441151903886672e-05,0.023899974823214144,8.28999686919665e-05
1887,1,0.0001628686726172757,0.0007176327680680953,1.6258957882400114e-05,1.7967865116145258e-05,0.0020296001446312687,1.0170036207319462e-12,0.00030033594196734575,1.025643658025944e-05,1.6434798860639358e-05,1.9812089883310372e-05,2.1024268522529872e-05,0.0005545087299494604,0.009068615116535875,0.0023889694879799827,0.015137240177898555,0.0002548721407206125,0.0025335816244275605,8.205458702569927e-05,9.441151903886672e-05,0.023899974823214144,8.28999686919665e-05
1888,0,0.00027131093660532333,0.0007067597267411337,1.6345809227458348e-05,1.7551269486555438e-05,0.002086948526331695,1.4602543224315362e-05,2.0840974043587463e-05,1.0217118239120469e-05,1.6136090922513428e-05,1.0177475615223147e-05,2.1344883526178323e-05,0.0005544940124678105,0.009059012375443924,0.0023976400920163276,0.015138175405570406,0.0002557977278242761,0.002533989542677107,8.206455942102536e-05,4.9857758269640065e-05,0.02389997540208297,8.122705226057213e-05
1888,1,0.00027131093660532333,0.0007067597267411337,1.6345809227458348e-05,1.7551269486555438e-05,0.002086948526331695,1.4602543224315362e-05,2.0840974043587463e-05,1.0217118239120469e-05,1.6136090922513428e-05,1.0177475615223147e-05,2.1344883526178323e-05,0.0005544940124678105,0.009059012375443924,0.0023976400920163276,0.015138175405570406,0.0002557977278242761,0.002533989542677107,8.206455942102536e-05,4.9857758269640065e-05,0.02389997540208297,8.122705226057213e-05
1889,0,0.00016493479845929628,0.0006798247047840413,1.6422867840198623e-05,1.762343453823206e-05,0.0020370053093213595,1.0000005551115122e-12,0.0002964314128762216,2.561938942889548e-06,1.6230951345740072e-05,1.95867195695737e-05,2.0803415911727124e-05,0.0005544989193365718,0.009062524924025619,0.0024232181983603533,0.015140646868777625,0.00025626802475714656,0.002533918918807195,8.206183335581849e-05,9.342412797587566e-05,0.023899975241925143,8.289996945613856e-05
1889,1,0.00016493479845929628,0.0006798247047840413,1.6422867840198623e-05,1.762343453823206e-05,0.0020370053093213595,1.0000005551115122e-12,0.0002964314128762216,2.561938942889548e-06,1.6230951345740072e-05,1.95867195695737e-05,2.0803415911727124e-05,0.0005544989193365718,0.009062524924025619,0.0024232181983603533,0.015140646868777625,0.00025626802475714656,0.002533918918807195,8.206183335581849e-05,9.342412797587566e-05,0.023899975241925143,8.289996945613856e-05
