3.988450068491438e-6,7.957377159018787e-9
1.4882005295798527e-7,1.1402244702724688e-6
5.686827102150967e-8,2.522654974157856e-8
8.40763281666058e-6,3.339485104904664e-8
3.9614375161674625e-8,3.2632367764263257e-10
0.000017116570285054494,2.8982400069788496e-10
3.37089800897885e-7,1.2933966069119995e-8
1.659095117698756e-7,3.081406134852266e-7
1.4418317766142118e-7,8.184873055365162e-9
5.043095488484604e-8,8.39566116723682e-7
2.074069888612166e-6,4.933739176290509e-9
7.451070452612369e-7,5.937709737070126e-10
1.3901924464302175e-7,2.501147631853295e-7
8.767894836510472e-8,4.1410724647861975e-8
7.027167237846071e-8,8.014475282612381e-8
1.1323296202096493e-7,2.1091051762883426e-10
4.137237383381009e-8,1.3310716183926036e-8
2.0130364947308326e-8,1.6383310106793125e-8
2.024995542712572e8,3.013401699983035e-11
2.024995542712572e8,2.6547442023953143e-8
2.0249955427125695e8,3.764493541517933e-7
2.954515085862399e8,1.5966581626551549e-9
2.954515085862399e8,6.677989950945533e-7
2.954515085862399e8,2.66277462112303e-6
3.1942562941089004e-7,6.289251454365597e-9
1.4490858339751202e-7,5.769337406136307e-7
2.028108798197452e-8,2.6299577235811356e-6
4.862284075432044e-8,6.894321479900993e-10
1.117546701708169e-8,1.9642077040421998e-6
8.932502284716083e-9,1.7791365393513105e-8
8.376062439639079e-9,6.349185947752723e-9
1.5807661990051637e-7,1.910482323601131e-8
7.989657775464997e-6,7.890310560294358e-8
1.3941279830661345e-7,1.7151257920636403e-7
4.000311552270904e-8,5.320581153666781e-8
7.909433391546703e-7,4.044638214694918e-9
1.736705717948994e-7,1.4366199993287614e-6
9.222259297713602e-8,7.29278586868631e-8
6.645107896889434e-7,5.982303176116074e-10
6.550380548507207e-7,5.174621623151554e-10
4.4543648936641236e-8,9.816227936383865e-7
1.2184123386185949e-6,2.7850482160595816e-9
2.7783005721909965e-8,1.3406601113453639e-6
3.121402907324256e-8,2.4323796117945894e-6
3.62875388390139e-8,1.1009254836030434e-7
1.7846798368592167e-7,5.0147879998084554e-11
3.0306862856069296e-7,5.3189445025679425e-8
5.8981557892098964e-8,2.0801527352960205e-8
1.6778226315090588e-8,4.748174226306469e-8
1.3795103612649022e-7,2.985395028521867e-8
1.0156874168567133e-8,2.590964551868901e-7
3.7151690685751344e-8,1.1732993336410783e-7
1.9481782358096194e-8,1.3356484247003785e-7
2.5568250510852295e-6,0.02461030898726732
1.1263675422566485e-8,0.024620997529962312
2.9012411852504156e-6,0.02456793986898068
0.000010115004133565632,0.024610231644308474
4.80575512894271e-6,0.024621566233479074
5.1897913556376785e-6,0.024568009961742167
0.000017720337185725602,0.02460989685362921
6.988612923357506e-6,0.024621124351543677
0.000021739697864927965,0.024567465497776338
2.0023197489144878e-8,0.024613401681081983
3.14390861212736e-8,0.024624392736553674
2.414470354115161e-8,0.024571120936155374
2.7412716233852505e-6,0.024613451215110414
4.186272471919706e-6,0.02462436070831203
1.6680865363528606e-6,0.02457126674432379
4.318674383907676e-7,0.024613471893462267
4.3036234926336885e-7,0.024624366736907786
5.775022229812768e-7,0.024570919099499593
9.828851416602474e-8,0.02461346172239739
4.376261951015379e-8,0.024624382230782595
1.914064252345424e-9,0.02457119445148107
2.6819025727215278e-8,0.024613500562784572
1.0182741453199243e-7,0.02462431389995989
8.820493498913967e-7,0.024570791297924718
1.633627098155192e-8,0.024613490791384106
1.1839872882946627e-7,0.024624379949269772
2.8996199970140005e-8,0.024571009024574122
6.253987402774362e-7,0.024613460464183157
1.0347211167927345e-6,0.024653070602437908
5.075264661975973e-7,0.024664148633659767
1.323082397934093e-8,0.024612045726440435
5.804618969861722e-7,0.02465334317092328
2.299782533733759e-7,0.024664180479565638
2.0742446884999234e-7,0.02461026345006076
0.00002353033523038179,0.024652965522616643
0.000022308867659099022,0.024663895365536728
7.052321286348653e-8,0.024610580564154286
2.903393218842292e-8,0.024654930452588136
2.26604983279403e-8,0.024666013644051726
4.549102666278679e-8,0.024612243417859565
3.880809364105153e-8,0.02465501137529218
2.8388137293605075e-8,0.0246659863994671
4.489916511865259e-8,0.024612167610913286
4.064500787140598e-7,0.024654576463293897
2.8148370816480144e-7,0.024665955382929768
4.976915579051795e-7,0.024612586219400958
2.9849891346723925e-8,0.024655007244083593
1.924459705099767e-8,0.02466603593980123
3.1578023694293994e-7,0.02461216736778787
1.1764758577667091e-7,0.02465502087244394
3.2246144349092323e-7,0.024666040280359104
8.262002398027246e-8,0.02461235175820945
5.8572852402164146e-8,0.0246550568971869
1.62169851485972e-7,0.024666005115844103
1.5277446790168022e-7,0.024612047693813477
8.932827453785411e-7,0.0246472774433544
9.241474308872665e-8,0.024658264078823
4.18771146814453e-7,0.02460513565630323
1.2874839645172862e-6,0.024647296249627845
2.422423695118825e-6,0.024658443587690364
6.284996380053623e-6,0.02460442147587091
0.000013715381938827704,0.024647012144058303
5.727823705387337e-6,0.02465832900376117
0.000016668418504233615,0.024604408217338045
1.8113582862913675e-8,0.024648705490565383
2.0828081678855372e-8,0.024659684376052208
6.121483203541497e-8,0.02460580785128499
2.7407124106330735e-6,0.02464870089600416
2.4148712107716118e-6,0.024659678070071973
1.9721802409656394e-6,0.024606270282135738
3.409915335169369e-8,0.024648693815544836
3.269316920432569e-7,0.024659684128092246
1.2710731413918319e-7,0.024606234636863678
1.471583109090912e-7,0.024648699589065442
1.3810736511745059e-9,0.024659676973724325
1.2434415058570325e-6,0.02460549125597496
6.799654698723582e-8,0.02464873081980731
1.2932526574792288e-8,0.02465969190787934
6.22837691060427e-8,0.024606168794128903
7.681204610780041e-8,0.024648702141546575
2.2515850493244973e-8,0.024659675809220016
1.8915591528659083e-7,0.024606057736327364
1.0596493679291227e-6,0.024645474314143215
7.083853654205341e-9,0.02465644359827717
4.5007161710403507e-7,0.02460270428853858
2.4303586506137625e-9,0.024645210787713097
4.999023955173701e-8,0.024656582592590938
3.0251187755322315e-6,0.024602975536318628
9.39027376494788e-6,0.024645610813057467
0.000010920496784384131,0.024656628328559832
2.1027306142566193e-7,0.024602554140091097
2.5586867073741547e-8,0.024647455921382285
3.4329731407157555e-8,0.024658412061043505
1.4313500504887767e-7,0.024604813661727322
9.940626932655434e-8,0.024647382829755086
3.474499937837403e-9,0.02465840962684757
1.7517709608676033e-7,0.024604923057527383
5.948135137221234e-7,0.024647407859972454
6.57727535585465e-7,0.024658414012249927
7.761657173269952e-7,0.02460478941306495
6.708078022583999e-8,0.024647400072155837
6.394545743888988e-8,0.024658411567353385
1.1087069073539424e-7,0.024604643635711933
7.742666293504874e-8,0.02464746370263359
1.2219653391679963e-7,0.024658377300826657
2.401136273670428e-7,0.024604633388359404
7.126064482982296e-8,0.02464753398530306
1.859318422244943e-8,0.024658410120888857
6.289058544510664e-8,0.024604990272666678
1.0136214580026538e-6,0.018979819353124254
1.8801601468037105e-6,0.018986288982867996
2.970470520781246e8,0.019278528123278404
2.9704702213638747e8,0.019303319010106273
2.0249957870053694e8,0.0192817435963086
2.0249955427125725e8,0.01930980606337039
2.9545152604517794e8,0.01930555763725125
2.954515085862395e8,0.01927409196261629
2.954515085862395e8,0.019332460436329798
5.7897592622971235e-8,0.01908521973151445
0.000010907104492775727,0.019056891894976776
6.304913605591756e-8,0.019069659677053853
2.1984126541176503e-6,0.019036347017352094
9.57004892066273e-6,0.019059734861281163
0.000020259345326728615,0.019026551740229374
4.911254240773269e-7,0.019061023833379015
0.000013310878011699486,0.01903583362863126
1.934886213597668e-8,0.019065191382591027
2.0796294060967352e-7,0.01905971478646227
4.2510037064360816e-8,0.019088326899026942
2.321813051462556e-6,0.019039317416845548
3.8308109524270195e-8,0.019068338232480563
5.124396480769301e-6,0.019031416659590652
1.0784822349158563e-8,0.019063479229275357
1.372572575546824e-6,0.019037778760223913
2.302014293577499e-8,0.019063350073692503
1.0121961501179492e-6,0.01903531986038206
9.683141538488643e-7,0.01905981940703134
2.564220315161997e-6,0.019027497660652433
1.1493312214347885e-7,1.990209570083476e-8
1.0921602780386225e-7,5.151973976654437e-8
3.3562313056831105e-7,5.209170359316997e-9
7.117842849062952e-9,1.1407377109623286e-8
7.202227010588859e-8,1.1271265620368806e-8
1.9732517307953618e-7,1.9401214957624892e-10
4.472538772321069e-7,1.3978746237920586e-8
1.3718228887727178e-8,2.8918017877720963e-9
4.95934618766286e-7,9.520024010648726e-8
9.835564158630774e-8,6.612305868136248e-9
2.7048502817084463e-8,2.510589499879023e-7
4.432584343269965e-8,2.8389226971574565e-7
3.0038978332561316e-6,1.886938627317326e-8
1.44063393085288e-6,7.081913913249807e-10
2.9973106246821403e-6,6.049866267580052e-10
3.242597265647368e-8,3.6331959905615514e-7
3.2692866390326266e-8,9.010098681674095e-7
1.2318994875066786e-7,2.2488815472091956e-7
1.4185099979422363e-8,1.0412129852098823e-7
7.331442907936373e-9,1.986640465224345e-8
2.412715894482297e-9,1.2364152659903752e-7
2.8933919761142318e-8,3.242672263736002e-8
3.5791838624919496e-8,1.173170141109193e-9
5.299464713876411e-8,5.6392323097392517e-8
1.797131507022706e-8,9.620992541298008e-8
4.2688144030783035e-9,1.2164324054261494e-7
3.75717448738985e-8,7.684521338659268e-8
2.97047052600288e8,1.1067012557126691e-7
2.970470526002881e8,1.6098361190360897e-9
2.97047052600288e8,1.8055802047929595e-9
2.970470520781241e8,6.161708833767563e-8
2.970470520781239e8,2.9398106572006124e-8
2.9704705207812387e8,4.1808467011581514e-8
2.9704702213638663e8,1.3401536660134492e-10
2.9704702213638663e8,2.1088865307361136e-9
2.9704702213638663e8,1.1875813333274925e-8
2.024995787005371e8,4.828367800302348e-7
2.0249957870053712e8,1.5049476120979673e-7
2.02499578700537e8,3.126127006843098e-9
2.0249957828180805e8,8.708887266291666e-8
2.0249957828180793e8,1.1218263546098755e-8
2.0249957828180787e8,4.649684637482855e-7
2.0249955427125722e8,1.1839421804626424e-8
2.0249955427125716e8,1.2376983685443958e-7
2.0249955427125716e8,7.026523537352434e-9
2.954515260451779e8,7.197580563524913e-9
2.954515260451779e8,5.34927200760757e-10
2.954515260451779e8,1.5971818851719831e-9
2.954515257459263e8,3.1906150697175647e-6
2.9545152574592584e8,1.2305131780822302e-9
2.9545152574592555e8,5.955293112523265e-10
2.954515085862397e8,1.3253690476939257e-7
2.954515085862397e8,1.4791764067195363e-9
2.9545150858623993e8,2.396427654911186e-7
1.1593228167407771e-7,1.7301530325628162e-10
1.1506584053320817e-7,1.2944544818323025e-8
1.1620186435504997e-7,4.802927557836232e-11
1.042956988438393e-9,2.8061768928069066e-9
4.570961148614979e-9,4.779492487767198e-9
1.0912413969460343e-8,5.3736411616810935e-8
2.440536750978602e-10,1.4307073965324768e-8
1.9437448457802837e-9,8.676807646645714e-9
4.4100712612155913e-7,5.364187028754938e-10
2.0097503347629554e-8,1.040405860589519e-7
1.848902519724487e-8,3.544331898675798e-7
1.1200902785521629e-7,8.680662597559235e-8
2.589433121720467e-6,2.5621238895247223e-9
1.0769634817522265e-6,4.375828613253936e-9
3.037274791329015e-6,2.554755092659835e-7
3.9490046842782377e-7,9.066686766478101e-9
3.347540360369497e-8,1.6527912076767754e-6
2.85961752775404e-8,1.3767615047569652e-6
1.5647122815072604e-8,1.026486371144101e-11
2.3838785007223646e-8,2.891548023493186e-10
3.935990843488997e-7,4.706557672978235e-10
2.4799698542125875e-8,4.074648089043799e-9
5.66035742188605e-9,3.7207511895240396e-8
5.619584430238374e-8,6.592891547714882e-8
1.654715317726858e-8,8.069734981379036e-9
5.410938967349374e-8,2.5435271284499646e-11
5.745293484173066e-7,4.4155594775359636e-11
2.4449961702450925e-6,1.0698270920404108e-8
7.754341483519236e-6,7.078487002151197e-10
3.564748947612211e-7,2.053901541390224e-6
8.61040111454868e-6,3.452155819856436e-9
1.4276903863587868e-7,2.113697393501379e-11
2.324024505984877e-6,1.0787311421183179e-7
0.000033080770732601305,4.700694183983534e-8
5.236107350278275e-6,8.24041193484879e-14
1.2950078639807588e-6,1.8773997767570906e-6
1.0158280702005142e-7,3.766128419275821e-8
5.930859399360142e-7,4.3484513417662215e-11
2.1607835994814138e-8,2.1999326882307742e-7
2.716473080020841e-6,1.193222423207324e-10
2.4397338842293518e-6,3.901745304826009e-8
2.6937872004951383e-6,3.3204641210339167e-7
5.035780874109472e-8,8.042732287417961e-7
3.8813355540108895e-7,2.1051179689062646e-6
1.6050214209961102e-6,8.017929164308571e-9
1.0076009061135966e-8,3.8435110484305595e-8
6.74883707527206e-8,3.350252949618328e-7
3.583389853979674e-7,2.616146804719333e-8
1.0554885320863042e-7,1.0273065016885175e-7
1.0135630304059107e-7,1.9660694642156094e-7
3.0172307543066524e-7,1.3351848230660793e-8
3.092362205806531e-7,5.126656604476394e-7
3.324207787360708e-7,3.3833674084394612e-9
4.69886762180154e-7,3.100230796918164e-10
1.1670864090030659e-7,2.9851808549017753e-10
1.1447042650987876e-7,3.355884538273451e-9
1.1584652473442103e-7,2.2599364576392845e-10
1.7033011239262458e-9,1.1106705106286279e-10
3.0497367766822158e-9,1.7246064216299797e-10
8.851728181076436e-8,2.5540993331084006e-9
6.363485483306077e-9,1.3079445317048363e-9
6.161383146797567e-8,9.748240413390803e-9
3.195444918776512e-8,2.7437507547554595e-10
1.2292395899133542e-7,2.580221489657846e-9
2.647836096029507e-7,6.365388629915173e-10
3.043814027541156e-8,2.569824497043589e-7
1.8536859700558094e-6,4.762114355211962e-9
1.5022645419308755e-6,2.717182136128435e-9
2.82704815351289e-6,1.7699353939949604e-10
3.875587395323137e-8,5.73044993995296e-7
3.003821646977397e-8,1.380183630664763e-6
1.7155763718948348e-7,6.633757798258906e-7
1.543830822528622e-8,8.462207351746715e-9
7.017233242007379e-10,7.676546404243228e-8
5.32367407529521e-8,9.607507525434317e-11
2.407999572242823e-8,1.2403650470611261e-9
2.0854082043268655e-9,3.6888671830475126e-9
7.150498908161456e-10,3.478580556576789e-8
1.3880928209351172e-8,6.730633945188113e-9
7.331764323959702e-9,4.363569371519823e-8
1.55287398779205e-7,9.596272506212301e-11
4.993046559116243e-6,3.4417388783777534e-10
7.590131908976359e-7,4.4672649988388085e-8
9.319681291666728e-7,1.1344219010321369e-6
1.1143189770094598e-7,1.1471539696902709e-8
1.829083827179865e-6,6.887474955021805e-12
2.087471315577021e-6,8.030080942861697e-8
0.000016787791639907,2.1630677079167597e-9
2.3697890241662206e-6,2.471349788208063e-7
0.000012986112665023462,3.314813164128564e-7
5.328952980725871e-7,3.983532967440818e-10
1.7716640365982556e-7,2.8626913373280046e-7
2.1233346655875674e-7,1.6575440312938184e-7
2.580692473879248e-6,1.9971917938028117e-8
2.564844771936451e-6,2.4419201710380453e-8
2.73622424732003e-6,2.3667293309741466e-10
4.6908040876227955e-6,3.6046102708397825e-11
1.0665586039637314e-6,3.234634454913512e-9
9.355971890166244e-7,5.223267853105275e-9
3.342968003264778e-8,9.366439399358708e-8
2.2510081945179486e-7,1.2831922930796156e-10
4.2592524389550496e-8,5.156012654665345e-8
2.749292592724174e-7,1.301869654098776e-13
2.2549327288972537e-8,9.725755458532472e-8
3.151226610707436e-8,9.881613839395986e-8
2.6406644641874745e-7,2.793258420619697e-8
6.382557531291472e-8,1.1865873365418987e-7
1.2904441601155647e-7,1.794355263241562e-7
1.6810650537035407e-8,0.02282839882997948
9.777862787259336e-10,0.022834587185057986
4.2687021537305305e-7,0.022804981945276106
7.194577434116783e-9,0.022828472414500815
3.2188297510045295e-6,0.022834724117357978
2.5450042979468835e-7,0.022804631504021945
2.961133108247542e-6,0.022828567710359026
6.659318432602008e-6,0.022834369117602626
2.073710810466451e-6,0.022804680446205015
2.055023668973811e-8,0.022831862800447123
3.042717699084582e-8,0.022837786184498776
7.188492477573674e-7,0.022808172037207145
7.44551479809756e-9,0.02283184227535864
2.204816416816875e-8,0.022837787398148346
4.986950170294474e-7,0.022808324772117344
1.1892337721902676e-7,0.022831836401893357
2.7857403598088504e-8,0.02283781191213594
7.213537510435971e-7,0.022808220671375494
1.7245954573946206e-8,0.022831862251372542
9.893312912770691e-8,0.02283780433649741
7.051759732242717e-8,0.022807977569279728
3.8913842507058926e-8,0.022831848774503376
3.2048439705966745e-8,0.022837806380417634
2.0451853177704243e-8,0.022807743045384424
6.529475719223836e-9,0.02283195809989787
2.2900111922325044e-7,0.022837835561409163
2.382828156400209e-7,0.02280729995646803
2.9704705260028815e8,0.02297958782361852
2.97047052600288e8,0.02295497498403346
2.970470520781241e8,0.022979534285337656
2.9704705207812375e8,0.022985661163588078
2.9704705207812464e8,0.022955424083188777
2.970470221363871e8,0.022979708105048135
2.970470221363871e8,0.022985459669239757
2.970470221363869e8,0.02295317638036848
2.024995787005368e8,0.022979569153764305
2.0249957870053715e8,0.022985749761150205
2.02499578700537e8,0.022955099514132295
2.0249957828180793e8,0.02297957749711258
2.0249957828180766e8,0.02298573989049952
2.0249957828180835e8,0.022955032469182252
2.0249955427125707e8,0.022979647554312456
2.0249955427125683e8,0.022985743825408092
2.024995542712571e8,0.022955542907325675
2.954515260451784e8,0.022979336134327483
2.954515260451782e8,0.02298571809358576
2.954515260451785e8,0.022954523624712085
2.954515257459256e8,0.02297969131169902
2.954515257459257e8,0.022985766546456114
2.954515257459256e8,0.022955041631887448
2.9545150858623993e8,0.02297965926262756
2.954515085862401e8,0.022985768222759887
2.9545150858623964e8,0.022954990933252036
9.474241720420383e-8,0.022863900476346264
8.452796528765656e-11,0.02286979123250537
6.1895937239507515e-9,0.022839907415852408
1.81915504108892e-6,0.022863853771865717
1.74267309673372e-6,0.022869904990438537
2.9031041223748888e-8,0.022839850243298775
4.864085448820267e-6,0.022863998704418742
3.6632522944351163e-6,0.022869829455829677
5.286081668848588e-6,0.022840130293191936
1.5440158406505132e-7,0.022865396320282495
2.7707434409335356e-8,0.022871382430798188
2.1741859344667687e-7,0.022841395176868496
8.098794811489956e-8,0.022865405570096073
9.284957798115339e-8,0.022871402536472817
4.038755736687685e-8,0.022841409725302953
5.3562422332191706e-8,0.022865376506839445
3.333179893792564e-8,0.02287139144907294
1.2345255950773895e-7,0.022841774634385914
1.1520877896479741e-8,0.022865404638543484
4.19234641699823e-8,0.022871396988996713
4.910683383915463e-9,0.022841395595406943
1.0973559203025773e-8,0.022865415970580397
2.95302429221417e-8,0.022871397052495926
9.094774365581194e-9,0.022841532057899693
3.2056059250452424e-8,0.022865382697085834
1.036562878434917e-8,0.022871381760069292
7.2096790508762655e-9,0.022841862331019133
0.0000118646010596562,0.02286178646558517
0.000031085963573420704,0.022868249748973217
4.264402015715317e-6,0.02283780775370784
5.4754159892311004e-8,0.022861993162247105
0.0000297442108853338,0.022868164419341207
0.000013372440739921484,0.022838013153109626
3.4857363043702426e-8,0.022861942147584125
0.000014366286873049847,0.02286787739566683
1.844976200495166e-7,0.022838141608484915
3.7717971365723715e-8,0.022864075514424636
5.025619348153344e-7,0.022870043710190538
1.5238071402412034e-7,0.022840641586442022
1.32488486402189e-8,0.022864140579457296
3.9070270745485024e-8,0.022870046201139187
1.4500692241802489e-8,0.022840108219575737
1.9569578466930303e-7,0.022863931489668646
2.3178937571593902e-8,0.022870050692685714
2.7837290205442845e-7,0.022840127307365277
2.5848587450964536e-8,0.022864119536132998
3.627308547336357e-8,0.022870061391780726
9.098638133420939e-8,0.02284007966221821
4.812805463820846e-8,0.022864061568870882
8.819334660719827e-8,0.022870057599283018
3.9225307651695874e-7,0.02284013733670438
2.677654193396154e-8,0.02286411572091073
3.153137639403919e-7,0.022870057179803026
7.769673485979722e-8,0.02284029705118779
2.9704702213638705e8,0.02297727875112229
2.024995542712571e8,0.022976644572890607
2.9545150858624e8,0.022976612070241473
4.526225593570144e-9,0.022855458966037624
3.2853409189235626e-7,0.022861075152453617
2.9571785202835935e-7,0.022831659048715786
8.630086506671099e-8,0.02285536138057835
5.4355476465077955e-6,0.02286147476672948
2.1414578105633843e-7,0.022831537832833947
7.96916216216249e-6,0.022855536545757133
1.0202616529622032e-6,0.022861420904405592
4.019555152750548e-6,0.022831437321349266
2.8965811448618516e-7,0.022856990379148297
2.4361012948796217e-7,0.02286293425180785
9.553177972251344e-7,0.02283267866136246
5.7333907665118556e-9,0.022856998083325673
1.267972777319775e-8,0.02286293796336012
3.667244615713309e-9,0.022833057468151886
1.5677808773782192e-7,0.022856924722502753
7.26638727213243e-8,0.02286295518609089
2.357479231658398e-7,0.02283283697048358
1.5465525935034617e-8,0.022856963472569044
3.424360462974772e-8,0.022862944798261158
1.676817982236504e-7,0.022833122913655655
2.8149344799633493e-9,0.022856993963699203
7.447656682058298e-8,0.022862941946982133
6.293725091450438e-9,0.022833071912079814
3.033917037066096e-7,0.022856786635606155
4.5371107761167415e-9,0.02286296700997593
3.8851483327238217e-7,0.022832747510102343
0.000013679455260620227,0.022853568691013747
6.410400042311427e-6,0.022859376691183212
5.279943008999656e-6,0.02282937302062029
1.8218956724448065e-6,0.022853435363872802
0.000014529613921245396,0.022859397313147754
1.7360053274878077e-7,0.022830024162907303
1.481475016994179e-6,0.02285326614448761
0.00002596187474908833,0.022859452813482874
1.0327362139730094e-8,0.02282960170442909
5.736201753316886e-8,0.02285557589150336
2.2205350441929921e-7,0.022861530238052593
6.408629031388315e-7,0.022831259103675318
6.05246021769945e-8,0.022855600036088726
5.730971093777171e-9,0.02286152248466545
3.0434278771519257e-7,0.022831763332578026
3.394703007140881e-7,0.022855737333634798
3.944308468276148e-7,0.022861525063404255
3.155564810925426e-7,0.02283180702417953
3.922094087448898e-8,0.022855566255457274
1.968243433605205e-7,0.022861529075956153
3.017688782390838e-7,0.022831719229066922
9.620024940833529e-9,0.0228555926244725
2.0160331944622435e-8,0.02286153299078465
5.7098586958809534e-8,0.022831915316053216
1.6611069060628482e-8,0.022855586716579463
7.487741009813814e-8,0.022861536793980737
3.4131549861409313e-7,0.022831409833938335
2.970470526002884e8,0.018616933036391912
2.970470526002876e8,0.01862086433594776
2.9704705260028803e8,0.01860680402947383
2.970470520781242e8,0.01862631861964003
2.9704705207812405e8,0.018629030031767812
2.970470520781248e8,0.01859410900955506
2.970470221363866e8,0.018619856837890907
2.9704702213638663e8,0.01862636329779474
2.9704702213638675e8,0.01860129475660748
2.024995787005372e8,0.01863374420512886
2.0249957870053712e8,0.018630595538154358
2.024995542712571e8,0.01861937439717884
2.024995542712571e8,0.018621269886787042
2.0249955427125683e8,0.018605190917731117
2.9545152604517835e8,0.018613890048320838
2.95451526045178e8,0.018613070856946693
2.954515260451781e8,0.018623047464758544
2.954515257459258e8,0.01864307329158354
2.95451525745926e8,0.01864123905567946
2.95451525745926e8,0.018585110172004767
2.954515085862399e8,0.018627379650524366
2.954515085862401e8,0.018571980258914725
2.9545150858623976e8,0.018562765202301358
2.1126093660902225e-8,0.018337829294611575
2.0436248056838913e-8,0.018346307792391995
1.758390762990911e-8,0.018324535967475426
2.565930845603925e-6,0.018332297263691493
2.2064568222075284e-6,0.018331426043178167
1.286931818673341e-6,0.01832272230955272
0.00003090188915930266,0.018328337616858734
0.000036204477950114234,0.01834267354285993
6.048380331227977e-6,0.018311215857006163
4.6782467591265887e-7,0.01833553096020801
1.9178548639808022e-7,0.01834359657532636
1.1197664422643114e-6,0.01831777020346016
5.0809077264826625e-6,0.018331168668893127
1.892499358273193e-6,0.018340039062476617
1.5351310833357945e-6,0.018322254677361788
5.759850136407695e-6,0.018328917577309197
0.000011111442718400547,0.01832432347784333
9.275610389301466e-6,0.01830759699385392
1.3363680428030753e-7,0.018338647105948628
3.0813791956468688e-6,0.01833552972505013
2.9065374696089293e-6,0.018315708005348517
4.251769295707602e-6,0.018330983105946965
2.7760297280145e-7,0.018348069993576275
3.56851904036003e-6,0.01831566958986371
6.4400204391393386e-9,0.018345825200008846
4.078733081426883e-9,0.018361982921384818
2.1994282844666455e-8,0.018326934120719337
7.217155355273866e-6,0.018335938893978755
0.000024463816668559495,0.018339082532198805
9.334629775264699e-6,0.01831797258218557
4.7027309854375695e-6,0.018334254079190575
3.267754225291204e-7,0.01833742265161875
6.6879414035660995e-6,0.018322662204010177
0.00001525922651675655,0.018336299334985543
0.000011378597793961095,0.01833766013403594
3.907352196287586e-6,0.018317174309500125
2.001644698727495e-6,0.0183385634213666
1.852042746137987e-6,0.01834011210869626
1.6159539964229626e-6,0.018319203875086322
4.894237562540644e-7,0.01833594231844538
2.036274045847675e-6,0.018339869990597724
2.2496872467190195e-6,0.01832019979212884
2.248620475774657e-6,0.018319930803620994
8.242322404737854e-7,0.018332409906855876
7.979548364707577e-7,0.018308639766616876
6.0446384369219104e-6,0.018328126375922054
2.8855483299470523e-7,0.01835424150775973
2.6218607075379097e-6,0.018323498145049404
1.2474847045895708e-8,0.01833772540104882
4.647710666906673e-6,0.018334657027886676
3.886378806149658e-6,0.01832043919458065
1.0661689495580193e-6,0.018339976294464835
1.1826005650186556e-6,0.018342308234985442
1.2002867145538334e-6,0.018313893967203523
2.970470526002885e8,0.018605357591342485
2.970470526002876e8,0.018627811016328863
2.970470520781242e8,0.018623638781854513
2.9704705207812405e8,0.018621857318170964
2.9704702213638663e8,0.018611649116588847
2.970470221363866e8,0.01861827814045264
2.9704702213638675e8,0.018598491374323504
2.0249957870053712e8,0.018611065013429483
2.0249957870053703e8,0.018621875603665683
2.024995782818081e8,0.0186175012510619
2.0249957828180778e8,0.018610275263451787
2.0249955427125716e8,0.01861721698322288
2.0249955427125722e8,0.018609316214303027
2.024995542712571e8,0.01860765333249057
2.9545152604517835e8,0.018601785649465276
2.95451526045178e8,0.01863199539220575
2.954515257459258e8,0.018638117307725754
2.95451525745926e8,0.018596563248813286
2.954515085862399e8,0.018578078114752
2.9545150858623976e8,0.018593121475157758
2.0123331774221632e-8,0.018333864916060965
2.0334683084425135e-8,0.018336348066140193
3.762716362956552e-6,0.018315342220989586
1.502672043574289e-9,0.01833680332680843
4.535259655340803e-6,0.01833166319520873
1.0549952848557007e-7,0.01831832170640514
0.00004278781007124362,0.01833773274998186
9.213559284706372e-6,0.01834137057943913
0.000023995921905964376,0.01832097648291012
4.183962140427343e-7,0.018334619608581938
9.588938836080212e-7,0.01833494517592043
4.841349847350564e-7,0.018320870506352765
5.976378869944411e-6,0.01832835595314204
1.0868745955336636e-6,0.0183339411765626
1.6079866931867352e-6,0.018325436518299546
9.989297363352823e-7,0.018344445290028336
1.8163878671402227e-7,0.01834112070520362
1.8055215149164941e-6,0.01833218128094389
1.8715018488780746e-7,0.01833748729958954
2.381583318453103e-9,0.018338532042447998
1.0975502962169156e-9,0.01831976486994214
9.79822514275543e-6,0.018322036660232556
7.744559645642439e-8,0.01834629439166499
2.44679197156275e-7,0.018334376431544185
4.681870547588255e-7,0.018335411642170674
1.6209232300231823e-9,0.01834892850568612
9.553175897500744e-10,0.01834149553342167
4.3208210314088306e-6,0.018333033539829527
5.044046384489152e-7,0.01833522930890747
0.00002055239639251273,0.018314868511267852
2.2733864127744553e-6,0.01833115259657749
1.857566496464102e-7,0.018332607036251225
2.2832261809126747e-8,0.018315112103832718
5.603655119330505e-6,0.018331088090560152
1.6094627091144656e-6,0.018338598999875163
0.000017076024194746437,0.018317679305002707
1.7383437251147402e-6,0.01833317117384727
2.770058791657545e-7,0.01833831388237299
1.3567424195439652e-7,0.018312706917663395
9.640135529616808e-7,0.018329152835992655
2.1809798070620478e-7,0.018336041278368017
6.844377915904697e-7,0.01831341305914487
0.000021940058539071333,0.018342877301133625
4.295167290758014e-8,0.018311046037820907
2.069875044702309e-6,0.018330127879866827
4.4926829245015285e-7,0.018330995423939442
3.6001615134711006e-6,0.018314307400670873
4.045542212414172e-6,0.018327163231278847
6.081166270499203e-6,0.018328248578320463
5.2621067100447445e-6,0.018320646070613955
1.0887563861127748e-6,0.018337881556077747
8.566858942741177e-8,0.018317107251022407
4.602419684926079e-6,2.4705198145604916e-8
2.7413008425569696e-8,9.393794812139197e-9
0.000016710890349572824,1.0883746419833977e-8
1.0006681519322982e-7,2.8095073720878025e-8
4.425297055195332e-8,8.584804764166348e-8
3.9130918907498184e-8,1.068262988839788e-6
2.4644894062918926e-7,3.8015419303169605e-9
2.3374146443161045e-8,1.7491751808507873e-9
1.122564939433521e-8,1.661707070264308e-8
1.8483006261232772e-7,8.666710748992991e-7
5.471979530713493e-6,5.46775750222813e-9
6.587974788538043e-8,7.477138965048632e-10
3.9408163942066365e-8,1.3050143697581302e-9
6.120675237232968e-6,7.104275689467093e-9
9.81237390004354e-6,1.367017742059567e-10
6.105770844024857e-8,1.9815472173861383e-7
1.6273567971623505e-8,1.8323493517693286e-7
2.508124396737083e-7,5.640557303338736e-10
6.767889153431109e-8,3.346196997433554e-11
4.4226680854528885e-8,1.6501663797437597e-7
4.7865186253814566e-8,2.899404434587687e-6
4.155166362136417e-8,4.3710360715485337e-10
7.274152012680323e-9,1.7491740834837852e-8
4.0338152427385014e-8,7.942264696687533e-9
1.8783581078842317e-8,2.0411065552047815e-8
2.4119769162942285e-9,1.978490092652381e-8
7.958526906662676e-8,2.561110762455528e-9
3.2696632765477268e-9,2.0758785009143057e-8
5.271769070054601e-9,5.931935177937941e-8
1.9474204308375133e-9,2.241140086323388e-8
4.69555773339802e-6,2.2828647528742185e-7
9.471110864675768e-6,1.8346779245889064e-9
2.837818964168807e-6,2.8198547862475914e-8
2.55704204719545e-6,1.6123395552712167e-7
3.571945109668429e-10,9.745411778582306e-8
8.082537352469034e-9,7.000227602475817e-7
3.1854397608772377e-9,2.696302431250061e-7
1.1882413156980277e-9,6.573288582644624e-8
3.7205008188158377e-7,4.210264782992412e-8
1.7945978113468756e-8,2.663027896924053e-7
2.7930623396837523e-8,1.515217015709254e-7
5.800189478782417e-8,3.326619407453992e-7
5.848310036514148e-8,2.146805222492608e-8
8.624829912804927e-8,5.8519209576594094e-8
1.1900907959985403e-6,4.438100486425267e-8
1.2919267179024916e-7,6.548865744165779e-7
8.37284459323888e-8,2.300843202392013e-6
2.171306822137666e-8,1.2396220232338717e-7
2.4085815886109686e-7,4.1396794344008457e-10
9.996373194560005e-11,5.0641249255331e-10
1.5429971901612376e-8,6.004518048249072e-8
8.216568647812368e-9,7.781041452794473e-8
9.623798035448805e-8,1.0152618036238192e-7
9.52981053660935e-8,2.7394580401704765e-9
5.785886620229634e-7,7.423496304282817e-7
4.962248208687825e-6,6.269241529209455e-9
2.6421144107913754e-7,3.600469169602665e-7
4.681800788288625e-6,8.276369590258695e-9
5.268513594775085e-9,4.794449856727753e-10
4.616443064030544e-8,7.771605613025858e-9
8.503638317748495e-9,1.439812881750063e-9
8.622224867388366e-6,1.4886995743488906e-8
5.750848510408282e-7,7.207437692844942e-10
9.6671547384152e-6,1.2099365412222893e-8
1.2075811875552293e-7,1.0923386298362208e-9
1.3816111728235382e-7,2.5346674742134827e-9
4.497999106074631e-8,9.52964661126324e-9
4.402787132974697e-8,1.1178838255766905e-7
5.61414160081252e-8,2.9020430677898916e-6
3.702672038445953e-6,1.656903610810122e-9
5.353165439936132e-7,6.731158573913301e-7
9.656717630839864e-10,3.066033223542601e-8
1.8887686774640406e-8,1.846428384566609e-8
2.8285535318556955e-8,5.347403839113306e-10
1.610694886411884e-8,2.1743607351868468e-8
1.4722373832499542e-8,8.229482464578111e-11
7.607217547756516e-9,2.2305769469504984e-9
8.292892635539166e-10,4.3591009892586163e-8
9.591991889575264e-6,1.794189684878215e-8
4.63553760981377e-6,2.1949829894316794e-9
6.125831677342032e-6,6.446478917046353e-8
1.5177901703604732e-7,1.0009679241730821e-7
4.5162933353112265e-6,1.5494120212399967e-9
3.48485358360829e-7,4.51295020892871e-7
3.7785387397320947e-6,8.276331577579723e-8
1.3748087560780288e-6,4.0971202451751015e-8
1.8975899522648328e-8,3.060007664347829e-8
1.1379607138411893e-7,8.128779361039841e-8
2.2961934677659435e-8,5.185396622366537e-7
1.0946338405776871e-7,5.143914151781943e-7
2.788709745843309e-7,2.5025703776215556e-8
1.7841919783353508e-7,7.415251303166843e-10
1.823425860174216e-7,2.192472407268253e-6
1.8934881328081432e-6,9.550741055941715e-11
1.6496872760378205e-6,3.044574604113807e-9
3.3336435419978865e-8,2.55930501787076e-9
1.5445737155652903e-9,3.687194031982033e-10
3.6959438120010986e-10,1.2092359831161532e-7
1.0003540948397711e-7,4.4759901539743565e-8
1.1412904849937458e-7,2.1172988464586323e-9
6.371797266977159e-8,1.2844096640498465e-7
2.942177777102622e-7,7.314599432267571e-8
6.604704450883856e-8,1.0346039503273332e-7
3.995159146823679e-9,2.566893038097381e-7
0.000011661835544616533,0.024583426410065213
0.000012781549578097629,0.024583499495625525
1.5292284240314465e-7,0.024583242779985765
2.2537452323305308e-6,0.024584018518866716
9.498176558566994e-7,0.024581244453720567
8.087487046234079e-10,0.0245840963496545
2.799937748356554e-8,0.02458723948770825
2.7636982079343805e-8,0.024587508647087128
8.217670247417705e-8,0.02458510945807479
2.716622187620102e-8,0.024587234120656023
1.975705179895921e-6,0.0245875177551503
3.18663187223801e-8,0.0245850596296953
7.957532404248076e-8,0.02458726228478489
1.2411886595333657e-8,0.024587525136272267
6.673238904983868e-8,0.024587258183457097
1.925877539028797e-9,0.024587517417619713
7.813962575700669e-8,0.024585079364346684
1.6188851716252677e-8,0.02458502764568638
0.000011601680892866889,0.024603365475764295
0.000013227012869916515,0.02460370583502987
0.000010951789334878507,0.02460116188125449
7.183449504850099e-7,0.024603364239985465
5.985877712840375e-7,0.024603777700932056
2.1583530407732524e-6,0.024601236366048607
2.241072293735389e-7,0.02460336452534196
3.3504190943763826e-8,0.02460375088236026
4.410892801198964e-8,0.02460126746172118
2.5129291928868256e-7,0.02460538420333079
9.325900264404586e-8,0.024605133070409697
1.8464305920140197e-6,0.024605410009247004
6.858831991791323e-7,0.024602863923244265
6.711684530027512e-8,0.024605115069808767
5.6566396726689304e-8,0.024605404394293918
1.8437783079286824e-9,0.02460292194587623
9.033958582140236e-9,0.024605123246898113
3.79522524354974e-8,0.024605393916501253
3.755816591893304e-8,0.02460288449736362
4.079639813410216e-9,0.024605122424429353
3.2270269073156507e-9,0.024605399273592142
5.292009899698059e-10,0.024602990062901512
9.441666420094626e-8,0.02460512384051924
3.823469013845373e-8,0.024605406927032877
9.388355143739246e-9,0.024602913464947897
7.4320888631833575e-6,0.024601351780742218
5.3300990705936573e-8,0.024601905878677117
1.0033860579811384e-8,0.02459922648617097
5.371362029017965e-8,0.02460372075706909
5.349179066509902e-9,0.024601515380008047
5.722301662047187e-7,0.019467052784496685
1.9525174560313966e-8,0.0194485592727753
5.874181937090671e-6,0.019439076484223355
0.000010646332024354507,0.019436822540710493
2.0731166369782755e-6,0.019444219157215066
1.2814220838482616e-9,0.0194512208019031
1.6094884780985357e-7,0.019506164879967817
1.0409290939638816e-6,0.019503024221313846
4.197477212942124e-7,0.019504974228748098
0.000011847248301128063,0.019503218866932893
3.3708148773855267e-6,0.019500937245259913
2.328508427125121e-9,0.019500840956799863
1.3239259752266656e-7,0.01951443932545308
0.000010941607483777695,0.0195071481887186
1.3677684115224889e-9,0.019504934972811815
5.067177937156251e-7,0.01950498240111356
3.21899110397256e-8,0.01950536865645302
2.1989337752286206e-6,0.019503404867052158
9.635088843131765e-6,0.019494477598431523
8.591333381639873e-6,0.01949605290707817
2.8426392971086843e-8,0.01951693158946915
2.8865097025078484e-8,0.019504290057240494
0.0000194185642061296,0.01951000019241217
6.07385047535492e-7,0.019506087035431188
0.000015834777221445644,0.0194878324423794
5.894476633175033e-6,0.019501201973916978
2.05683415642991e-6,0.019507032794561216
3.6068906905614625e-10,0.019521162591748725
6.785197116760774e-10,0.019517003645197654
6.393733780593054e-7,0.019505205104527336
2.1890669152145053e-10,0.019507940854072953
0.00001001470256853184,0.01949442297447593
3.0679623138562386e-9,0.01950519687951596
3.796209795283001e-6,0.01950306443522222
3.6139055160481084e-6,0.019503100551467426
6.837727877582332e-7,0.01950153841549265
2.2813265680371783e-6,0.01950158982182099
1.4047113957567445e-6,0.019502228619495642
1.6281573157797616e-6,0.01950753212042585
2.735399584804662e-6,0.019512002410906077
9.40606909258257e-8,0.01950528911677903
2.5359959945332687e-7,0.019505072164046445
2.687814872539865e-6,0.019503713202458653
1.721564500282636e-8,0.01950442208600621
3.135167041170817e-6,0.019503734451503073
1.7178347271745192e-6,0.01950456181186094
7.508402473895228e-7,0.019504168681568148
0.000044363754551467276,0.019509969494177985
7.018407059764124e-6,0.019503794012963857
0.00005236589917457503,0.019497857552991417
1.5698453198917156e-8,0.019501379541418697
1.128785423513741e-6,0.019503247392701602
4.721010919581521e-6,0.01949702754535207
1.5520841731423854e-6,0.0194995111217695
5.063092727656151e-6,0.019499820368507302
6.121953331672838e-7,0.019513533645004907
4.173745567852488e-6,0.019502279368806535
1.5646342942451865e-6,0.019506711082212178
5.196994910663811e-6,0.019500133304326928
1.5001109670822654e-6,0.01950274523267709
4.709641080712403e-6,0.01949863197245226
2.692906718040794e-11,0.01950873927106808
0.00001846626720184833,0.01948958042077247
0.000010206275308198556,0.019492109049161148
2.2997319265293077e-7,0.019514018446386786
8.670883841818547e-6,0.019493273013941943
1.5832408683919731e-6,0.019500816864734295
0.000013862767990747301,0.01950162732030053
1.8033591753450166e-8,0.019501494179329313
6.200183459900166e-10,0.019507557958766627
0.000015325509738565993,0.019487029810437043
3.186919522205086e-8,0.019519895153430753
4.345934938709616e-6,0.019497699756930314
2.46856333951732e-10,0.0195075865165915
8.087417011577908e-6,0.019494575555810724
4.834462706605546e-8,0.019523041935857185
7.097705196879434e-7,0.019500122561749666
1.1503503412001742e-6,0.019499815487031412
4.2168777779438254e-7,0.019500398190004386
4.812868324039247e-6,0.0195009292171079
5.709603578914838e-7,0.019499874532829805
8.968131050999514e-6,0.019500350281283448
6.398591193386991e-10,0.01949514102372295
6.492720092836793e-8,0.019508096428215382
0.000014033682176616054,0.01950445499259783
1.1481221531015701e-6,0.01950191491883026
4.365684220561493e-7,0.019501655317283897
3.1231707833618427e-6,0.019501512185617634
9.992206851325321e-7,0.019502070734642322
5.256384762006677e-7,0.019502355522756767
3.821719863160024e-6,0.019501642459793595
0.000020235471148103684,0.019495698350451174
0.00004856621043601484,0.01949102799833933
0.00002865129018571665,0.01950972436424769
1.5275300931378114e-6,0.019508118534202847
4.943715437795345e-10,0.01950520742390407
1.019838696421949e-9,0.01950573212049718
5.6105897271545e-8,0.01950441187667329
2.3758882622777484e-8,0.019502092085228784
9.862569862428298e-7,0.01950247755738298
7.724793594364786e-6,0.019498598441233462
0.00001281757814891904,0.019489684367317673
7.697470714407261e-6,0.019493563728775542
3.94274119583305e-7,2.3631042741018162e-7
3.039047754714627e-7,3.666097135298599e-9
1.5631801080479064e-7,1.237132927660905e-7
1.6553354073402305e-6,6.282961065510313e-8
6.83675739040263e-7,1.1010810920154639e-8
1.218146635092161e-8,0
3.9815355372996365e-8,2.467663873826908e-7
4.153290630558272e-7,4.954205649426231e-7
3.85545463609222e-8,1.6449018981859327e-7
5.517926264148935e-8,3.2085524124120585e-9
1.7193744900181509e-7,9.327474954515671e-8
9.016196637165073e-8,4.665659139055645e-8
1.7798841545630099e-6,0.024595631552092732
0.000012633904117475037,0.019048522958715768
2.604314881929125e-6,0.01906632026620414
3.134875357010877e-6,0.01904331321614277
1.9399356462565635e-6,0.01906375106499585
2.738243930475041e-7,0.019073943210201387
2.631300789831085e-6,0.019048122929046892
4.373552414291991e-10,0.01907088849245879
4.221561890788176e-6,0.01907435866623301
8.514691099643017e-6,0.01903146739274261
3.9366749021682594e-6,0.019058352534530792
1.6325989381121267e-8,0.019078168414610217
0.000010864129253541841,0.019022143856909236
1.9275177012438355e-7,0.019067184016332474
4.6629178025364584e-8,0.019078193367243923
2.510550189205817e-7,0.019043051934432044
0.000011010610034043645,0.019055863111726596
1.0457185791713303e-7,0.019071904211086135
0.000010631539422881023,0.019023528392716062
1.7668671663291908e-6,0.019064831803429327
2.8519398007657694e-8,0.019071207667842923
2.213212498573588e-7,0.019038785365350447
1.5717139233515343e-6,0.019061878220611686
2.5834354221863744e-6,0.01906919870857533
1.5324049695460506e-7,0.019038992564490105
4.580242269598282e-7,0.01905880953927013
9.684930190546935e-10,0.01907356953319718
6.112844461250508e-6,0.01903776353308168
1.1784786747239724e-7,0.019056993517003733
1.4859266900797262e-6,0.019064702891728198
2.5098393148980635e-6,0.019069426334080472
4.1426202262305434e-7,5.854416148272522e-7
5.532974892466504e-7,9.181848328121567e-9
7.02245431601322e-7,9.412353675976569e-7
6.514617754371772e-7,4.870588539446924e-7
3.880839543351801e-7,6.011520144677005e-7
5.852336406665018e-7,7.870627738947356e-7
1.418177380513282e-7,8.236402984339398e-8
1.3531682018755713e-7,1.9296727231991633e-8
1.0852453759280819e-7,5.3906189428338775e-8
3.513474659770321e-7,1.594017599611558e-8
2.9303760516804215e-7,9.604043855490145e-8
3.929752645406955e-7,1.869395098579962e-7
7.11450871739344e-8,1.4959949973746264e-7
1.816046950207954e-7,8.146334943136332e-9
1.0853333561609554e-6,2.343413690226782e-10
1.2285150642698357e-7,5.352082992521207e-7
0.000012127720839223694,7.909453267013186e-7
4.622162301852954e-6,2.1719892445969754e-11
2.920872744802251e-8,4.841164784845628e-8
8.199348058715427e-8,2.3669538340262758e-8
1.7348898625173028e-7,4.0257867090402506e-8
5.238338424253552e-8,9.288357436888245e-8
1.320913883282281e-8,1.546735417218394e-7
5.001731206348035e-7,1.124205672033525e-9
2.9055884189995123e-8,3.493151560907392e-11
4.1793124769276147e-7,7.37582940912857e-9
2.680925054965325e-7,1.389317685893842e-10
4.5074867522143564e-7,6.743674203800994e-7
1.48293057056024e-7,6.041057305318891e-7
3.498261504153365e-7,7.679178462859623e-7
5.053223559573254e-7,8.324551538823938e-7
5.405239006949045e-7,2.859898325319634e-9
3.9121835011250273e-7,6.66924571697419e-7
3.806504500362775e-7,2.1817869197939852e-7
3.4653962873588926e-7,3.9859275170009606e-9
1.0660198385116467e-6,4.924517074579867e-8
2.1532264839135955e-7,6.599948569419453e-8
3.76221261123636e-7,5.547915869486884e-7
1.8672723684030953e-7,1.6900523903773454e-7
6.02364251211358e-7,7.232008676134124e-10
1.3500125347782865e-7,3.4002800096619936e-8
6.566566167150479e-8,1.9476628861079201e-7
4.428683308702863e-6,5.725280156750689e-10
4.6378994137696306e-7,1.0292742259772812e-6
1.298753117684395e-7,3.952067342468314e-7
6.704089695011166e-9,1.1729834420617964e-7
4.994612571960031e-8,1.098137625881451e-11
1.0146131618588223e-8,1.9784605188815625e-7
1.5664094318586566e-8,2.0753725371507877e-9
1.7468831839448735e-9,7.153480345519623e-8
1.0177732397156666e-7,2.7568140134014682e-8
5.5818639909231664e-9,5.3137654994046584e-8
4.0604832659994386e-8,1.5267051358924365e-8
2.5707331304658757e-7,1.1372398291392499e-7
2.74317783089486e-7,1.8233609420300356e-7
4.978033489613384e-7,2.3618981491685132e-7
6.815683553886217e-7,4.166100136578672e-7
3.3479248422345757e-7,5.52054637013614e-7
2.8336210701733123e-7,1.891086612251557e-7
4.6912075087644974e-7,6.831709506943507e-7
1.2705361958644753e-6,1.2971706464671068e-9
1.0673915155576696e-7,4.529066410350668e-7
5.041246425431882e-6,2.0709548152457085e-7
1.3234356002676681e-8,6.531230543006127e-7
8.53073549889674e-9,2.3796034342428322e-7
6.291710891197464e-7,2.1562088430108996e-7
1.930474212946812e-7,7.585660687064551e-7
8.720476121355764e-8,3.9475928178594277e-7
5.530293406352864e-7,1.9860882459143482e-7
2.996604384412495e-8,1.4620209239382735e-7
1.4498485014595766e-7,1.387622491146703e-7
2.910115835043659e-7,9.451062013957017e-8
2.1921944568867032e-7,1.1424121210862906e-7
6.752861966079089e-8,2.3098049448307016e-8
7.705468736516841e-8,1.2151429988929561e-7
3.4274991273070003e-8,1.1058481024560577e-7
6.941347602257954e-8,1.2337708144713957e-7
1.5317104306668573e-7,2.783850024147198e-7
1.0556095176083033e-7,1.5544796642684043e-7
3.1706702471182544e-7,6.758939880013833e-8
4.740487211546411e-8,2.9184954875700362e-8
1.347328866207123e-7,5.69831862914686e-8
7.885499504283282e-8,1.841105118251584e-7
1.9011059953738883e-7,1.4770778133138558e-8
4.330768937258149e-6,3.7160689664337034e-8
3.741724549144935e-6,2.0281162186333985e-10
5.5001460785090225e-6,1.7452428692364013e-9
1.3470896304236318e-7,6.787448381443628e-10
5.4228211913193574e-9,8.514619318455954e-8
2.0039476839056482e-8,7.685813519146919e-8
2.8718778837745645e-7,2.998659507668911e-7
3.499133692134819e-7,9.54505838745223e-7
5.020108434415727e-7,4.178205316505537e-7
3.106335562901506e-7,3.833272849516535e-7
2.2882368270790768e-7,2.468939961580858e-7
6.668551881173677e-7,6.66259175736266e-7
2.158051372221904e-6,4.149574840369975e-8
3.994940162672281e-8,4.247479996302368e-7
7.030131532557607e-8,1.0260087736363459e-7
7.183840828944602e-7,1.4104075771749194e-8
2.0380943121943704e-7,1.540403558045607e-7
5.915316164339542e-7,9.175054924140135e-10
5.085813633772248e-7,4.4094004096029043e-7
3.9235999500947055e-7,9.204564325543655e-7
1.6171451965217425e-7,5.407170733616981e-7
1.2562871729817095e-7,1.2713759171590228e-7
2.998266814944038e-7,1.5191124276323579e-7
1.969964663608375e-7,1.925452524079262e-7
2.2224279866063392e-7,1.0173960168395146e-9
1.2450897931635018e-7,1.3700694735898105e-9
1.0606423546427903e-7,8.32052069808273e-8
1.4116869927714122e-7,4.5818693686157203e-10
1.511306107476381e-7,3.3188226100558417e-10
2.793213999027295e-7,1.392832228087523e-7
1.669204997243019e-7,1.7251563975063437e-7
1.7179665903537243e-7,9.714600467429289e-11
1.8154971492720232e-7,8.262995823664173e-8
7.125079892336011e-7,0.022792326430555777
4.999071555596191e-7,0.022792994515200744
1.1892234699614895e-7,0.02279231189408789
6.488555477725937e-6,0.02279839001049869
2.367268713731174e-7,0.022798405065330225
7.79623338644307e-6,0.022798490463463435
6.009787895039165e-8,0.022798322215327575
4.3371311331721114e-7,0.02279833055885398
1.66341858349054e-8,0.022798489343322233
2.7928116508450714e-7,0.02285833213498937
2.0122031010246974e-7,0.022864333605413817
3.8019507897119857e-7,0.022834423702194205
4.256126503120436e-7,0.0228584993665221
1.5443461213460255e-7,0.02286435230780694
2.7912820902286655e-7,0.022834421143130418
5.924726746020175e-8,0.02285814614676459
8.262204239258314e-7,0.022864357613799433
5.61805038982886e-7,0.022834427846741216
3.299851406762945e-7,0.02286104636773062
4.6057163598214106e-7,0.022867045437195452
7.996873651558784e-7,0.02283655888314561
6.201391376144635e-8,0.02286102806812163
3.4714922171684114e-9,0.02286699443246917
1.2054189338201993e-6,0.022837275939007234
1.0664642570532268e-6,0.022861067260944633
2.4242464349977618e-8,0.022867020802209235
2.0478092482560217e-7,0.02283712866956725
6.80469431412483e-8,0.022861066340082503
9.105722330967124e-9,0.02286704381068759
6.601644488127289e-8,0.022837032892439536
7.499471747879966e-8,0.022861030833024935
6.967052665407931e-8,0.022867039295571802
3.223723581535272e-7,0.02283707046472902
2.892463837516663e-7,0.02286107461452669
3.4131035264596454e-8,0.022867043375580747
1.5016023580411894e-8,0.02283719038986417
4.679299869267626e-7,0.02285977814186986
2.651249570952256e-7,0.02282954248360903
5.241037929771073e-7,0.022860340615355447
1.2700266641154908e-7,0.022830695942742674
8.027481631014386e-7,0.022854166370066775
2.163412733647017e-6,0.02286035437310756
4.362889307156518e-7,0.02282956406219725
2.4959131835471767e-7,0.022858012904406817
3.3909026129522376e-9,0.022863984914909326
1.6509419483339267e-7,0.02283387258503594
9.396339845507726e-8,0.0228580136521796
7.218566910965265e-7,0.022863991795831436
1.6219537226856747e-7,0.022833805944473012
3.0021663088455344e-8,0.02285799671514169
1.9016366178243413e-8,0.022863979810519533
9.725003619645558e-8,0.022834264674195033
1.3750035418392793e-7,0.022858040915808373
9.983104614048131e-8,0.022864017763906754
3.512583784892352e-8,0.022834129455889817
6.359043543785389e-7,0.02285804714355865
4.180157828825013e-9,0.022864017950776517
1.8864391764835594e-7,0.022834051128494764
4.1673931920437856e-8,0.022858023384473444
7.339970105031612e-7,0.022864023121519306
4.2834417278938645e-7,0.022834094389328315
9.64876257337236e-8,0.022849347439983063
3.0672071853165415e-7,0.022855200343524736
3.473091125478329e-7,0.022825714473058978
2.8754477975577236e-7,0.022849708380479384
2.3092373651497619e-7,0.02285548533632655
3.558955162563787e-7,0.02282536047280415
1.4302388214538893e-8,0.022849530205269083
1.1782194174456525e-7,0.022855275996082672
5.689519959940495e-8,0.022825587605547926
4.0112834151145036e-7,0.022852357024155303
4.206880805549293e-7,0.022858356204720386
5.251180987164117e-6,0.022828621302308085
5.013105683266756e-7,0.02285236999047673
1.3111666709267335e-7,0.022858353240836734
4.2524406004555725e-6,0.02282801866758809
9.442820132275926e-8,0.022852383230718105
1.2832312610860416e-8,0.022858323137245437
2.810526812708677e-8,0.022828389008281897
1.3062485640318443e-9,0.022852410712023614
7.293526473147074e-8,0.02285835586202763
3.310557322327005e-8,0.022828384552648285
1.3444624867525703e-7,0.02285243815247255
7.459942660369484e-8,0.022858348742197374
2.5173176366202915e-8,0.022828182752311174
3.0211984266113374e-8,0.022852391993705243
4.443672220636779e-9,0.022858362800238896
1.3534774250502724e-7,0.022828617767542827
3.053279521914809e-7,0.022845164705504604
2.87859589386155e-7,0.022851236466005648
8.279755668758736e-7,0.02282111025114327
5.874341288396443e-7,0.022845173320996556
3.5511660052600854e-7,0.02285118991124697
7.381839945353194e-7,0.022820835832254315
1.2943744088653052e-7,0.022845289677930786
8.65381370144767e-8,0.02285126711536866
2.2379036855427854e-6,0.02282155302000064
8.149310865848203e-7,0.022849185531710423
2.4593942697588127e-9,0.022855133829715636
1.141004940401083e-8,0.022825679150943988
4.4664559432096413e-7,0.022849192533803582
1.3075324701294512e-8,0.0228551322653158
8.491332526711368e-8,0.022825341908637605
3.84579856235134e-8,0.022849210156825957
1.6347066071384554e-8,0.022855130613134322
8.327748573300092e-8,0.02282542277688764
5.409613744029412e-10,0.02284922564987262
5.304289146978522e-8,0.022855168733420448
3.6330403207113456e-7,0.022825242648802632
8.84589291938518e-8,0.022849210861315913
3.747198646691677e-7,0.022855153827832153
2.400032865440848e-7,0.022825669138191066
4.95526702589174e-9,0.02284921035161914
3.3953595492581704e-7,0.022855159077258477
1.0684273392318465e-7,0.02282540918480449
7.1295396368983e-6,0.018264824205654312
1.1151750751926266e-6,0.018275816065440417
3.849953451405336e-7,0.018257989494033913
0.000014885647027705191,0.018275162074807755
8.741500255450755e-7,0.018266372362835365
9.382253574103552e-7,0.018248394652330073
4.0835214245977585e-6,0.018255881883783243
1.380361209302906e-6,0.01826502199213468
2.691803681893834e-9,0.01824932858099231
5.0520109202851315e-6,0.01826059816455333
9.63563136155141e-7,0.018284250673680034
9.736322726072083e-7,0.018251191967519568
5.116352807103956e-6,0.01826351428657038
1.7066109834160478e-6,0.018266539126330274
1.8424340765466654e-7,0.018274016441388513
4.572394123978013e-6,0.018263932907330825
3.9334604089670655e-7,0.018256389842283
0.00009521497008792561,0.018277892776030594
0.000016275556864258684,0.018269546287297794
4.064105028845402e-6,0.01827909528929711
4.80228606988624e-8,0.01827840462940751
1.4565673121048858e-8,0.018280856031677555
2.547422166487579e-6,0.018271976727665236
7.281803471579627e-8,0.0182568811395877
5.519796921362847e-7,0.018283955157574035
6.145604896311986e-7,0.018274244009627006
2.1618468608316136e-8,0.01825877093783637
6.465513869382914e-6,0.018330348840428168
7.616941150262269e-6,0.01833739292668429
3.815794774758882e-6,0.01831914086335895
1.905922740432223e-6,0.018331759871361358
1.7100469875322723e-6,0.018334275415268244
1.7843201841973603e-6,0.01831329135213202
9.873065027931101e-7,0.018329378764026242
2.6699823974665926e-6,0.0183480775230917
1.3747227060568166e-7,0.018329750919616014
1.334021734528383e-9,0.01834545119032126
2.4140356383971483e-6,0.01833172530561924
6.28343373852421e-7,0.018341078509800903
4.716888106387086e-6,0.01832512127991137
0.000015907197259001317,0.018315994479907984
0.000023469099643177656,0.01828354697244801
3.978415162593897e-6,0.018335033480865074
8.723974573728265e-9,0.018334916735113962
3.889906775421637e-7,0.018323065825795702
2.0247779567056425e-9,0.018339074828164107
7.965451176527092e-7,0.018347569144180367
5.94987204855686e-10,0.018312730814718077
1.9846863363551486e-8,0.0183459186140976
9.196326813986577e-6,0.018324148480109232
5.865392853036984e-10,0.01833526605099988
7.613941238413203e-8,0.018343624307314104
0.000013255673159295139,0.018319207011678513
4.896599288784116e-6,0.018312158653795436
6.637400878055927e-6,0.018331214416566113
3.369321682519304e-7,0.018335317534605666
4.214120995749707e-6,0.018314908373431756
3.9095565069303044e-7,0.018332256855610872
2.7212595059265686e-6,0.018335999528652704
1.433431639326139e-6,0.0183192594396549
8.600359788031822e-7,0.018331786375587144
3.43817887959133e-6,0.018335014288128223
5.242464703194229e-8,0.018317072775822337
1.5180668046354155e-6,0.0183328797590227
2.4202927422316064e-7,0.018337181061567377
7.456141136293091e-7,0.018318111810739654
4.950601325759442e-7,0.018333912468657815
2.7929210473118214e-6,0.01833688153010954
1.4224791229396346e-7,0.0183180489053103
2.1545139507305543e-6,0.018332930983097517
1.8007391859371538e-6,0.018334903026770783
1.3722076850385965e-6,0.01831765294365479
1.5328111198723503e-6,0.01833360933625052
3.9509483937621313e-7,0.01834018639759041
5.728449428990598e-6,0.01831201844175002
1.3560740440100553e-7,0.018360915342102498
5.219927392742851e-6,0.018329764053687296
1.7632681690109172e-6,0.01831324596111989
2.3215570938630068e-6,0.018334238693529605
9.140735918192204e-7,0.01835189883151133
5.180862255293827e-7,0.018313936444628646
6.664406621003486e-7,0.018333874324108407
9.323958564119549e-7,0.018333949285832846
5.157420290285468e-7,0.018318785622402016
1.27151234840239e-6,0.018329216384836554
8.712817213729547e-7,0.01833356435066804
5.112745916576194e-7,0.018316682603707207
3.4022554124674924e-6,0.01833543843083753
3.597231287764222e-7,0.01834627419893535
4.571157864577917e-6,0.018327773562382237
0.000013361940253921146,0.018317480312315167
2.731913158503065e-7,0.018321903504581852
1.420135535618733e-6,0.01833077641114258
4.013318617070143e-6,0.01833000733423198
3.4786267424549374e-6,0.018312584116584544
8.038052458669558e-10,0.01834010399263179
6.376408680245396e-6,0.018297506177135603
4.445778164225078e-6,0.018327427666798318
2.261003117599652e-6,0.018334333539502087
1.53894564385593e-6,0.018308384647409533
7.304354925706959e-7,0.018354491877551393
5.709475878370074e-6,0.01832980403898835
8.212675280438267e-9,0.018330157909007584
6.396389176711882e-7,0.01832955892425942
8.099942596806439e-10,0.01834070252398566
1.8365450664725227e-6,0.018329085325670992
2.9858347800868286e-7,0.018330924691692133
8.246748186411411e-7,0.01831360931703654
5.037992547957851e-6,0.01832927759842944
1.119541892205772e-6,0.018333963326908186
8.257213247187404e-6,0.018314307271985544
3.333136992132775e-9,0.018329257265636587
8.538060844967232e-8,0.018331511896437468
6.661272440762977e-8,0.01831217695312133
2.6901177053523473e-7,0.018330462044989882
1.2086245165463853e-6,0.01833434502295195
2.6397207030871636e-6,0.01831471232704169
1.122743482259799e-6,0.01833059823204418
2.426230758493627e-6,0.01833481415569282
2.4100959423546513e-6,0.018315078194067507
5.180844348035402e-7,0.018332850428509854
1.0534970273868648e-6,0.01833716681657924
5.994997209551127e-7,0.018318453257210324
2.2207776394356773e-7,0.018339743744129867
8.70066435971375e-6,0.01832775768926017
8.31185353454416e-6,0.018307122821146056
3.4860058037768764e-9,0.018355353880288493
2.9075270050450784e-7,0.018356675331259373
5.782007549448883e-7,0.018313715731489794
0.0000147076838058747,0.018315993275770468
1.1488075475329653e-6,0.018330067218693583
2.4874182416869747e-6,0.01831712946249295
2.0578220721853621e-7,1.4761304139740126e-7
1.9489677606756012e-7,1.3367413998557436e-7
8.631102460484697e-7,8.223917452577076e-10
1.260778059949813e-6,7.028865911131206e-11
6.382803893414941e-7,4.507404078062646e-9
3.205322465256958e-7,2.1645384329589955e-7
2.7599662273893546e-7,2.0541614224887935e-7
5.888106461928475e-9,1.8161677076319012e-7
3.3020979518352074e-7,1.2051664202657484e-9
2.533109444789444e-6,9.661559022472773e-8
9.642337428354703e-8,2.149837803259999e-9
1.149283285436151e-7,4.528028022593253e-10
3.387642236871616e-7,6.154195918452246e-7
1.0487158824091299e-8,2.411674067095436e-8
9.818732717041039e-8,3.733222650314909e-12
1.3784328809711004e-7,3.1313772817808192e-9
1.998841223279636e-9,2.720518957879998e-8
2.3929244178190844e-8,2.2218772696141481e-10
1.4915308206504267e-7,2.1085993234434824e-9
3.301392398396406e-9,7.719758622701693e-10
6.339444000505677e-7,5.508738239773117e-7
3.4414428742191743e-9,5.098116979104405e-7
2.141416688672646e-7,5.414014868116636e-10
1.011470175227654e-6,8.229549699784334e-10
4.297052554860927e-7,7.56837467894041e-8
4.3363411674207487e-7,1.1450348862754576e-9
4.5494663286455895e-7,1.2619455533012902e-9
1.0646216748639927e-7,4.270571149252375e-7
1.0234203468507564e-7,2.9702255629887087e-7
8.224734258040403e-8,1.1934217557577711e-7
1.4272825875692123e-7,1.3038081485869095e-7
8.231004238269022e-8,3.8414814540016785e-7
1.741660034907503e-7,3.5623587989633795e-8
6.589203455134683e-8,2.87959327537239e-8
2.68911088673223e-7,2.6662853929742328e-9
2.229685533491945e-7,5.078788904247827e-10
1.2853099019250895e-7,3.729813904756862e-8
1.563399057350587e-7,2.6681825961414586e-8
6.64546132691856e-8,1.529676326493167e-7
1.8971476218489333e-7,8.547858737669935e-11
2.2757357572745875e-7,2.0867452768023824e-8
9.311821335128621e-7,4.1225088311385857e-7
6.925520842875624e-8,3.2553710551916356e-7
3.5820078812392454e-8,3.381359463220435e-7
6.412986894892873e-10,4.384586347794237e-9
2.7941328588222896e-7,4.0460803638412845e-10
4.819461232750394e-7,6.500837755770529e-7
2.674340791083704e-7,4.128107937477241e-7
5.067570383035246e-7,3.8654516711749447e-10
7.665453071287852e-8,9.661958721322366e-8
3.947633250357171e-8,2.8927047072242154e-7
5.698555859941034e-7,1.9332258700660106e-9
8.02485048733634e-8,2.2586151252807355e-7
1.2039073788706066e-7,1.59586640661347e-7
5.93630981283476e-7,1.053826190807154e-8
7.631033949944981e-6,1.8102113843626238e-10
8.174575133760803e-8,3.865881112947878e-6
1.2835592576219032e-7,8.253689897004618e-10
2.5012580295097177e-7,6.203802389792635e-10
1.507613069236413e-7,8.296699935700532e-10
5.995522838858698e-9,1.4717566183495787e-7
6.155340956817469e-8,3.997075020025461e-10
1.7481427343158608e-7,7.879005516184765e-10
4.185989056228294e-8,1.1925761982129877e-11
2.2193991554830927e-8,7.575569544794664e-8
1.3451859440374426e-6,6.914429706360379e-11
1.5881687060970036e-6,3.7610531410102856e-10
1.4545803965163994e-6,1.7343972537597625e-7
4.7146832018765853e-7,2.6721638543917387e-7
2.146390596981028e-6,5.0926710085149466e-8
4.815556003206301e-10,2.820387043215876e-7
2.550241594806467e-6,1.5541438306735728e-8
7.197693039305898e-7,8.588150662247604e-8
1.4791568094092185e-7,4.861739401382145e-7
1.1014178851191103e-6,3.6201746696602803e-10
5.5031825883602774e-8,6.695737828242319e-7
4.349325955242277e-9,6.55503680251328e-7
8.918045821522144e-7,7.056923319607755e-9
1.1791584805561654e-7,2.508655074854267e-7
7.013028011415657e-8,3.9652563485845546e-7
8.991403683111138e-9,2.63015967986965e-7
5.592066447533569e-8,3.039746969346972e-7
8.794099458685467e-8,1.525070462425224e-7
3.8922461425554645e-7,1.2772994628130653e-9
6.074108901729307e-8,9.088338678848596e-8
1.0668205513356396e-7,7.212147992069303e-10
9.107189577188132e-8,1.4770556235132662e-7
1.8591394349072776e-7,8.538156957401749e-10
8.266859099843061e-10,2.807810882661476e-7
1.6124620591277761e-6,8.975163293686052e-8
8.412981470088694e-8,5.1247968345016914e-8
5.620722761038826e-8,2.632849878288483e-7
2.2003431764581682e-8,1.0419740063689747e-7
5.381649248549762e-7,0.024569086657725673
4.726657331885383e-7,0.024566865354227505
1.403522231139962e-8,0.024569579682281666
6.892820480546644e-8,0.024566186253040304
3.147649110928185e-7,0.02456888675514554
0.000012843714675296926,0.024566803460724148
5.175957306918461e-7,0.024576221830872467
1.8770852223963531e-6,0.024576451377586274
4.50617084684303e-8,0.024574054814511716
8.269486316789434e-8,0.02457621519926696
4.7417667978446156e-8,0.024576469398484853
4.509572309638663e-7,0.02457404778005612
0.000013681261256238065,0.024576168640890895
7.162809998111323e-8,0.02457640670442413
1.1900677655817737e-6,0.024574004120316788
0.000011622567973979035,0.02457625893097719
5.571833787838385e-6,0.02457653091958916
1.733670851220886e-8,0.02457409158625221
3.443779435866863e-7,0.0245762636540958
1.0596269595662088e-7,0.02457651747817943
1.2592735121823262e-8,0.02457406287900805
4.7520044735373035e-9,0.024576254081776393
2.7822354176057096e-9,0.02457650657539975
1.065946403474709e-7,0.02457407964336678
1.0263345783237047e-7,0.024596911735348292
2.6210732639579885e-7,0.02459713593676484
2.1197746360090318e-7,0.024594660053537748
1.3820427860822825e-7,0.024596825477277616
4.962957567852677e-7,0.024596840601348407
6.004322903731471e-7,0.02459700281905141
5.242453499459004e-7,0.024597020437836736
4.386708448482197e-7,0.024594655806936296
4.682084048195061e-7,0.024600086245381313
5.379350142550432e-7,0.02460038497090522
1.296669959780853e-6,0.02459783827898615
5.7269651061740225e-8,0.02460009242397594
7.88225266843772e-7,0.02460029014373215
3.056804802026095e-8,0.02459781580813274
0.000011226347787753836,0.02460008173629347
0.000014633159358222419,0.024600351872247732
7.090737181873597e-8,0.024597873716844406
5.23284334460444e-9,0.02460010826144963
1.0180191725027444e-8,0.02460038815438004
2.3443704442841828e-8,0.02459788070716851
7.398207104191839e-8,0.024600106137189118
2.8067456740573144e-8,0.0246003766036204
3.3192422906312666e-8,0.024597900868362284
2.2888313975285935e-8,0.024600109647047348
2.40937164912786e-9,0.024600387563751547
4.238820446525424e-6,0.024597894316870834
1.3149702052727236e-8,0.024592337225217257
9.6465209932373e-9,0.024592505250425375
5.11756134458057e-8,0.024589921317137886
2.087617350378719e-8,0.024592075820785854
7.403277179140371e-7,0.024592532666599054
2.2797857011503545e-8,0.02458997719940457
3.723438720628067e-8,0.024592316263735044
1.0844087588574395e-6,0.02459237357716197
2.232865133672013e-6,0.024590374968983187
1.461241956097071e-8,0.024596687471810215
2.2297325486730866e-6,0.024596883418208218
3.3344701410670834e-7,0.024594496057094784
1.666854139158681e-7,0.024596649315308767
1.2206709348274204e-6,0.024596912867612317
1.412791151887276e-10,0.02459448347716905
3.591648768231204e-7,0.02459667988945412
2.064380837215593e-8,0.02459693919570246
2.5277310225999062e-8,0.02459445814590115
4.157961607789106e-8,0.024596716619216592
2.198034623470087e-8,0.02459699272337062
3.843787946695946e-8,0.024594500546141852
9.534557202189323e-8,0.024596715149227566
3.0808271035501755e-8,0.024596996245897607
1.6492048846600716e-7,0.02459453568630244
7.431237270453328e-8,0.024596712617133618
2.918022298537469e-8,0.02459697183479338
8.11847165527153e-8,0.02459450376257357
3.062811528791589e-7,0.024589526828898405
2.766041346820688e-7,0.024589843070545375
2.3412082871543233e-6,0.02458728721866156
1.3537702598203446e-8,0.024589383125878043
5.390355677998517e-10,0.02458992818757132
4.4922679659732793e-7,0.024589478943583338
4.6033501983218117e-7,0.024589798160566084
6.428833119136508e-7,0.024587388418118236
1.0476082176714434e-6,0.024592781991776953
1.0120728243303807e-7,0.024592790176315913
8.40426189919659e-7,0.02459302866763223
3.670042627153098e-8,0.024592765284960443
5.0355381828713285e-6,0.024593007346428095
5.814167456422335e-6,0.024590686940281936
1.0004245678637925e-7,0.024592807609259908
3.662734255831841e-8,0.02459070323310891
3.137978292570595e-9,0.024592804553298653
7.488462521080182e-8,0.02459305309173208
4.408563886738847e-8,0.024590690365656448
1.307147394492177e-7,0.024592786834580077
3.002041106331585e-7,0.02459303579961391
7.304924379917887e-6,0.024590698608425027
6.034299816998884e-7,0.024584873971660925
1.2789934337698546e-6,0.024584379677440375
2.0732605372552466e-6,0.024582364115090426
1.457763350522688e-9,0.024584595046605436
3.745086771119543e-6,0.02458496427686712
6.803660968221947e-9,0.02458237428258425
4.779155774390112e-7,0.024584734078887734
4.1895453412907703e-7,0.02458471927816637
6.774563105380729e-7,0.024582208547802263
8.457386327852503e-7,0.024589169296235235
2.6119018924794376e-8,0.024589369792903076
3.065630731583942e-8,0.024587060579958544
9.787150173733635e-8,0.024589176748960526
1.4765592850161951e-7,0.02458945310993665
1.697847999077588e-8,0.024587129091877647
2.6665499930791516e-7,0.024589190269079405
3.4929445755096073e-7,0.02458941633172844
8.518210659426009e-7,0.024587104559137082
9.530353121911546e-8,0.0245892358370975
5.940525729432088e-7,0.024589474220770884
4.725421576492535e-8,0.024587104057367734
1.3562179440930366e-8,0.02458923002944467
3.0200981014057925e-8,0.02458946436806646
1.5464301188630312e-7,0.024587130157367666
2.5259489700004503e-8,0.024589208772060164
7.107930222468979e-9,0.02458943932178128
4.3852551619519036e-7,0.024587134686671397
4.031910016222439e-7,0.019498656827056964
1.968114437048732e-7,0.019499708796616475
4.585901166855515e-6,0.019500563624352103
2.985047246790694e-6,0.019499128294460263
3.0732535697137937e-6,0.019500132827778655
3.4624910276486558e-6,0.01949932837553546
4.1367937839223275e-9,0.01949954861831627
6.507842426155687e-6,0.019498553378249697
6.722943852040499e-7,0.01949978411029892
2.881133494698264e-7,0.019502388304686757
4.7364754521202574e-7,0.019501829457781755
4.955950698403087e-7,0.019501719264989115
1.2433012133438396e-6,0.019501550409600082
1.3670455116862972e-7,0.01950169428772632
3.412815741075529e-7,0.019500779197511663
8.46841617873414e-7,0.01949949238136744
1.0980466141357923e-6,0.019498136108367793
5.025557538374387e-8,0.019503345893925755
3.4461553790819942e-6,0.019498583148557968
5.161602448933402e-6,0.01950141554960691
3.047995997950421e-6,0.019503612465344586
0.000019382468834090564,0.019479291155266674
5.74143791772796e-7,0.019508403852249508
9.539284860595005e-6,0.019490827234020677
2.25532278376619e-8,0.019506044067650632
4.266936767963889e-7,0.019501794559696427
9.891546827231556e-8,0.019516472582866866
3.085667972784742e-7,0.01950333980331396
0.000011538541118917322,0.019500819943822932
6.649426304347602e-6,0.019496353770246205
4.81300696300803e-10,0.01950419935548843
1.576927302539661e-6,0.019498031061031918
2.858146170353854e-9,0.01947901186631441
4.426870128089527e-10,0.019520200505072447
0.000013068504697172978,0.019487181379825837
1.1885345005489084e-6,0.019495292650771233
1.8541628478570924e-7,0.019497916564715684
2.178318372723097e-6,0.019498197378133752
2.599051165497641e-8,0.019498127657576296
2.5786380087447376e-6,0.01949715257399749
5.427477421201806e-6,0.019497281958551927
3.059140849732428e-7,0.0194975587399432
1.5323592029326372e-6,0.019497075439350826
8.435706839229642e-7,0.019497274896325308
1.6193201608549643e-6,0.01949810554569288
4.1913113450034263e-7,0.01950000547629338
6.523159960018276e-7,0.01949931991915891
5.573021586419657e-7,0.019499322065897228
1.6789293817022302e-7,0.019499279424727865
1.3748969901629547e-7,0.01949914996193284
8.520938164313053e-7,0.019498337041484428
9.287464857937982e-7,0.019498897184390997
2.8225576447205976e-6,0.01949704452245243
6.014287163309626e-6,0.019494528285211365
6.486782516116307e-6,0.019502339413886884
4.5978047452375055e-6,0.01950262184099302
9.984395384982884e-7,0.019511070414726935
8.024960477897786e-7,0.01951128827088726
9.052113500247789e-6,0.01949113632121623
1.8742898024556542e-7,0.01949836017660278
0.00001060009477140411,0.01948764242133676
4.8495123909108546e-8,3.99481832661229e-7
1.49296381030671e-7,6.495142339073866e-7
1.1038776515790173e-8,4.06362392581545e-7
2.0150234690071873e-7,2.390357424870453e-9
6.741559788682581e-8,2.6513439042089177e-7
6.193795252782405e-7,3.7688527617784405e-9
6.045385521994778e-7,4.328752690465182e-9
4.1363861931064066e-7,4.6366198246562216e-7
3.3023096949316623e-7,2.1083580582042413e-7
3.487115492778003e-8,5.0717338856242755e-8
2.885803237725345e-7,3.818978962840975e-10
1.0689624741964847e-7,2.1608549475541062e-7
2.7237070558209635e-7,3.5714433518229064e-9
4.8513828557990485e-6,1.644340866627565e-8
4.362176504928341e-8,3.3434607438391324e-8
1.6776811801666962e-8,9.903205061564413e-10
0.000011360793796278146,1.2191435786470756e-8
1.9673034955578865e-7,1.2237883123909862e-8
3.261935373408734e-6,7.149440154007492e-9
1.30186227802719e-9,5.466452517845191e-8
1.3927381028490875e-7,1.9053407708504692e-8
1.150642851162096e-6,4.900915997665738e-9
5.770247238183639e-7,1.506542918838541e-7
1.5747291462263765e-6,2.0156331901943607e-10
1.7737755627305853e-6,1.670207963856139e-9
2.1006988648221274e-6,1.698857043033534e-6
6.726273729355671e-7,3.3676238895392336e-7
5.181796102489663e-7,3.124732092309248e-7
1.6436508771960227e-6,3.1808136766294043e-7
9.304213825290056e-8,2.0415435079246236e-7
6.101991554769883e-7,0.024609896807050887
2.757103349875578e-7,0.024609754000843722
1.7699249137160596e-8,0.024615748414798876
8.76224451305762e-7,0.0246580516943672
7.892883715499658e-6,0.024658015908874828
9.450532835250949e-7,0.024605092781097758
4.8993506623947355e-8,0.024647060351384767
5.1925470772197594e-8,0.024658058985341208
1.326914814442644e-7,0.02466111186417748
8.455868600943095e-7,0.024661151995555103
2.1031305296801106e-6,0.02466118584607633
1.0825035556955559e-7,0.024661166124836185
1.238966672267111e-7,0.024661177515435468
3.162339570798804e-8,0.024650139509644866
4.1453747755282726e-8,0.02466120368925357
2.582684335554521e-7,0.024642582041135844
3.586168873204478e-7,0.024642386001225692
3.880273580041457e-7,0.024642701495659673
1.5405059978809167e-7,0.02464494327298093
9.469197176532253e-7,0.024645033397335724
2.6061506079204904e-6,0.024645055877341334
7.147832854284326e-8,0.024644999898318153
1.0510518916753284e-7,0.024645082796177983
7.992865698043406e-8,0.024644996612824512
0.000010415746445520489,0.018979925601399415
1.6443682539127807e-6,0.019067629869230968
1.0742305258693272e-6,0.01904877927536194
7.300372378613381e-6,0.0190781502465149
9.323145875104541e-7,0.019062889807447764
5.4437697519494786e-6,0.019064942976543098
0.000010629036064593048,0.019056278734605536
4.964365088612763e-7,0.019067122762180123
1.3202638086777686e-7,0.019070516917333444
1.7714097270044616e-7,3.1528289548699128e-9
1.1518689872976952e-7,2.4181090261264598e-8
2.346944263979985e-7,3.5465839667717344e-7
2.8732472220128696e-8,1.522218660053923e-7
3.788448463097732e-8,1.8691363692062987e-8
1.848665738322971e-7,1.1507417285792941e-10
5.743205842387257e-7,8.081912877464203e-11
5.594911648039017e-7,1.8456730047225224e-9
7.656720699150039e-8,4.831812337993266e-12
1.3039860343594934e-6,0
1.172510197653584e-6,1.9768873455322287e-7
4.4178260340141076e-7,3.070615843125632e-7
7.039461768786201e-7,1.8074973916052352e-7
6.139996074204616e-7,3.7226657106587626e-9
5.37008086094768e-7,1.8729794821051062e-7
2.813296442951723e-7,2.7759843461059884e-10
1.741360261039411e-7,1.2285702012276858e-6
1.0204962086625676e-6,7.048184072489572e-7
8.758984382706317e-8,1.0339274220769814e-7
1.5614031935464596e-8,9.871373459883195e-8
4.4591658857679314e-7,3.704377585239135e-9
9.419942220942664e-8,6.102606439953976e-11
1.8930297897902833e-7,7.676757008179886e-11
2.8216729894012614e-8,5.125074388308896e-8
6.827964838707848e-9,2.671298926687102e-8
1.6746322463436733e-10,1.1677551248302352e-7
2.8118620921124024e-8,2.9917571271552777e-8
6.89810856066887e-7,5.642888935355037e-9
1.5139858015206302e-6,4.2705607911992324e-10
4.920549432920231e-7,3.680622097279011e-7
4.092043056225717e-10,1.6741654752245849e-6
1.0391541262166153e-7,5.200490704183951e-7
5.180772493858081e-8,8.818469010594256e-7
1.5293439782678202e-6,6.424647372701717e-9
7.167708321602531e-8,1.1908117504805675e-6
9.273999412164556e-8,3.7864146056917666e-7
5.463212208301845e-7,4.2312602612272045e-7
5.526334862568084e-7,6.553219563832309e-7
3.185895401121546e-7,1.445305170268662e-7
1.9084391099175673e-7,4.178085086080639e-7
3.54801406003944e-7,7.459135030721196e-7
5.43068588929126e-7,5.563785846392975e-7
2.463947136990417e-7,2.769473899870069e-7
3.419093969594289e-7,7.804033000954917e-8
4.3006007982918855e-7,2.7783596639673105e-7
1.9080878013286172e-7,1.5599014795067205e-9
1.8612671433173291e-7,3.8300722599185464e-10
1.3113276493439667e-7,5.496992794130772e-8
3.103625172444785e-8,1.386522939360364e-7
3.380461658871037e-7,5.6516258689855936e-8
2.6855336215913316e-7,1.511943057408506e-7
3.911609775218072e-8,2.450889268697488e-7
1.8685802762420432e-7,3.411967398733556e-8
3.361656909550082e-8,1.6792293240006105e-7
3.7278992402138836e-7,3.665981894305212e-7
1.4410623482899653e-7,1.4231344049062183e-7
1.101356611100414e-6,1.2946366153254237e-9
1.8071828258525068e-6,2.5930151508278574e-10
6.798290828238704e-8,1.894901960136658e-7
1.0231576545954455e-7,7.152805516719232e-11
6.468582884978817e-8,1.4526766187315189e-7
7.300961753891453e-9,1.4642650958992328e-7
3.412189418973408e-9,9.866693630878423e-7
8.027385891928328e-7,3.545120376803609e-7
9.02634781854974e-7,3.348098762110317e-7
7.346066410357503e-7,1.9275802765234717e-7
9.85136503220494e-7,5.208462915731757e-7
8.560466824744204e-7,1.796535735591989e-7
7.606139626581485e-7,1.1234364085363807e-8
1.8202421139827334e-8,3.761212390477337e-6
4.738084647290707e-7,1.3965848789961532e-10
4.377122700705958e-6,1.7319104614491621e-6
1.9867590548417614e-8,7.19331940123891e-8
1.3883709510704473e-7,5.2265081384554414e-11
4.4651069424124974e-8,1.9760915549460433e-8
1.1880412819953281e-8,1.291901099016895e-8
1.1587689673143645e-8,1.6295429246753634e-7
9.085186751266232e-8,1.551782438806141e-8
2.525570171415452e-9,6.680205856234207e-9
1.1061124834023415e-8,6.745207199840019e-11
2.5253342122532825e-7,1.90280102443568e-9
4.767838253740413e-7,1.0647700109725903e-6
6.096186925226769e-7,7.832584925966676e-10
3.7184063123192565e-7,6.863352898798426e-7
2.0694300328736637e-7,7.212900897501544e-7
8.767864033080816e-9,1.3016164726030133e-6
1.2182291722256612e-6,3.922996553507378e-8
2.8118016157035366e-6,1.014547445499437e-7
2.798502361379188e-6,1.740991090842501e-10
4.7505495148874015e-7,2.7462322247888834e-7
4.40357898010169e-7,2.102299092340032e-7
4.959380239733573e-7,1.9950926464795714e-7
2.904631891126805e-7,6.124309804280895e-8
1.8724000191792228e-7,7.818796525581361e-7
1.0784794894536095e-7,5.510409803498891e-7
2.2999271627529258e-7,3.867169147398117e-7
3.582175195936349e-7,6.93380958790518e-7
4.446372185000626e-7,4.464151004612333e-7
4.4049248213598574e-8,5.169685189430662e-7
5.927471236605992e-8,1.0211145283106344e-7
9.989595331353628e-8,9.191083857189985e-8
1.0463811257470485e-7,1.3405376249461155e-7
1.2741646595960251e-7,1.4023815338054076e-7
3.508166774580683e-7,1.7259143013738873e-7
8.588339406183611e-8,6.687587125401006e-11
1.492019383125358e-10,2.290611912215475e-7
2.3643007672548967e-7,1.2505646175138127e-9
7.592861988189017e-8,0.022816110946420477
6.748092907097707e-8,0.02282243592975144
2.973251914360029e-7,0.02279264467686828
1.3808596937837086e-7,0.02281669662743276
1.2878958722337606e-6,0.022822055585189526
1.057966180714503e-8,0.022792657734462717
6.686341267721078e-7,0.02281648992944919
3.061621624855058e-8,0.022822041415725337
3.121188773718931e-7,0.022792190763630513
1.5205990821271343e-6,0.022828380858006005
0.000011598577436804794,0.022798739129047615
1.1452702919338502e-6,0.022828405669913475
3.3573055951390346e-6,0.022798856659942815
3.192347090087304e-7,0.022822460335629177
5.899432756007493e-8,0.022828410173086053
1.2743938199689024e-7,0.02279868933683518
2.050552976129831e-8,0.022828457311699454
2.593112273723304e-7,0.022798418990762067
1.1300273343299711e-7,0.022822541475851933
2.619944754012593e-8,0.022828458294708687
2.1200667440905983e-7,0.022798595420545794
1.0363561694665311e-7,0.022822506601544848
2.101901760992242e-8,0.022828438955676805
2.5414137708564624e-7,0.022798797408907914
2.8453035548848844e-7,0.022858767378733748
2.8784275706107045e-7,0.022864709445584164
1.981315602764286e-8,0.022834542784528702
9.367563161927181e-10,0.022858637749596004
2.7706799575998887e-9,0.02286455940086821
3.7780934901517347e-7,0.022834564161960013
8.168804397995372e-7,0.022858482043688816
2.995034066045166e-9,0.022864648324828443
3.862048441324727e-8,0.022834473764629815
1.7200903435402872e-6,0.0228611358250911
1.3149645486378572e-6,0.02286719484417225
2.6528419213812103e-6,0.022837594830323507
1.1484692799880624e-6,0.02286108540374213
7.575934228285734e-7,0.022867131063540533
2.548555004069077e-6,0.022837265521576448
5.438673717927959e-8,0.022861134775553356
1.4874795038988856e-6,0.022867131044768896
4.7168819933174956e-8,0.022837138821724952
5.714046676729196e-9,0.022861187473827833
3.3523871643739614e-7,0.02286714972472109
3.3956614247704555e-8,0.022837235343781848
7.631886568042138e-8,0.0228611823838034
1.4189006562740999e-8,0.022867150714142668
9.210840009896308e-8,0.022837181504567355
5.142511986361133e-8,0.022861179080228795
5.3262345303416716e-8,0.02286714716303706
6.767933630750723e-7,0.022837166211693707
5.830822713102084e-7,0.022854219898042583
7.686504415695816e-7,0.022860614400531592
1.0929249616524084e-7,0.022830381323106202
4.533588559415555e-9,0.022854542882611763
4.146527410705337e-7,0.022860465697450896
4.2447688419869585e-7,0.0228300436919373
2.449711519128848e-8,0.022854433799811013
1.906171386289465e-9,0.02286040224501317
6.593547328393279e-7,0.02283087185669247
2.1324012030420787e-7,0.022858207798478615
5.993025043469584e-7,0.022864135953767427
2.1686974861450693e-6,0.022834326121865152
1.7457268929902633e-6,0.022858162345370775
1.4933922964518676e-7,0.022864119549748815
2.6630487328405884e-7,0.022833967870168177
7.375534604658752e-7,0.022858145005727516
3.865904052301631e-7,0.022864139749181688
6.793859909797822e-7,0.022834491030355578
1.9069141206417723e-8,0.02285819090917631
1.4079113294578442e-7,0.022864174261431645
2.1364153227168192e-7,0.022834179507546504
4.977154824748102e-7,0.02285822320749401
2.698088565594658e-7,0.02286417210035904
2.6800233427017823e-8,0.022834186845153124
4.551883879534237e-7,0.022858190738276024
6.462937134730746e-7,0.022864180146314302
6.951716213615168e-8,0.022834181471179788
1.716777573251996e-7,0.022849532157065054
2.2088024137318716e-7,0.022855815668952898
3.7401753805992278e-6,0.022825806871468905
1.44659156673554e-7,0.022849496154603296
2.973604041090422e-7,0.02285534185329812
7.628132238525222e-6,0.022825772291134586
1.2138015535115418e-6,0.022849496784129272
2.1198874035732144e-8,0.022855615180566946
1.1552566500862308e-6,0.02282579054545137
9.735954157021178e-7,0.022852467508601048
1.2146143998095598e-6,0.022858452937097172
8.77783585538952e-7,0.02282815313170001
6.385424904223509e-7,0.022852328293993956
1.020046501747658e-6,0.02285844728682881
2.874097931850118e-7,0.02282852779134051
1.7200984884314353e-8,0.022852524012646893
3.835480867317196e-9,0.022858448451154204
2.4381398394983105e-9,0.022828723420121003
1.6262083787098762e-8,0.022852523672595142
2.9699380839191277e-8,0.02285848196018311
9.868706609870733e-8,0.02282867055290035
1.0459215801102756e-9,0.02285251294320755
2.245469519954277e-7,0.022858473284023233
6.719952864599923e-8,0.022828692017361082
6.889606767215303e-8,0.022852534990637004
6.008914457151476e-9,0.022858471393129867
1.5881272802591308e-6,0.02282848946607644
6.446598265218022e-9,0.022845547512027962
4.8909058556300075e-9,0.022851479280847898
5.405331418041254e-7,0.022821093845840166
7.801031757381311e-7,0.022845251962060317
1.3266325932484315e-6,0.02285142408860078
8.13560150877893e-7,0.022821492414339138
6.905939975352693e-8,0.022845505237361965
1.5959811836654767e-8,0.022851474413340865
9.293803965886741e-8,0.02282190328197103
1.4929814195752804e-8,0.022849401765167688
7.447589613688627e-7,0.022855290710527457
6.37547919343054e-7,0.02282552308342028
6.853570336810898e-7,0.022849371984265576
4.454719764281084e-7,0.022855291482381326
5.1199155742490236e-8,0.022825506697413192
1.3965829560676279e-6,0.022849327941586603
5.891224851488126e-7,0.022855296328207087
2.697787604224465e-8,0.02282549216781661
1.667488394425488e-8,0.022849365952510834
1.0708881463014533e-7,0.022855312801178414
3.8926335051755784e-7,0.02282548592281379
6.501312735600402e-8,0.02284935321914752
5.476321699633178e-7,0.02285533777764885
8.879500954344658e-7,0.022825228474525203
3.844681308905008e-8,0.02284937488118964
1.8574248008960237e-7,0.02285530846887737
3.1172218486769903e-9,0.022825469516936776
2.3353880211985096e-6,0.018268052208194836
0.0000169823039473997,0.018266542281831874
3.2442484233106995e-7,0.018253928752639714
1.0114413963439284e-7,0.01826801072959405
3.742565033807762e-6,0.0182644153793038
3.27308989443663e-6,0.018251837077576855
0.00001018579958821108,0.01825491786955942
6.5854392643381e-9,0.018287670334768483
7.042059391042805e-8,0.018262119771356063
1.0112662289087449e-6,0.018282972658420753
1.5996680708034956e-6,0.018275240079048728
6.732728971178892e-7,0.01825572541980239
8.018619455493327e-7,0.01828389190706602
6.700855569865387e-6,0.01826588255730823
4.476372244814621e-7,0.01825491558510934
0.000028194077835341482,0.01827412112612062
3.841493829940207e-7,0.018248739512481585
0.00003022188973240463,0.01825825995104311
3.8858907644545245e-7,0.018253212012466248
3.889245496820901e-7,0.01829071848877095
6.9964252673564254e-6,0.01824589609210738
7.02980295841265e-6,0.01825538235316149
0.00001012029827858924,0.018261150488681863
3.493831450826524e-6,0.01825342852080209
7.64051117875927e-6,0.018262884896041935
1.0743361193772827e-6,0.0182743629107155
5.879650990172429e-6,0.018243791968542065
2.3128011579265556e-7,0.018332510807933224
2.8070105358828537e-7,0.018336725461922134
7.153652457505435e-6,0.01831362228867353
6.609210313699314e-7,0.018328902792141194
1.090838406299302e-6,0.01833565450163856
8.094149210018627e-7,0.01831686368893496
8.240292808435099e-6,0.018327903826498074
6.257189706741547e-6,0.01832728253692714
3.8141778397555754e-6,0.01833807269509405
5.4673519554006574e-6,0.018325595934849385
2.710823076251461e-6,0.01833498628391559
1.4609780139172997e-6,0.01832150479856679
8.442612630402451e-7,0.01835631502052509
9.239199208793916e-7,0.01834253335744559
5.181859184797285e-7,0.018322742511427213
6.7642708449370695e-6,0.018354582944270025
7.263309610434447e-6,0.018340390766827537
1.6645167207059933e-6,0.018315934126471575
4.177405060513016e-7,0.018358008942590612
2.09071823540346e-8,0.018359054719554804
4.336704678477679e-9,0.01834857282329389
8.589257394203571e-7,0.018317523240687673
1.1114673902786803e-6,0.018333050045592412
0.000011103036846369528,0.018323901667744943
9.358428176289262e-6,0.018307618380434747
1.1287258844509612e-6,0.01833235352567487
7.140730192911142e-6,0.018336247615424826
9.090365254133461e-7,0.01831596125082356
3.832831671189166e-7,0.018330364270534236
2.4126113582945296e-7,0.01833461464235821
4.3485983793780675e-8,0.018316724965257346
6.259998442986169e-7,0.018331576386253913
7.716267702316947e-6,0.018314654375927254
1.0578545124669913e-6,0.018333078511205345
1.4719098343277346e-6,0.01833728327319338
1.8042209047970028e-6,0.01831713505410817
3.4390797189323077e-7,0.01833301551106721
6.460382925571085e-7,0.018336864708885264
1.648396484978489e-6,0.018318873944108537
4.411532995178625e-7,0.018334073733831543
3.39796587128081e-7,0.018339630141848893
1.7011661891579466e-7,0.01831879653358347
6.370636542810613e-6,0.018322796037973654
2.707341877447489e-9,0.01834684764626853
0.000020105247517570636,0.018293821588174303
8.293665856220694e-9,0.018335852193283313
6.379001831395216e-6,0.018328209670761212
1.297968714714083e-6,0.018332563062948223
2.3889704625720053e-6,0.018331241852882832
6.533661764106417e-7,0.01833399352013864
1.3799628720843797e-7,0.018320300290674187
5.158659985548693e-6,0.018330221451443092
3.89750068080591e-6,0.018333944102962314
2.8385669582050036e-6,0.018316269713285305
9.41085278186342e-8,0.01833207261003396
4.0915007033278785e-8,0.018335891085029355
1.5865881625358037e-7,0.01831899917186462
1.285942472566623e-7,0.01832940841804959
6.751648232002722e-6,0.018323941476491537
7.051482168785831e-6,0.018306125084449724
5.954956333124174e-6,0.018326242579794313
1.1421127675588805e-6,0.01834190292004162
4.166508637537015e-7,0.01831926970123737
1.592897486945631e-6,0.018333088593299806
3.7406717702260603e-7,0.018340680014966665
7.767030905308938e-6,0.018306608233357946
0.00003998120082163476,0.01835696182652019
0.000018092308705047777,0.0183327932607667
0.0000182369161109229,0.01831855545574683
4.713792659341418e-6,0.018324058303889102
0.000022856719448484992,0.018304602380058137
8.217705279693851e-7,0.01831868607984824
2.325260321695102e-6,0.01833268899062173
3.2964534220554364e-7,0.018354527991432116
0.000015393200636100077,0.01829204263274327
0.000013567564527514136,0.018316586167060733
5.56444243241316e-6,0.018326521732779464
1.215150123194414e-6,0.018329304071538422
7.93398812177659e-7,0.0183133586787869
3.6115378572041724e-7,0.018328347939659685
9.368637298008622e-6,0.018310585734370968
6.393336431863402e-6,0.018328618592927913
3.650561137433659e-7,0.018314053247767373
4.279342851329298e-7,0.018315138937246737
3.2366221357023524e-7,0.018332703373164914
0.000014527671452417589,0.018314654596965275
1.6776717746660512e-6,0.018320643154913357
0.00001952423885478377,0.01831515874191497
1.849285853512651e-6,0.018321804959987024
7.718186572691347e-9,0.018332805943447286
6.177654134434331e-9,0.018321397539879627
2.110015193825518e-6,4.502065399015496e-9
2.599275810498523e-7,8.687291482206294e-10
2.10316950657599e-8,9.396733602990331e-7
7.08000924364025e-9,9.989418431915275e-8
0.000011110089054485437,2.4618681466451975e-9
1.4563716926834163e-7,1.0882945534951476e-6
1.3499404478173252e-6,3.3090313680456088e-6
3.1573969676037873e-6,6.255024108514642e-6
2.5867797909419084e-6,5.0055186528882564e-6
1.1113750013457619e-8,1.8451476163071412e-8
2.998108000290139e-8,3.616129726594631e-11
1.804114175923595e-6,7.86484205186449e-9
2.6737179770053115e-6,6.24564707245282e-9
5.619418314850162e-7,2.3088797267799334e-7
1.1628962533969474e-6,6.099918809095073e-10
1.2178088279971858e-7,1.3077706544856269e-7
4.500953345279507e-8,1.003308646499598e-8
3.3727844371936094e-9,1.6587444597820159e-6
1.8922249590454722e-7,5.498629736528826e-10
4.964511730737902e-10,4.0662896235302033e-7
1.8366955079672095e-7,2.717975868993485e-7
5.472003841151722e-8,1.3876052248921422e-7
1.2101697044862007e-7,2.524849996333977e-7
3.295053601372705e-7,3.1488497467227434e-7
2.388731180567014e-7,3.558058502567751e-7
9.98840519745839e-7,3.4177092385784284e-8
4.435313931415098e-6,1.8366673031063218e-10
3.131961607790694e-6,6.0216136819219285e-6
2.4523479303599435e-6,2.7089211497368915e-6
9.195713721029036e-8,4.375364209941541e-12
1.5146884385613401e-9,2.1841373734597983e-7
1.1245554543625262e-7,4.642939089299205e-10
6.852991534150442e-8,8.778578232915658e-11
2.180616797390284e-8,1.4024107454722124e-7
3.9221285840526595e-8,6.092061180457214e-10
4.5413510188882565e-8,7.334943564208957e-8
2.4291957828302204e-7,1.0753685242455052e-10
5.048090570535265e-8,7.837675498896471e-9
3.852465655901925e-6,1.2942367811772703e-9
3.8510719696441586e-8,3.702420127488422e-7
4.1507323880020205e-8,3.7795193740714196e-7
2.7779633371122486e-6,1.7905509431524545e-7
2.130741670626638e-6,8.690004411084731e-10
5.1190498635029505e-8,1.8976813677353065e-6
4.399177671030176e-7,1.4195520262394596e-7
2.479632731005982e-7,1.6778263883782644e-7
1.572890453539138e-7,1.0299170781726754e-7
2.186844592057397e-7,2.6491935138693984e-7
4.1901298719480125e-7,5.691302536955223e-7
4.761274800545505e-7,1.9102842268065204e-7
2.6027854802069124e-7,6.191762056763777e-7
8.984384903774373e-7,2.0888432954049393e-7
2.199471731981833e-7,6.63174229467746e-7
1.0891873807864661e-7,9.453212770771853e-8
1.1863123448860941e-8,4.933626116532264e-7
4.3385002620507957e-8,2.684091329762324e-7
1.1864904750543447e-8,2.9171311228955385e-8
7.305359388439265e-7,1.4012303984279556e-7
4.9283722430707635e-8,1.494893390243114e-7
4.511491202097703e-8,1.4510879474475803e-7
2.7491828134790702e-8,3.007722567478817e-11
8.022092651774707e-8,9.97027056298933e-8
1.4436267547885638e-7,1.185854553409588e-8
2.7451961050451457e-8,8.936093082296759e-8
1.0724520236767455e-6,2.493629341993433e-10
9.450107572960164e-7,1.8948620135110132e-10
4.3083890402011675e-9,2.351800906658065e-6
1.0556752746910624e-7,2.3991202924987936e-7
1.0982728299662856e-7,2.803121107742748e-9
2.730308513820299e-9,7.706267587545293e-10
2.344395763055175e-10,5.049593895457808e-7
3.9362710306140437e-7,9.957073322549468e-10
3.214132646154539e-7,1.8479067724788965e-9
3.868069469909474e-8,3.592094354115774e-7
1.1590284745481281e-7,2.6491231453660504e-7
1.2138025188798646e-7,2.6802644946102556e-10
2.8028093177769934e-7,5.507922739285979e-7
2.4278453524137484e-7,6.745094704211069e-7
4.165714093798299e-7,5.168563120419775e-7
3.886713087855047e-6,2.8629067920622046e-6
6.605846830325348e-6,1.4597324106488139e-9
1.7019506478916767e-7,4.999827181811351e-6
1.590577685184015e-7,4.678405696478598e-10
2.538147020004348e-7,9.659722092008075e-10
1.4638684198460773e-7,6.468347228223624e-11
1.3564294774721974e-10,1.0930792913299484e-7
1.3005111710642668e-9,1.4478501085503579e-7
1.8274191913715838e-7,1.190046359163331e-9
1.4939252974619516e-7,3.3548303546939504e-11
3.826291167102315e-8,4.788686519932517e-8
3.002475187432373e-6,1.0837173131319508e-8
1.1739747635563276e-7,9.156520501754076e-10
1.9697947642809578e-7,5.512937342582574e-10
5.512061081115279e-7,1.1710382574608842e-8
9.950054838894913e-6,1.302806275334271e-7
1.9897546827186434e-8,1.2701794792078715e-6
1.6757195814555353e-6,2.6159098799467256e-9
1.855381063271882e-7,1.4544681132389608e-7
1.611250340194709e-7,7.608682649638391e-7
3.80715593083942e-7,2.388222567302685e-7
5.712130669918117e-7,3.0914669605787264e-7
2.8938801624228126e-7,2.558376317799115e-7
3.3998624657759103e-7,4.708973073893598e-7
1.5677194558716637e-7,2.366911075877387e-7
1.637912840207485e-7,1.072152503185505e-6
1.9069246398407675e-7,8.662793495303063e-7
2.5538692946117322e-8,4.5543602213985263e-7
2.2251222961708053e-7,2.584924591939309e-8
4.297983401713833e-8,1.356911370826655e-7
8.205079157611735e-8,3.5843201960847494e-8
3.5272959098772463e-8,1.6272319349405955e-7
5.932960091862029e-8,3.6323545930036034e-8
8.376142938503579e-8,2.2273065930203778e-7
9.201631571132613e-8,1.39956562004843e-7
4.487029723891691e-8,1.0026985514768221e-7
7.788491943743792e-8,2.763105111863657e-8
9.005251374567312e-8,1.0236184717962332e-7
1.4829078862963362e-7,1.2961548296739154e-9
2.8503903208927235e-6,0.024569375009999134
4.731764440370804e-6,0.024570139204318813
1.3429114745781392e-8,0.024567142105083685
2.6052971398987196e-7,0.02456889814347835
0.000021940046885671015,0.02457044781295763
1.6949094557177493e-7,0.024566745846098078
2.4604414217333213e-6,0.024569499658998264
2.1164187174518975e-9,0.024569341318021822
0.000011452699002622375,0.024566754533443466
4.7203221181416255e-9,0.024576414397287628
1.2426660384897353e-8,0.024576693034294675
4.396731891419765e-7,0.024574310773702868
1.8146677791276864e-8,0.024576421643447154
3.4970929825503728e-9,0.02457672543111152
9.180140376143387e-7,0.024574275783229342
7.729443512575578e-6,0.024576409072795537
3.855056356744992e-6,0.02457672140480488
3.127263107470726e-8,0.02457426993083698
1.0771945400433233e-7,0.024576489212929178
8.454839184628127e-9,0.02457674557998519
3.9226979773607e-8,0.024574318277742653
6.0015746918351655e-9,0.024576480202916536
4.554612757265756e-8,0.024576753808589945
4.308350422635256e-8,0.024574310050791703
1.1276366199459516e-8,0.024576466932609155
3.3772988944375313e-9,0.02457675335367433
6.069696238618606e-8,0.024574293539193458
6.907060104392926e-8,0.02459703508363339
1.142118395125415e-7,0.024597009744169854
5.187405503232719e-7,0.024594777741814684
2.197605607755426e-8,0.024597025638624558
5.883581992194722e-8,0.024597317284578896
1.1441698692941468e-8,0.02459479014922099
3.225064992156614e-7,0.02459694044936506
6.438444003275671e-7,0.024597220609387755
1.6022803604467345e-6,0.02459475477357634
1.7090284075191318e-6,0.024600185699292697
4.2786241795949976e-8,0.024600399450326684
1.3239709435444156e-7,0.024597972182245256
7.864991867720564e-9,0.024600203353589048
1.8018651792160246e-8,0.024600435057399003
5.762760095988378e-7,0.02459800967640552
2.3917195172478053e-6,0.024600189809004712
4.689194128287652e-6,0.02460048464263425
1.9717811216947884e-6,0.024597993761342255
2.0795448470295975e-8,0.02460020617831337
1.3426067740588676e-8,0.024600482978614897
5.5693353279446834e-8,0.024597994559247962
1.15814573696443e-8,0.02460021734928048
5.467180033955887e-9,0.02460048758304841
9.390415156600126e-9,0.02460021216549024
1.8728290648674282e-7,0.024600492461460035
5.1390548034797915e-8,0.02459798562130808
1.3299553653297259e-8,0.024592428244441786
5.3918398077539065e-9,0.024592614541877285
9.545135984943072e-7,0.024590149541889355
6.118430766375065e-9,0.02459231392409273
3.044154882452329e-6,0.02459261426279437
2.410397137791205e-6,0.024590026280032748
9.526674562733228e-8,0.024592737695322973
3.155440517444133e-8,0.0245927019579422
1.237067006327403e-7,0.024590118988092713
1.309010440396979e-7,0.024596834081730634
2.53445242301113e-7,0.02459710602410376
9.767489845915891e-7,0.024594620214047225
4.0442927126037166e-7,0.02459681026926759
3.406346649751636e-7,0.024597015948209223
2.7063341194753104e-7,0.024594612655492374
6.280381284571862e-8,0.02459681995701983
8.858708860626602e-9,0.024597100652764988
1.7957568066517005e-7,0.024594639777745276
1.756809453502026e-7,0.024596857067161835
2.8022185946490555e-7,0.02459713344717881
3.2278764402426966e-8,0.02459461789936016
3.5748276463348304e-7,0.024596867396168277
6.903924219714183e-8,0.0245971385714266
1.034418885106407e-7,0.024594627749397715
1.0463737096863032e-7,0.024596851119920746
4.154346674693447e-8,0.02459711906625208
2.0480948098996694e-9,0.024589626922502123
7.208238545433115e-8,0.024589558880359578
2.839463835047041e-7,0.024589588684089194
1.1800934072962506e-8,0.024592868991385665
5.83603513737603e-9,0.02459288702542023
2.859092211014682e-6,0.024592889217240503
4.371761100567728e-8,0.024592913029348802
1.491675501186806e-8,0.024592902329431402
6.217277581483099e-8,0.024584178961543128
3.5333272288578913e-6,0.02458279990642047
3.6647823296560565e-6,0.024584854543270935
1.25122094295997e-6,0.024582558520184497
1.136408984024176e-7,0.024584605234418168
5.68849035972594e-8,0.02458249749745343
2.1556471844891102e-7,0.024589345574815416
9.276727857000658e-7,0.024587206115523102
3.603524817295764e-7,0.02458933323449177
6.835870551793623e-7,0.024587241588610052
1.1927022853432195e-8,0.02458934566062243
3.1519978508931944e-8,0.024587256613501904
2.4987749115347115e-8,0.024589376885086674
1.498355442899804e-6,0.02458723215688716
1.0430030132776508e-8,0.02458937272723164
2.5682564953863937e-7,0.024587223868324348
2.22566971254649e-8,0.02458939028084307
1.3459992890291743e-6,0.02458728346064035
4.009441096968938e-6,0.019501885456173266
8.149600182424853e-7,0.019499700808571278
1.1953090659795485e-6,0.019498754351093998
6.552747886589796e-6,0.01949995180352087
1.4365735846668024e-9,0.019514599034584457
6.744819568484865e-6,0.01950816118783294
0.0000204250884923246,0.01948355477227349
6.394435144719719e-9,0.01952011268808803
1.4635811023560615e-7,0.019521196181220498
1.6187318062757036e-7,0.019521774605607264
0.00001113158675907945,0.019491484125978568
7.713496863356346e-9,0.01948402536505037
3.769005311812701e-6,0.019496390225568146
2.2093689367176838e-6,0.019497354620936002
0.000018490653412098006,0.019483680323845974
1.4513100585937681e-8,0.01951459615287717
9.045671709212802e-9,0.019536494095368583
2.19423070092168e-7,0.019506304388840608
0.00003357997579710863,0.019490074652081982
0.0000200911942291816,0.01949544939596461
0.000016143204887735302,0.01951407488542593
1.6954046429553765e-6,0.019499153017037092
3.839612206887061e-8,0.019498814367294004
2.723370456769278e-6,0.019499684293058834
4.892155871478522e-6,0.019500170177952924
5.407602808401279e-7,0.019501618270441896
2.061852515305155e-6,0.019501031197058347
5.539978540783148e-7,0.019501666106034172
1.5570124951408506e-6,0.019502822932454873
4.880857401976181e-7,0.019502963151386686
3.654681659803706e-8,0.01950243379344884
7.2842622938253084e-6,0.01949304678051142
0.000014875644704778012,0.01948222854755888
3.917299646826518e-6,0.019498343895366615
5.447318017274564e-6,0.019492833179389307
1.060986174076055e-6,0.01951076494577796
2.2013061661768157e-9,0.019502080718426105
0.000015229373440587421,0.019501107632476422
4.0591266906489855e-6,0.019502988703360286
2.131815231719173e-7,0.019502992379138134
5.227191528871723e-6,0.01950064838188169
2.5446613834183857e-6,0.019498669507992335
9.184460448533402e-8,0.019504129184667554
9.070520973808875e-6,0.019491476689145068
9.546282674397185e-6,0.019497119286523507
3.700961659068821e-9,0.019513049928752243
0.000023962596436646097,0.019475416379805387
1.3770699288089784e-6,0.019501889591742764
6.172727639635372e-8,0.019511206099427494
7.996190189150237e-6,0.019492195095473248
0.000021983399073952964,0.01950612964632378
5.331849863642168e-9,0.019484746057988687
1.0625030588116169e-7,0.01948556677362102
5.567495024454129e-10,0.019487842380228697
3.2666476987924643e-6,0.019495525640337862
2.418638639744498e-7,0.019498187714002805
4.785481366899859e-7,0.019505205284013578
0.00002509582414706474,0.019474419129867793
7.375057421679922e-7,0.019499466630523578
1.847162247695417e-8,0.01951909527798728
2.626760176035172e-6,0.01951824814939313
3.96477181701686e-9,0.01949574570630851
9.514404999707863e-7,0.01950936087003432
5.956906181953789e-7,0.019496966619622292
7.516215557708513e-6,0.019497550211469393
1.416305871080354e-7,0.019497707884340798
1.0881188427043583e-6,0.019496757344242256
1.607808550094771e-6,0.01949778129477486
6.928806640995085e-7,0.019497218583293344
8.976611250608931e-7,0.019497211552231362
9.217619821829525e-7,0.01949779237020088
7.916751147043533e-7,0.01949715609519931
1.6739895049795786e-6,0.019499256410781825
2.5024477445270666e-7,0.019499454124909377
5.926782637308736e-7,0.019499767495720903
2.3183383565568584e-9,0.019499137608164383
7.807670947382858e-7,0.019499151786194623
3.919157022222668e-7,0.019499574861351333
1.6769828787474262e-6,0.019497006670279503
1.5487105365744283e-6,0.019497685878435627
1.905455963046384e-9,0.01950030067952791
7.460238670153296e-9,0.019507030489918645
4.658812681642828e-6,0.01950354708455102
8.958063209991111e-7,0.01950944824523734
5.872402335109367e-10,0.019511007912254075
1.248377600452734e-10,0.019514947757803148
1.7281421417698571e-6,0.01950079505649361
2.320255327319129e-7,0.019525903162838587
3.369882181887964e-6,0.01949652230022275
4.197782885278545e-6,0.019501322860058935