,13dpg,2pg,3pg,adp,atp,dhap,fdp,g3p,nad,nadh,pep,pi,23dpg
0,1.8765131638691884e-05,0.00028863656208579625,0.00038485451989475627,6.51876335996968e-05,0.0060371780475304854,0.004563958797267397,0.013995711049572942,0.0004885816795682238,0.0020434651830883283,0.0005623533626726031,0.0014954506119238455,0.02340554985532256,8.260846157971367e-05
1,1.8765123189014247e-05,0.000288636556427482,0.0003848544878890703,6.518763756471592e-05,0.006037178034617544,0.004563951209113096,0.01399571427707428,0.000488581549621055,0.002043465196175128,0.0005623533495861619,0.0014954506544970784,0.023405549869671576,8.260846158342509e-05
2,1.8766152324096912e-05,0.0002886375682354898,0.00038485134226945135,6.518890518229747e-05,0.00603717610970825,0.004563958931349803,0.013995711303755888,0.0004885817314181527,0.0020434658610932106,0.0005623526846441034,0.0014954516868040616,0.023405550557322543,8.260846013486544e-05
3,1.876615943681198e-05,0.0002886375632185516,0.000384851297078267,6.518892259823891e-05,0.006037176079012947,0.004563951341119161,0.013995714531479063,0.0004885816038292386,0.0020434658744608665,0.0005623526712761398,0.0014954517290637446,0.023405550572468563,8.26084601342279e-05
4,1.8765980991122445e-05,0.00028863746028863534,0.00038485033646124526,6.518854233463941e-05,0.006037176186011399,0.004563959574770765,0.013995710824582251,0.0004885817797050013,0.002043465601299198,0.0005623529444442624,0.0014954535371297145,0.023405550291101786,8.260846014951389e-05
5,1.8765976044572612e-05,0.0002886374560200793,0.00038485030182094086,6.518854889442446e-05,0.0060371761695342824,0.004563951985134802,0.013995714052275449,0.0004885816503357926,0.002043465613725543,0.0005623529320181108,0.0014954535787522194,0.02340555030488873,8.260846015009832e-05
6,1.877214171969044e-05,0.00028830775413119257,0.0003858668362617816,6.532286286082733e-05,0.0060373361491226595,0.0045640824687444535,0.013995716427228702,0.0004885951643443366,0.0020436130752596047,0.0005622054702981233,0.001494282564703645,0.023405698048045213,8.25730112236095e-05
7,1.8772138708402256e-05,0.00028830773788883057,0.0003858667895663936,6.532286391461451e-05,0.006037336134609986,0.004564074834790569,0.013995719673226577,0.0004885950347829495,0.002043613079773551,0.0005622054657842467,0.001494282639734092,0.0234056980540285,8.257301122365304e-05
8,1.8772179214544056e-05,0.00028830727090495967,0.0003858625221106031,6.532196098055938e-05,0.006037335813981647,0.004564093174967128,0.013995710074017148,0.0004885960639457508,0.002043611996609896,0.0005622065489426522,0.0014942896381973038,0.02340569695981553,8.25730112245669e-05
9,1.8772175486736812e-05,0.00028830726577115385,0.00038586249206859437,6.532196839179711e-05,0.006037335798025293,0.004564085542825697,0.01399571332418962,0.0004885959323949579,0.002043612009238683,0.000562206536314023,0.001494289673226902,0.02340569697388712,8.257301122451688e-05
10,1.8772145748916824e-05,0.0002883076833052892,0.0003858659160135966,6.532268662432429e-05,0.006037336058007621,0.004564083031830845,0.013995716012507112,0.0004885952219127866,0.0020436128677731877,0.0005622056777836661,0.0014942840259265016,0.023405697840133712,8.257301122673742e-05
11,1.8772453918519585e-05,0.0002883069635932445,0.000385852580813028,6.531921233296248e-05,0.006037335661663985,0.004564140521277674,0.013995681725386571,0.0004886005948138542,0.0020436085278843987,0.0005622100176416662,0.0014943059566593652,0.023405693450961752,8.257301122523798e-05
12,1.877175908184945e-05,0.00028832082491938324,0.0003858290539508478,6.531780105762065e-05,0.006037330273394722,0.004564079883950439,0.013995715190705056,0.0004885947957575506,0.0020436076570526586,0.0005622108885190665,0.0014943256720168245,0.023405692612182054,8.257464588453273e-05
13,1.8771756112352305e-05,0.000288320808168327,0.0003858290061040963,6.53178017191568e-05,0.006037330258937978,0.0045640722510968575,0.013995718435906622,0.000488594666205698,0.0020436076610724167,0.0005622108844993756,0.0014943257494934394,0.023405692617637103,8.257464588560121e-05
14,1.8771796429810102e-05,0.00028832034568906115,0.0003858247289173648,6.531689793658946e-05,0.006037329936364055,0.0045640905938601276,0.013995708834989629,0.0004885956954278272,0.0020436065771383344,0.0005622119684282205,0.0014943327569575569,0.02340569152266857,8.257464590440953e-05
15,1.877179270635842e-05,0.0002883203405865609,0.00038582469875442097,6.531690529231428e-05,0.00603732992042899,0.004564082963585455,0.013995712084222959,0.0004885955638556153,0.0020436065897045668,0.0005622119558621541,0.0014943327921842634,0.023405691536673604,8.257464590343928e-05
16,1.8771762892386843e-05,0.00028832075861295685,0.00038582812716470266,6.53176247240677e-05,0.00603733018049762,0.004564080446436193,0.013995714776555477,0.0004885948529221039,0.002043607449694487,0.0005622110958763891,0.0014943271373123086,0.023405692404344442,8.257464595147487e-05
17,1.8771749419903234e-05,0.0002883196384404068,0.00038582085156055015,6.53160777774578e-05,0.006037329644183487,0.004564090010906832,0.013995707784500927,0.0004885961797479237,0.002043605668997148,0.0005622128765674458,0.0014943394151499779,0.02340569060778262,8.257464591809959e-05
18,1.9104492079814286e-05,0.00028880870931964224,0.00038513430445284133,6.407884752144192e-05,0.006038352109693336,0.004664339379830021,0.013927784203671427,0.0004995411095115842,0.002041814570665614,0.0005640039571786725,0.0014962237243149273,0.02340378341846184,8.2608419185393e-05
19,1.9104492468430583e-05,0.0002888087106624361,0.0003851343171558128,6.407884858366969e-05,0.006038352112301854,0.004664342823259389,0.013927782646684794,0.0004995411333215773,0.002041814571460629,0.0005640039563836568,0.0014962237054017519,0.023403783418977326,8.260841918424906e-05
20,1.9104490221432945e-05,0.00028880870437172527,0.00038513425828346203,6.40788451953482e-05,0.006038352098693576,0.0046643263015429285,0.013927790125884774,0.0004995410091163985,0.002041814570016932,0.0005640039578273697,0.0014962237912931982,0.023403783418944384,8.260841918958904e-05
21,1.9104391267425254e-05,0.0002888093183705645,0.0003851408723737117,6.40803138536346e-05,0.006038352560188831,0.004664316741731159,0.013927797469651906,0.0004995391057693199,0.0020418163710262853,0.0005640021568286653,0.0014962129377872,0.02340378523699617,8.260841862020775e-05
22,1.91043916448084e-05,0.0002888093196537151,0.00038514088536059085,6.408031498157211e-05,0.00603835256281644,0.004664320185651979,0.013927795912604318,0.0004995391292727552,0.0020418163719070587,0.0005640021559478906,0.0014962129184902036,0.02340378523754806,8.260841861903996e-05
23,1.9104389367648572e-05,0.00028880931357988337,0.00038514083049264174,6.408031238598113e-05,0.006038352549578192,0.004664303644508817,0.013927803402439529,0.0004995390046097747,0.0020418163714091358,0.0005640021564458334,0.0014962129980853707,0.023403785238516408,8.26084186240369e-05
24,1.9104394178051526e-05,0.00028880926925229646,0.00038513966931588576,6.408009643258553e-05,0.006038352428362856,0.004664317229574861,0.013927797070650992,0.0004995391604046946,0.002041816117280945,0.0005640024105730869,0.001496214789602522,0.023403784982750225,8.260841871636882e-05
25,1.9104394561232308e-05,0.0002888092706923913,0.0003851396817867348,6.408009745556862e-05,0.0060383524309451575,0.00466432067458953,0.013927795512963588,0.0004995391839302651,0.002041816118036041,0.0005640024098179893,0.001496214770937444,0.0234037849832232,8.260841871521775e-05
26,1.9104392357809642e-05,0.0002888092643726587,0.00038513962209645313,6.40800938082895e-05,0.006038352417355768,0.004664304151106526,0.013927802992617522,0.0004995390606976461,0.0020418161162464817,0.0005640024116075657,0.0014962148582137273,0.0234037849828872,8.260841872064162e-05
27,1.9114686583228517e-05,0.0002884801112292039,0.00038613214235646204,6.42110703631146e-05,0.00603850871445367,0.00466450507678321,0.013927762997907536,0.0004995589299914621,0.00204195590826804,0.00056386261922422,0.0014950775956733716,0.023403925109605404,8.257301113778629e-05
28,1.911468799695128e-05,0.000288480061246721,0.00038613217599839123,6.421107450435944e-05,0.006038508720136952,0.004664508533889621,0.013927761434628738,0.0004995589550884176,0.002041955911705937,0.0005638626157863082,0.0014950775974648905,0.023403925112858773,8.257301113778043e-05
29,1.9114521456568396e-05,0.0002884809319279601,0.00038614400828225265,6.421340713519348e-05,0.006038509835238101,0.004664473330543132,0.013927780624883191,0.0004995570351638817,0.0020419587953538964,0.0005638597321547477,0.0014950587455145206,0.023403928011206384,8.257301113797041e-05
30,1.9114521317515225e-05,0.0002884809411206923,0.00038614405704140285,6.421340833896353e-05,0.006038509848517662,0.00466448643625775,0.013927774689264802,0.0004995571364758482,0.002041958796742045,0.000563859730766667,0.0014950586719840655,0.02340392801131366,8.257301113807257e-05
31,1.911458462447558e-05,0.0002884801869200645,0.0003861441558650084,6.42134552304525e-05,0.0060385097798536964,0.004664488353200349,0.01392777387854658,0.000499557156555708,0.0020419587563371,0.0005638597711673968,0.0014950593169948802,0.023403927976938174,8.257301113799222e-05
32,1.9114992478088862e-05,0.00028848017799081656,0.00038614381288711817,6.421372313279795e-05,0.0060385093963907024,0.004664471809235807,0.013927781360166574,0.0004995570127388887,0.002041958706775719,0.0005638598207165352,0.0014950594005494378,0.023403927939039844,8.25730111382942e-05
33,1.9114590947545374e-05,0.0002884801213694798,0.0003861432361977623,6.421328511235776e-05,0.006038509682725213,0.004664485662726325,0.013927774920245484,0.000499557207139272,0.0020419585538800924,0.0005638599736234991,0.0014950607647749605,0.023403927774142533,8.257301114099467e-05
34,1.911459333406283e-05,0.00028848012232299134,0.000386143246295642,6.421328719341077e-05,0.006038509683440814,0.004664489122427994,0.013927773353952748,0.0004995572324030166,0.0020419585540877366,0.0005638599734158023,0.0014950607482273664,0.023403927774170403,8.257301114099385e-05
35,1.9105093235275875e-05,0.00028847928627920603,0.00038613689049704836,6.420159299937368e-05,0.0060385199058871405,0.00466449908541428,0.01392776394267774,0.0004995597353083843,0.002041954263281025,0.0005638642645331147,0.0014950838642480042,0.02340392318723039,8.257301114221955e-05
36,1.9114301993378896e-05,0.00028849313641062646,0.0003860945084849277,6.420610797112831e-05,0.0060385027854306895,0.004664502099911228,0.01392776203932703,0.0004995585195541268,0.0020419506059763397,0.0005638679215297668,0.001495120437254722,0.02340391979066232,8.257464400524959e-05
37,1.911430329005478e-05,0.000288493098204359,0.0003860945360145573,6.420611122918634e-05,0.006038502790204165,0.004664505559494965,0.01392776047419677,0.0004995585447588564,0.0020419506085065948,0.0005638679189994984,0.0014951204361764072,0.02340391979297449,8.257464400489783e-05
38,1.91141366186065e-05,0.0002884939514840447,0.00038610639150667787,6.420844633656405e-05,0.006038503909613574,0.0046644703480015395,0.013927779670583788,0.0004995566241907061,0.0020419534952159177,0.0005638650323065813,0.001495101568754176,0.0234039226942914,8.257464400933102e-05
39,1.9114136513121594e-05,0.0002884939607517565,0.00038610644068991104,6.420844746174073e-05,0.0060385039230970924,0.004664483463948622,0.01392777372902708,0.0004995567264320446,0.002041953496489648,0.0005638650310329352,0.00149510149464301,0.02340392269433426,8.257464401125916e-05
40,1.911419993276936e-05,0.0002884932060282985,0.00038610654323149065,6.420849522834964e-05,0.006038503854581614,0.004664485370159958,0.013927772925044369,0.0004995567455205253,0.0020419534569446366,0.0005638650705737283,0.0014951021345259161,0.023403922660948002,8.257464400964287e-05
41,1.9104868715255105e-05,0.0002884923545526532,0.0003861001112708277,6.419698143681771e-05,0.006038513871467665,0.0046644953529812044,0.013927763513303479,0.0004995592685175091,0.002041949200927904,0.0005638693268954207,0.0014951251524122993,0.0234039181132335,8.257464403667763e-05
42,1.9114206337441325e-05,0.0002884931416626028,0.0003861056114972634,6.420832323078084e-05,0.0060385037558311795,0.004664482680197698,0.013927773965249976,0.000499556795990099,0.0020419532522402144,0.0005638652752772302,0.0014951035988916574,0.023403922455919848,8.257464407440996e-05
43,1.9114208493798893e-05,0.0002884931424852442,0.0003861056220885439,6.42083252563946e-05,0.006038503756752738,0.004664486139394617,0.013927772399197324,0.0004995568211843223,0.0020419532525751734,0.0005638652749422227,0.0014951035819355811,0.02340392245599266,8.257464407441934e-05
44,1.9104684065739948e-05,0.0002884923118385263,0.00038609928690039514,6.419660715778905e-05,0.006038514010917913,0.004664496108720377,0.013927762979134268,0.0004995593274375878,0.002041948954914568,0.0005638695729144634,0.001495126697553614,0.02340391786126956,8.257464410062841e-05
45,2.594370067227284e-05,0.0002912858972724699,0.00038900371467451235,4.782358723232328e-05,0.0060554914443014226,0.00670228965467834,0.012796250155879249,0.000724052446689766,0.002015691239908607,0.0005901269892238796,0.001507897284807281,0.02337577834961709,8.260774739283975e-05
46,2.5943573538633394e-05,0.0002912858692306612,0.0003890037535128563,4.782382767517698e-05,0.006055491218419864,0.006702340209133048,0.012796227211890878,0.0007240486974684165,0.002015691652736001,0.0005901265764014553,0.0015078969805381649,0.02337577878722576,8.260774739435775e-05
47,1.8787512125669242e-05,0.00028864897842042147,0.00038484642287243737,6.509707516827673e-05,0.006037265263260546,0.004571578993115145,0.01403084242434576,0.0004893592675437684,0.0020433358628909387,0.0005624826815989392,0.0014955552177444724,0.023405412181274517,8.260846568359327e-05
48,1.878751302477516e-05,0.00028864897902483914,0.0003848464272593204,6.509707291048172e-05,0.006037265266750389,0.0045715807630115285,0.01403084169058527,0.0004893593001991911,0.0020433358593026922,0.0005624826851871403,0.0014955552141628131,0.02340541217735985,8.260846568319972e-05
49,1.878750836731096e-05,0.00028864897612507673,0.0003848463858963027,6.509708148110385e-05,0.006037265246388094,0.004571572290781536,0.014030845203824662,0.0004893591408983561,0.0020433358743066486,0.0005624826701834054,0.0014955552601482605,0.023405412194081848,8.260846568668203e-05
50,1.8787512205596664e-05,0.00028864897640516616,0.00038484640799964735,6.509707226343312e-05,0.0060372652618423655,0.004571579000839057,0.014030842418365365,0.0004893592683634557,0.002043335859458691,0.0005624826850311684,0.0014955552423207028,0.023405412177887452,8.260846568501413e-05
51,1.8787512963469985e-05,0.0002886489781347743,0.00038484639291865486,6.509706713684734e-05,0.006037265262554682,0.004571580767717483,0.01403084168470349,0.0004893593006734281,0.0020433358527197653,0.0005624826917700555,0.0014955552660402597,0.02340541217076961,8.260846568592556e-05
52,1.8787508723350133e-05,0.00028864897168420225,0.0003848464059884069,6.50970836415795e-05,0.0060372652500443255,0.0045715723041051285,0.014030845197464841,0.0004893591423893994,0.0020433358763972554,0.0005624826680927723,0.0014955552362056722,0.02340541219615744,8.260846568581702e-05
53,1.8787517197509007e-05,0.00028864889803898434,0.0003848453596792875,6.509687086622545e-05,0.006037265158699927,0.004571579622126353,0.014030841956800402,0.0004893593331821629,0.00204333562188228,0.000562482922606554,0.0014955569054401856,0.02340541193978581,8.260846577464077e-05
54,1.8787518003373487e-05,0.000288648899055548,0.00038484535094134926,6.509686666817318e-05,0.00603726516032423,0.0045715813903583575,0.014030841222890066,0.0004893593656394935,0.0020433356161569187,0.0005624829283318736,0.0014955569206195145,0.02340541193370353,8.260846577518423e-05
55,1.878751337590772e-05,0.00028864889665702865,0.00038484531556278037,6.50968761681599e-05,0.006037265140767657,0.004571572917836485,0.01403084473679634,0.0004893592063187808,0.002043335632195086,0.0005624829122939211,0.0014955569573224207,0.02340541195146974,8.260846577813277e-05
56,1.8797530733027696e-05,0.00028831844628392635,0.0003858611916934713,6.523414397913111e-05,0.00603742200941342,0.004571693020000596,0.01403085272454417,0.0004893722530991459,0.002043482945292876,0.0005623355988513461,0.001494383470149504,0.023405559684619003,8.257301115548e-05
57,1.8797531686268756e-05,0.00028831844771999983,0.0003858612003595876,6.52341422664634e-05,0.006037422013595262,0.004571694798522577,0.01403085198663872,0.0004893722860029161,0.002043482942276013,0.0005623356018681702,0.0014943834595844967,0.023405559681254615,8.257301115549158e-05
58,1.8797526992082723e-05,0.00028831844096548513,0.0003858611634285313,6.523415174412437e-05,0.006037421993622762,0.004571686278190192,0.014030855525228196,0.0004893721251742497,0.00204348295836037,0.0005623355857840333,0.0014943835026511607,0.023405559699062002,8.257301115543897e-05
59,1.8797530822240872e-05,0.0002883184440386328,0.0003858611830060744,6.523414211995191e-05,0.006037422008746045,0.00457169302781378,0.0140308527191451,0.0004893722538905449,0.0020434829430605395,0.0005623356010836762,0.001494383485763852,0.023405559682413892,8.257301115551442e-05
60,1.879753178151742e-05,0.0002883184452942592,0.0003858611923205747,6.523414049567521e-05,0.006037422013027078,0.004571694806325746,0.014030851981270062,0.0004893722867986289,0.002043482940130967,0.0005623356040132024,0.0014943834744396802,0.023405559679103384,8.25730111555292e-05
61,1.8797527079608745e-05,0.00028831843875953416,0.00038586115508726235,6.523414995055507e-05,0.00603742199299058,0.0045716862860790426,0.014030855519786695,0.0004893721259677847,0.002043482956189012,0.0005623355879553715,0.001494383517705913,0.023405559696888185,8.257301115547033e-05
62,1.879753420564648e-05,0.00028831838122775924,0.0003858602831750925,6.52339725816984e-05,0.00603742191694148,0.004571693539751161,0.014030852338016759,0.0004893723055577087,0.002043482743994119,0.0005623358001492939,0.0014943849048245964,0.02340555948290891,8.257301115855647e-05
63,1.8797535163885934e-05,0.0002883183825336632,0.00038586029218852177,6.5233970910629e-05,0.006037421921182076,0.004571695318431703,0.014030851600044572,0.0004893723384820077,0.0020434827410202748,0.0005623358031231025,0.0014943848938925547,0.02340555947954533,8.257301115856264e-05
64,1.879753046548545e-05,0.00028831837590509966,0.0003858602550353266,6.52339803651904e-05,0.0060374219011687155,0.004571686798007311,0.0140308551386617,0.0004893721776360298,0.0020434827570763228,0.0005623357870672673,0.0014943849371437596,0.023405559497358973,8.257301115851164e-05
65,1.8797148123527773e-05,0.00028833151972192404,0.00038582339002242964,6.522908390657297e-05,0.006037416126514271,0.004571690532751271,0.01403085142962164,0.0004893718948998502,0.002043477528978808,0.0005623410151793856,0.0014944265962348491,0.02340555425046621,8.257464443713605e-05
66,1.8797149077830287e-05,0.0002883315211882563,0.000385823398583582,6.522908217227949e-05,0.006037416130687075,0.004571692311141028,0.014030850691749641,0.0004893719278432378,0.0020434775259356754,0.0005623410182224795,0.0014944265857978248,0.023405554247100082,8.257464443731406e-05
67,1.8797144373193173e-05,0.0002883315145679329,0.0003858233611076209,6.522909159310617e-05,0.006037416110613667,0.004571683792248777,0.014030854229616791,0.0004893717668968185,0.0020434775419521808,0.0005623410022061856,0.0014944266295069824,0.02340555426483931,8.257464443617849e-05
68,1.879714821551744e-05,0.00028833151744529415,0.00038582338205606526,6.52290821599338e-05,0.0060374161259428025,0.004571690540820788,0.014030851424117856,0.0004893718957104388,0.0020434775268608645,0.0005623410172973107,0.0014944266108152901,0.023405554248380728,8.257464443802314e-05
69,1.8797149168508576e-05,0.0002883315188247975,0.000385823390427848,6.522908039863654e-05,0.006037416130088263,0.0045716923190182454,0.014030850686324509,0.0004893719286365594,0.0020434775237838368,0.0005623410203742981,0.0014944266007561949,0.023405554244906916,8.257464443819614e-05
70,1.879714446498896e-05,0.00028833151229049764,0.00038582335320547597,6.522908985872416e-05,0.006037416110048793,0.004571683800160721,0.014030854224222842,0.0004893717676933342,0.002043477539855826,0.0005623410043025238,0.0014944266439941398,0.02340555426273939,8.257464443705435e-05
71,1.87971515550252e-05,0.0002883314561444513,0.0003858224708252314,6.522891080938568e-05,0.0060374160326436025,0.004571691053125699,0.01403085104177552,0.000489371947448711,0.0020434773257644342,0.000562341218392947,0.0014944280452193176,0.023405554046863758,8.257464450348397e-05
72,1.8797152508668773e-05,0.00028833145760241463,0.00038582247938813695,6.522890907838313e-05,0.006037416036814063,0.00457169283132394,0.014030850303999457,0.0004893719803788039,0.0020434773227228586,0.0005623412214344799,0.0014944280347901715,0.023405554043457826,8.257464450366447e-05
73,1.879714780361417e-05,0.00028833145097156604,0.00038582244180629865,6.5228918481796e-05,0.006037416016727392,0.004571684312355785,0.014030853841909016,0.0004893718194207492,0.0020434773387224105,0.0005623412054351376,0.0014944280786660985,0.023405554061223733,8.257464450254236e-05
74,1.9119354487598276e-05,0.00028880896996826233,0.0003851107512043611,6.4024837552163e-05,0.006038398579128765,0.004668981120474822,0.01396476287415474,0.0004999645123374797,0.002041736023472904,0.0005640825035068093,0.001496317224393288,0.02340370055383456,8.260842085619861e-05
75,1.9119355253522188e-05,0.00028880899191864736,0.0003851107736949217,6.402483894131782e-05,0.006038398584228263,0.004668984172356006,0.013964761510002694,0.0004999645425950693,0.002041736024232646,0.0005640825027470475,0.0014963171718869828,0.023403700554247325,8.260842085113399e-05
76,1.9119351597628305e-05,0.0002888089684293129,0.00038511071033671765,6.402483967900777e-05,0.0060383985652651025,0.0046689695385170715,0.01396476806135434,0.0004999643894421514,0.002041736029100589,0.0005640824978792181,0.0014963172759394705,0.02340370056081097,8.260842085952418e-05
77,1.9119354596487445e-05,0.00028880898014561104,0.00038511074504554526,6.402483604083978e-05,0.006038398578844322,0.004668981127680235,0.013964762869341136,0.0004999645130105641,0.002041736021619145,0.0005640825053605548,0.0014963172238979428,0.02340370055199176,8.260842085529341e-05
78,1.911935533094092e-05,0.000288808982361112,0.0003851107569071411,6.402483578336897e-05,0.006038398582511259,0.004668984184135179,0.013964761501517277,0.0004999645438513258,0.0020417360205080577,0.0005640825064716176,0.001496317206759866,0.023403700550514425,8.260842085386983e-05
79,1.9119351676089604e-05,0.0002888089658701747,0.00038511069741148536,6.402483715350751e-05,0.006038398564035375,0.004668969547018085,0.013964768055253029,0.0004999643903491602,0.0020417360261072667,0.0005640825008725258,0.0014963172980939953,0.02340370055777176,8.260842086098055e-05
80,1.911935782164444e-05,0.0002888086603356421,0.0003851093236639422,6.402458150588176e-05,0.006038398420804354,0.004668981900187639,0.013964762294207792,0.0004999645929690304,0.0020417357247414602,0.0005640828022372237,0.001496319671133375,0.02340370025432974,8.260842100892199e-05
81,1.91193585535976e-05,0.00028880867447986946,0.00038510934225797984,6.402458236078574e-05,0.006038398425311128,0.004668984952180529,0.013964760929650492,0.0004999646232459266,0.0020417357249256697,0.0005640828020529947,0.0014963196320812648,0.02340370025420111,8.26084210053423e-05
82,1.911935499043032e-05,0.00028880867854921133,0.0003851092929509513,6.402458512599737e-05,0.0060383984083871075,0.004668970315636233,0.013964767483921205,0.0004999644697501869,0.002041735732021889,0.0005640827949568803,0.0014963196880868359,0.023403700263005308,8.260842100849463e-05
83,1.9129438512112133e-05,0.00028848392160651227,0.0003861171119360601,6.41585134072883e-05,0.0060385561981801715,0.004669118896405122,0.013964758077504032,0.0004999797894891548,0.0020418791462016353,0.000563939380433159,0.0014951548846709644,0.0234038440573603,8.257301107000929e-05
84,1.912943919068652e-05,0.0002884839233274392,0.00038611712370081153,6.415851328225289e-05,0.006038556201692504,0.004669121957892835,0.013964756707546185,0.0004999798202640801,0.002041879145307832,0.0005639393813269437,0.0014951548679686631,0.023403844056121916,8.257301107002205e-05
85,1.912943555061768e-05,0.00028848391597660253,0.0003861170730177078,6.415851614127683e-05,0.006038556184279039,0.004669107263060043,0.013964763292329796,0.0004999796637195332,0.002041879152593246,0.0005639393740416378,0.0014951549370613125,0.023403844065118185,8.25730110699554e-05
86,1.912943860833224e-05,0.0002884839193297336,0.0003861171038944876,6.415851167421242e-05,0.006038556197574142,0.0046691189051345314,0.013964758071791651,0.0004999797903875356,0.0020418791441004763,0.0005639393825343007,0.00149515489933476,0.02340384405527203,8.25730110700521e-05
87,1.912943931698485e-05,0.0002884839206399257,0.0003861171157313585,6.415851145569154e-05,0.006038556201198832,0.004669121971841235,0.013964756698535256,0.0004999798216629364,0.002041879143064881,0.0005639393835698742,0.0014951548830730238,0.0234038440538752,8.25730110700635e-05
88,1.912943565570448e-05,0.0002884839134955828,0.00038611706531446754,6.415851443425125e-05,0.006038556183744475,0.004669107272369574,0.013964763286230942,0.0004999796646767321,0.0020418791505129232,0.0005639393761219528,0.0014951549514695636,0.02340384406308828,8.257301106999122e-05
89,1.912944270310169e-05,0.00028848385746951057,0.0003861162017006462,6.415834232685515e-05,0.00603855610496283,0.0046691196083888465,0.013964757585355848,0.0004999798597574012,0.002041878944483245,0.0005639395821507172,0.001495156320206707,0.02340384385506444,8.257301107308026e-05
90,1.9129443387200503e-05,0.00028848385916397545,0.0003861162129744003,6.415834209898512e-05,0.006038556108434777,0.004669122670860411,0.013964756214674405,0.0004999798906297006,0.002041878943464169,0.0005639395831697633,0.0014951563042952774,0.02340384385368769,8.257301107308839e-05
91,1.912943975401948e-05,0.0002884838515892424,0.00038611616323981266,6.415834509495008e-05,0.006038556091158861,0.00466910797625881,0.013964762799413746,0.0004999797340896199,0.002041878950897733,0.0005639395757363157,0.0014951563722178163,0.02340384386286985,8.257301107303147e-05
92,1.9129053865881285e-05,0.0002884969513361094,0.0003860794476352578,6.415354765231852e-05,0.006038550263711194,0.004669116055269897,0.013964757035629684,0.0004999793939785221,0.0020418738400467713,0.0005639446866018492,0.0014951977634744971,0.02340383873441727,8.257464256654193e-05
93,1.9129054554866093e-05,0.00028849695300144193,0.00038607945895943697,6.415354741552855e-05,0.006038550267206332,0.004669119118033307,0.01396475566473095,0.000499979424915098,0.0020418738390258592,0.0005639446876227473,0.0014951977475358524,0.023403838733053343,8.257464256676744e-05
94,1.9129050914196568e-05,0.0002884969455304578,0.00038607940866850637,6.415355034227301e-05,0.006038550249838963,0.0046691044257383685,0.013964762248368831,0.0004999792683566647,0.002041873846387729,0.0005639446802609872,0.0014951978161707776,0.02340383874212109,8.25746425654438e-05
95,1.9129053972196506e-05,0.00028849694902740317,0.000386079439518704,6.415354587140248e-05,0.0060385502631302105,0.004669116065398988,0.013964757029060007,0.0004999793950181532,0.0020418738378818603,0.0005639446887667402,0.0014951977783170321,0.02340383873222453,8.257464256741819e-05
96,1.912905466812469e-05,0.0002884969506786995,0.0003860794508921317,6.415354562007737e-05,0.006038550266654393,0.0046691191316408425,0.01396475565603688,0.0004999794262638997,0.002041873836830825,0.0005639446898177609,0.0014951977623542149,0.023403838730843427,8.257464256764503e-05
97,1.9129051028267826e-05,0.0002884969431967842,0.0003860794005676351,6.415354853812865e-05,0.006038550249285626,0.0046691044394996965,0.013964762239436278,0.0004999792696928325,0.002041873844186253,0.0005639446824624452,0.001495197831055398,0.023403838739937125,8.257464256632995e-05
98,1.912905803321945e-05,0.00028849688847707334,0.00038607852616210064,6.415337474308687e-05,0.0060385501690616026,0.0046691167717733155,0.013964756539649856,0.0004999794646458027,0.0020418736362536024,0.0005639448903941809,0.0014951992144152707,0.023403838530028243,8.257464263289273e-05
99,1.912905871304556e-05,0.0002884968902112636,0.0003860785376838706,6.415337457096026e-05,0.00603855017255044,0.00466911983244871,0.013964755170102188,0.0004999794954206462,0.0020418736353088503,0.0005639448913389147,0.0014951991980670172,0.023403838528758433,8.257464263310717e-05
100,1.912905506811486e-05,0.0002884968826633663,0.00038607848722155817,6.415337748293989e-05,0.006038550155148106,0.004669105137768306,0.0139647617551005,0.0004999793386193697,0.002041873642668944,0.0005639448839789358,0.001495199267022731,0.023403838537847062,8.257464263178276e-05
101,1.8624351445654195e-05,0.00028857275044410916,0.0003847985508880056,6.565392078537059e-05,0.006036702450423196,0.00452307148912569,0.013756046385597685,0.0004842473872278135,0.002044156885682875,0.0005616616677188293,0.0014950378237312358,0.023406287857004625,8.260848057688427e-05
102,1.862435153186047e-05,0.0002885727482059044,0.00038479853732894734,6.565391804927843e-05,0.006036702449217099,0.004523071497416261,0.013756046379426904,0.0004842473881057502,0.0020441568824412035,0.0005616616709604894,0.001495037846638618,0.0234062878537665,8.260848057824067e-05
103,1.86243545949805e-05,0.00028857268033777767,0.00038479722226670665,6.56536751380947e-05,0.006036702310093944,0.004523072121474454,0.01375604589551022,0.00048424745229931593,0.002044156599159545,0.0005616619542411318,0.0014950398912508909,0.023406287569866555,8.260848069011753e-05
104,1.8634186615436464e-05,0.00028823863962034043,0.0003857889131242518,6.578819754988472e-05,0.0060368549667001855,0.004523196477947765,0.013756049476693429,0.0004842612699456236,0.0020443009428899946,0.000561517610159686,0.0014939042879749164,0.023406432321940788,8.257301136499435e-05
105,1.863418669779511e-05,0.00028823872112269326,0.0003857889356326872,6.578820095410645e-05,0.006036854969709976,0.004523196523155779,0.013756049454763398,0.00048426127328982023,0.0020443009467079978,0.0005615176063417223,0.0014939041731114534,0.023406432325726752,8.2573011365026e-05
106,1.863411350591851e-05,0.00028822598794357897,0.0003857986907885382,6.57903972699643e-05,0.0060368555793476435,0.004523184124237185,0.0137560574071666,0.0004842602990849409,0.0020443035483974827,0.0005615150046691203,0.0014939018179966404,0.02340643493520918,8.257301136730965e-05
107,1.8633768781605043e-05,0.0002882370663372233,0.0003857472798292307,6.578279554979523e-05,0.0060368482909262606,0.0045232005139578145,0.013756044431769657,0.0004842614894265969,0.002044295166233296,0.0005615233868328652,0.0014939674475736705,0.023406426521418174,8.25746489174842e-05
108,1.863376874703117e-05,0.00028823703134239634,0.0003857472625072501,6.578279268306047e-05,0.006036848288772358,0.004523200522253934,0.013756044425562148,0.0004842614902454661,0.00204429516296597,0.0005615233901001783,0.0014939675083170832,0.0234064265181076,8.257464891839851e-05
109,1.863398467194478e-05,0.00028827096666007797,0.00038576267552254334,6.57844875130885e-05,0.006036851043600292,0.004523189262423525,0.013756051471900458,0.00048426064036074883,0.0020442968856350767,0.0005615216674391504,0.0014939116894718994,0.02340642824807924,8.257464895679288e-05
110,1.8961112836644173e-05,0.00028875995608635427,0.000385079362958949,6.455133297792309e-05,0.006037870407773411,0.004621660141752285,0.013689559289826505,0.0004950409572597064,0.002042516351285845,0.0005633021841050463,0.0014957871199809743,0.023404532294046685,8.260843249027794e-05
111,1.8961112465097978e-05,0.00028875994600147597,0.0003850793821268959,6.455133656431121e-05,0.006037870409801769,0.0046216637819227755,0.013689557655584871,0.0004950409662850244,0.0020425163557899143,0.0005633021796014015,0.0014957871016394435,0.023404532298446145,8.260843248646809e-05
112,1.896111345097595e-05,0.00028876014909893274,0.00038507935173634185,6.455132904624224e-05,0.006037870408344357,0.004621660167960797,0.013689559270887143,0.0004950409611635717,0.0020425163460955726,0.0005633021892950847,0.001495786945431732,0.023404532289100548,8.260843247874615e-05
113,1.8961113139492567e-05,0.00028876016150830564,0.00038507937277383657,6.455133206529621e-05,0.006037870411433663,0.0046216638002487655,0.013689557641520992,0.0004950409689967876,0.0020425163498795328,0.0005633021855116324,0.0014957869028618162,0.023404532292459968,8.260843247321851e-05
114,1.8961112460998376e-05,0.0002887601434425737,0.0003850793145298143,6.455131766584869e-05,0.006037870409031935,0.004621646278318835,0.013689565544255074,0.0004950409037620031,0.0020425163340058645,0.0005633022013859404,0.001495787013413809,0.02340453227672883,8.260843247241253e-05
115,1.8961114951921734e-05,0.00028875933418002006,0.000385078054860258,6.455109719513036e-05,0.006037870264260778,0.004621664660044184,0.013689557034849809,0.0004950410525270893,0.0020425160772154414,0.0005633024581750312,0.0014957897029934928,0.023404532018878887,8.260843262994522e-05
116,1.8975973695950234e-05,0.00028841357434668453,0.0003860670473605327,6.468554511582608e-05,0.006038021887105788,0.0046218331988568395,0.013689534998048196,0.0004950586872455,0.002042655382576073,0.0005631631524426174,0.0014946695553472395,0.02340467170256404,8.257301128606466e-05
117,1.8975976100470952e-05,0.0002884135752463937,0.0003860670513675386,6.468555111537226e-05,0.00603802188230051,0.004621836880434239,0.013689533335535506,0.0004950587030670019,0.0020426553864401013,0.0005631631485785411,0.0014946695428636574,0.02340467170615948,8.257301128601455e-05
118,1.897597154654076e-05,0.0002884135640716118,0.0003860669976048709,6.468554263934877e-05,0.006038021875686654,0.004621819299223957,0.013689541269599145,0.0004950586346983464,0.002042655379302289,0.0005631631557162915,0.0014946696345775913,0.023404671699806076,8.257301128600361e-05
119,1.897597478829186e-05,0.0002884135712106259,0.0003860670409576998,6.468554410256492e-05,0.006038021886352107,0.00462183321212286,0.013689534989047855,0.0004950586885229882,0.002042655380386639,0.0005631631546319983,0.001494669567679438,0.023404671700217244,8.257301128612389e-05
120,1.8975976812281212e-05,0.0002884135712567603,0.00038606704919440373,6.468555026452807e-05,0.006038021882648712,0.004621836890144243,0.013689533329626651,0.0004950587038567736,0.00204265538484433,0.0005631631501742532,0.0014946695503221836,0.023404671704706274,8.257301128610577e-05
121,1.897597129990773e-05,0.00028841356222924835,0.0003860669893948261,6.468554043322013e-05,0.00603802187544716,0.004621819312950023,0.01368954126101488,0.0004950586358323002,0.0020426553770330766,0.0005631631579855313,0.001494669649657134,0.02340467169750784,8.257301128604329e-05
122,1.897560400330169e-05,0.0002884266146025772,0.00038602947764580537,6.468057610287673e-05,0.0060380159818720965,0.004621830212442844,0.01368953402222687,0.0004950582769791446,0.0020426500589216944,0.0005631684761103528,0.0014947123090897705,0.023404666362488398,8.257464717359023e-05
123,1.8975606594653187e-05,0.00028842661343238816,0.0003860294866408104,6.468058260422826e-05,0.006038015978143736,0.004621833897786093,0.013689532357603042,0.0004950582933489109,0.0020426500632482877,0.0005631684717836912,0.0014947122914551762,0.023404666366632083,8.257464717384063e-05
124,1.897560433157744e-05,0.00028842661075368265,0.0003860294678250918,6.468057340208857e-05,0.006038015981901735,0.004621830229050482,0.01368953401105129,0.0004950582786718956,0.002042650055654033,0.0005631684793779839,0.0014947123284079046,0.0234046663592392,8.257464717461297e-05
125,1.8975606196074126e-05,0.00028842661088701116,0.00038602947815088334,6.468058027514072e-05,0.006038015978029302,0.004621833888037464,0.01368953236356741,0.0004950582920877923,0.0020426500610551497,0.0005631684739768461,0.0014947123075782953,0.023404666364341936,8.257464717476125e-05
126,1.897560113441697e-05,0.0002884266012705688,0.00038602941872255216,6.468057044122212e-05,0.006038015971036486,0.004621816331585965,0.013689540281881222,0.0004950582261331256,0.0020426500528210835,0.0005631684822109019,0.0014947124068263164,0.02340466635703893,8.257464717355189e-05
127,1.897560407909704e-05,0.0002884265368353809,0.0003860285025910436,6.468039520334697e-05,0.00603801588179079,0.004621817115552306,0.013689539750118829,0.0004950583033477488,0.0020426498475747228,0.0005631686874564854,0.0014947138534270312,0.02340466615104325,8.2574647239181e-05
128,2.570237652807233e-05,0.0002909139884924992,0.00038995258079454256,4.838956237979752e-05,0.006055205723872974,0.006623673377337708,0.012583574461525523,0.0007161896542427457,0.002016601238375817,0.0005892169998387469,0.0015063486793653162,0.02337674173654792,8.257300986749874e-05
129,2.5702242725716336e-05,0.00029091395386853777,0.0003899526818624755,4.838976147097235e-05,0.006055205553315604,0.006623726116470947,0.012583550512953607,0.0007161855970116476,0.0020166016109253995,0.0005892166273049423,0.0015063483646769972,0.02337674212739738,8.257300986755516e-05
130,2.5702376732616344e-05,0.0002909139864567475,0.0003899525731765273,4.8389559617398056e-05,0.006055205724378718,0.00662367355096532,0.012583574362482164,0.0007161896764527711,0.00201660123493332,0.0005892170032813187,0.0015063486946104885,0.023376741732860026,8.257300986753407e-05
131,2.570184044285667e-05,0.0002909262950674234,0.00038991689789247947,4.8386077129224354e-05,0.006055198923084052,0.006623722275743819,0.012583550770762921,0.0007161850850079396,0.002016597789428545,0.0005892204488120959,0.0015063879589274787,0.023376738297796403,8.257461621106263e-05
132,2.570197005202268e-05,0.0002909263270829306,0.00038991678399859036,4.8385883214058555e-05,0.006055199084955343,0.006623668877051062,0.012583575086990869,0.0007161890770059191,0.0020165974271646107,0.0005892208110600599,0.0015063882863195095,0.02337673791793267,8.257461621046327e-05
133,2.570245687442197e-05,0.00029092645586324407,0.0003899164215014578,4.838514453205132e-05,0.006055199720937339,0.006623466863547189,0.01258366717787754,0.0007162039310591822,0.002016596055518455,0.0005892221826495028,0.0015063894391476613,0.02337673647830304,8.257461620464864e-05
134,1.8800341933091795e-05,0.0002894795055582763,0.0003851768314500319,6.510424984695571e-05,0.006037353116776104,0.004572099467162307,0.014030552848826993,0.0004894131849085444,0.0020433301859883878,0.0005624883575278582,0.0015022610761605,0.023405406596059462,8.260831056814799e-05
135,1.8800343011156204e-05,0.00028947950558284326,0.00038517683601900266,6.510424699457756e-05,0.006037353120904024,0.004572101276665813,0.014030552092852585,0.0004894132214877153,0.002043330181519032,0.000562488361997164,0.0015022610736236614,0.02340540659118257,8.260831056780595e-05
136,1.8800337776626198e-05,0.00028947950535924245,0.00038517681449119935,6.510426108744364e-05,0.006037353100809527,0.004572092619968445,0.014030555710907838,0.0004894130440751925,0.0020433302035040802,0.0005624883400123667,0.001502261084923451,0.023405406615067143,8.260831056943159e-05
137,1.8800342031382766e-05,0.0002894795048743222,0.00038517683225253836,6.5104249596266e-05,0.006037353117253169,0.004572099474296963,0.014030552844722748,0.0004894131855806279,0.002043330185589689,0.0005624883579265455,0.0015022610761184624,0.02340540659562277,8.260831056819556e-05
138,1.880034310903297e-05,0.0002894795048979857,0.0003851768368253233,6.510424674582602e-05,0.006037353121380314,0.004572101283765921,0.01403055208875078,0.000489413222156105,0.002043330181116505,0.0005624883623996763,0.001502261073573876,0.023405406590789504,8.260831056785384e-05
139,1.8800337875215293e-05,0.00028947950467592614,0.00038517681529056026,6.510426083491334e-05,0.0060373531012879325,0.004572092627111714,0.014030555706809687,0.0004894130447473434,0.002043330203107811,0.0005624883404086306,0.0015022610848869533,0.0234054066147066,8.260831056947994e-05
140,1.880034567958388e-05,0.0002894795606569885,0.0003851764600418787,6.510417124248346e-05,0.006037353087357699,0.0045720999788104654,0.014030552522339972,0.0004894132320392337,0.0020433300913207547,0.0005624884521949686,0.0015022615907134035,0.023405406501000613,8.260831058692858e-05
141,1.8800346757901984e-05,0.0002894795606825227,0.0003851764646043017,6.510416838743005e-05,0.006037353091486771,0.004572101788347802,0.014030551766351564,0.0004894132686248355,0.002043330086851527,0.0005624884566641479,0.0015022615881852804,0.023405406496194568,8.260831058658692e-05
142,1.8800341522435867e-05,0.0002894795604573255,0.00038517644308142505,6.510418248404772e-05,0.006037353071389904,0.004572093131548246,0.014030555384473741,0.000489413091185699,0.00204333010884142,0.0005624884346745067,0.0015022615994771454,0.023405406520011173,8.26083105882141e-05
143,1.8812075561424907e-05,0.00028917293528361523,0.0003864267017219816,6.528419768281012e-05,0.0060375351073432395,0.004572160197380366,0.014030617213073212,0.0004894195843602677,0.0020435255709054983,0.0005622929723048638,0.0015007123553462932,0.023405602465155374,8.257301764565985e-05
144,1.8812075716653872e-05,0.00028917293514092566,0.0003864267078188937,6.528419425669652e-05,0.0060375351125268725,0.004572162016567073,0.014030616451905745,0.000489419621701642,0.002043525566512457,0.0005622929766979227,0.0015007123518478796,0.02340560246037146,8.257301764568303e-05
145,1.8812070537918577e-05,0.0002891729340341607,0.0003864266902736246,6.528420951794596e-05,0.006037535092408648,0.004572153310463728,0.014030620097045322,0.0004894194408932065,0.0020435255897698593,0.0005622929534407367,0.0015007123575582026,0.02340560248558505,8.25730176456323e-05
146,1.8812076000346104e-05,0.0002891729333628555,0.0003864267082642976,6.528419860316726e-05,0.006037535108312364,0.004572160203880225,0.014030617209899444,0.000489419584918176,0.002043525571589143,0.0005622929716211999,0.0015007123477078813,0.02340560246585562,8.25730176457317e-05
147,1.8812076128564585e-05,0.0002891729337364892,0.0003864267123440767,6.528419489435221e-05,0.006037535113177791,0.004572162023005144,0.01403061644862345,0.0004894196222464541,0.0020435255668953007,0.000562292976315054,0.001500712346644172,0.023405602460766468,8.257301764573573e-05
148,1.881207096769804e-05,0.00028917293301964904,0.0003864266932350728,6.528420995162902e-05,0.006037535092818758,0.004572153316784788,0.014030620093720452,0.0004894194414267866,0.002043525589919217,0.000562292953291362,0.0015007123541930186,0.0234056024857423,8.257301764567333e-05
149,1.881206774806619e-05,0.0002891729656776755,0.0003864265083853392,6.528414570570872e-05,0.006037535103289086,0.0045721606346240595,0.01403061694727115,0.0004894196241421207,0.002043525515981667,0.00056229302722885,0.0015007126368280304,0.023405602409864924,8.25730176485943e-05
150,1.8812067832669517e-05,0.0002891729659638122,0.0003864265129693327,6.528414205937316e-05,0.006037535108246247,0.004572162453742636,0.01403061618604351,0.0004894196614742138,0.0020435255113876987,0.0005622930318228257,0.0015007126351383932,0.02340560240481637,8.257301764860726e-05
151,1.8812062654847204e-05,0.0002891729656588709,0.0003864264920223337,6.528415684250061e-05,0.006037535087637357,0.004572153747357176,0.014030619831073305,0.0004894194806212006,0.002043525534105359,0.0005622930091053899,0.001500712644956341,0.023405602429513502,8.257301764852176e-05
152,1.881164207954296e-05,0.0002891855513427949,0.00038637772357261207,6.527742427912935e-05,0.006037527699789557,0.004572157658443562,0.014030614973052488,0.0004894192477317841,0.002043518236956021,0.0005623003062668846,0.0015007724564199269,0.023405595110337324,8.257478343193701e-05
153,1.8811642191311647e-05,0.0002891855515668102,0.0003863777282921401,6.527742064640518e-05,0.006037527704773484,0.004572159477307743,0.014030614211914651,0.0004894192850755088,0.002043518232347018,0.0005623003108758959,0.0015007724545901778,0.02340559510534991,8.257478343214872e-05
154,1.881163701839486e-05,0.00028918555072985567,0.00038637770953865535,6.527743574269875e-05,0.006037527684480804,0.004572150772302068,0.0140306178564581,0.0004894191041949887,0.002043518255419575,0.0005623002878035658,0.0015007724617608225,0.02340559513044037,8.257478343082862e-05
155,1.8811642472013087e-05,0.00028918555042074405,0.0003863777260601423,6.527742462001731e-05,0.0060375277001524464,0.004572157664775223,0.0140306149696665,0.0004894192482674348,0.002043518237018367,0.0005623003062045263,0.0015007724536982411,0.02340559511043845,8.257478343276696e-05
156,1.881164260208724e-05,0.0002891855506453332,0.00038637773076689337,6.5277420995949e-05,0.006037527705123357,0.004572159483643476,0.01403061420852107,0.0004894192856138212,0.002043518232405246,0.0005623003108176436,0.001500772451869774,0.023405595105391058,8.257478343297867e-05
157,1.8811637417591772e-05,0.00028918554980748254,0.00038637771202471575,6.527743608841357e-05,0.006037527684838226,0.0045721507786331455,0.014030617853067076,0.0004894191047307711,0.0020435182554797517,0.0005623002877433678,0.0015007724590353109,0.023405595130409525,8.257478343165859e-05
158,1.8811634132628227e-05,0.00028918558410388274,0.0003863775196411095,6.527737060999712e-05,0.006037527694354681,0.00457215809619691,0.014030614706034221,0.0004894192875772316,0.00204351818019695,0.0005623003630261078,0.001500772751237926,0.023405595053147547,8.257478349434716e-05
159,1.881163425655939e-05,0.000289185584328448,0.00038637752435163967,6.527736698002783e-05,0.006037527699334114,0.004572159915094279,0.014030613944889546,0.0004894193249317971,0.0020435181755896078,0.00056230036763346,0.0015007727494123194,0.023405595048183826,8.257478349455893e-05
160,1.8811629093192232e-05,0.00028918558348974265,0.000386377505597493,6.527738208720128e-05,0.0060375276790300535,0.0045721512099893575,0.014030617589502655,0.0004894191440192895,0.0020435181986681737,0.0005623003445551155,0.0015007727565689653,0.023405595073214845,8.257478349323891e-05
161,1.9132396246719697e-05,0.0002896351666676813,0.0003854304303563135,6.403012492630135e-05,0.0060384851978791156,0.004669559049880807,0.01396443870641727,0.0005000255580500236,0.0020417279307345087,0.0005640905953204921,0.0015030434394877243,0.02340369246318408,8.260826739631965e-05
162,1.913239637345972e-05,0.0002896351660186158,0.0003854304311229405,6.403012456640047e-05,0.006038485198456035,0.0046695590644367175,0.013964438697972792,0.0005000255593257448,0.002041727930155801,0.0005640905958991928,0.0015030434396056886,0.023403692462568428,8.260826739635951e-05
163,1.9132400611566987e-05,0.0002896352247400012,0.00038543004620264216,6.403004360819695e-05,0.006038485167426213,0.0046695597684298,0.013964438264292408,0.0005000256249484677,0.002041727832630049,0.0005640906934241289,0.0015030439702673562,0.02340369236452889,8.26082674157028e-05
164,1.9144825963115257e-05,0.00028933073152845665,0.0003866715300412882,6.420533990595818e-05,0.006038669249124644,0.004669705203646564,0.013964453553547036,0.0005000393957888191,0.0020419173174644665,0.0005639012082316695,0.0015015093793345805,0.02340388223725716,8.257301756898842e-05
165,1.9144826358249256e-05,0.000289330730399036,0.0003866715333937596,6.420534023810292e-05,0.006038669249744645,0.0046697052177359045,0.013964453545673109,0.0005000393970124996,0.0020419173175164245,0.0005639012081796979,0.0015015093757238555,0.023403882237264542,8.257301756903639e-05
166,1.9144819421729863e-05,0.0002893307630410957,0.0003866713329209629,6.420528651417594e-05,0.006038669245293358,0.00466970583444399,0.013964453180105687,0.0005000394530756241,0.002041917259642709,0.0005639012660533754,0.0015015096661170524,0.023403882178918686,8.257301757193731e-05
167,1.9144391940234603e-05,0.00028934329842271564,0.00038662268323601116,6.419868669491892e-05,0.006038661763249554,0.004669702258725768,0.013964451608779724,0.000500039017828154,0.0020419101221289373,0.0005639084035796148,0.0015015692155422168,0.023403875022150532,8.25747817541207e-05
168,1.9144392273912648e-05,0.0002893432975383002,0.0003866226857107041,6.419868692193105e-05,0.00603866176372564,0.004669702270912,0.01396445160190588,0.0005000390189408529,0.0020419101220924595,0.0005639084036160722,0.0015015692129482974,0.023403875022103268,8.257478175495046e-05
169,1.9144385223353127e-05,0.00028934333248172185,0.00038662247468023374,6.419863155695511e-05,0.006038661757866606,0.004669702884511832,0.013964451237403535,0.0005000390747237322,0.0020419100624447482,0.0005639084632637636,0.0015015695166181663,0.023403874961964062,8.257478181653495e-05
170,2.5181836142798667e-05,0.00029180704417303545,0.00038870009775647817,4.920621707453754e-05,0.006054040877239053,0.0064735150099948366,0.012967917753833949,0.0006969934602161147,0.002018098670828897,0.0005877195853681301,0.0015141077530051554,0.02337837457070916,8.260768866162065e-05
171,2.518178917557445e-05,0.00029180702344269065,0.00038870013453151696,4.920631735640829e-05,0.006054040788946265,0.0064735564240633045,0.012967897951059223,0.0006969922561783473,0.0020180988365224397,0.0005877194196760577,0.0015141076082773061,0.0233783747451605,8.260768866211833e-05
172,2.518201050637793e-05,0.00029180712077975576,0.0003886999540673412,4.9205852746238376e-05,0.006054041195084236,0.00647335785008595,0.01296799300675751,0.0006969978463999347,0.0020180980642501792,0.0005877201919385853,0.0015141082874547116,0.02337837393527199,8.260768866016491e-05
173,2.518183478131335e-05,0.00029180704327860427,0.000388700097132308,4.9206219275795e-05,0.006054040874890751,0.0064735146628406405,0.01296791794770244,0.0006969934198771588,0.002018098674836889,0.0005877195813603264,0.001514107752293021,0.023378374574864545,8.260768866181618e-05
174,2.518178961469245e-05,0.0002918070229773497,0.00038870013546260783,4.920631592438644e-05,0.006054040790626082,0.006473556573739927,0.012967897868451587,0.0006969922705578718,0.0020180988344523604,0.0005877194217463164,0.0015141076094474415,0.023378374742808062,8.260768866213585e-05
175,2.5182010335656302e-05,0.00029180712018331056,0.00038869995402950877,4.920585283858437e-05,0.006054041194983242,0.0064733578446667115,0.012967993009501091,0.0006969978465459437,0.002018098064540518,0.00058772019164835,0.0015141082881385704,0.023378373935446936,8.260768866026917e-05
176,2.518184846988845e-05,0.0002918071058211601,0.0003886996797735389,4.920615315008996e-05,0.006054040820199327,0.006473516552212594,0.012967916859473945,0.0006969936234577154,0.002018098582815504,0.0005877196733760336,0.0015141082984074814,0.02337837448690258,8.2607688682252e-05
177,2.518180281801785e-05,0.0002918070855609128,0.00038869971582025664,4.9206251317223166e-05,0.006054040733782663,0.006473558421718218,0.012967896805062652,0.0006969924672160835,0.0020180987446008713,0.0005877195115919803,0.00151410815656018,0.023378374657205627,8.260768868272484e-05
178,2.5182023859836406e-05,0.0002918071826737208,0.00038869953723739433,4.920578646846049e-05,0.006054041140695651,0.006473359669722499,0.012967991959969559,0.0006969980353394169,0.002018097972487107,0.0005877202836962213,0.0015141088339639401,0.02337837384741237,8.260768868067826e-05
179,2.5192677140758665e-05,0.00029151673025846727,0.00038991332611936153,4.933869812206331e-05,0.006054258341018424,0.006473805464489748,0.012967830225288076,0.0006970196325270996,0.0020182400087872705,0.0005875782474914,0.0015126477321795366,0.023378515741697036,8.257301625612707e-05
180,2.5192628940461545e-05,0.0002915167100830065,0.00038991335972037185,4.933879868447494e-05,0.006054258251545101,0.006473846561245769,0.012967810595579677,0.000697018397702519,0.0020182401762604677,0.0005875780800202756,0.001512647591228408,0.02337851591753224,8.257301625619796e-05
181,2.519284901360641e-05,0.00029151680195816266,0.00038991320347824237,4.933833885039212e-05,0.006054258659924516,0.006473648064231639,0.012967905620808844,0.000697023980961286,0.002018239410783834,0.000587578845487396,0.0015126482394043131,0.0233785151143196,8.257301625588726e-05
182,2.5192676809715133e-05,0.0002915167289598689,0.0003899133293860091,4.933869906960538e-05,0.006054258341021575,0.006473805304768248,0.012967830312826877,0.0006970196169585695,0.0020182400102290066,0.0005875782460496813,0.0015126477281834836,0.023378515743237075,8.257301625617898e-05
183,2.5192630170317586e-05,0.00029151670990241096,0.00038991336092102644,4.9338796378475156e-05,0.006054258254162511,0.006473846910730217,0.012967810402118616,0.0006970184340620786,0.002018240172288056,0.0005875780839926407,0.0015126475925918484,0.02337851591328657,8.257301625622728e-05
184,2.5192848620951294e-05,0.0002915168006983574,0.0003899132068296695,4.933834002831781e-05,0.006054258659724125,0.006473647920251513,0.012967905700734491,0.0006970239654031758,0.002018239412570213,0.0005875788437010385,0.0015126482349819734,0.023378515116198102,8.257301625593738e-05
185,2.5192684963257746e-05,0.00029151676398225465,0.0003899130954312342,4.9338652012376565e-05,0.0060542583202595045,0.006473807152722864,0.01296782927065228,0.0006970197933832193,0.0020182399472981733,0.0005875783089800433,0.0015126480488437954,0.02337851567917837,8.257301625906733e-05
186,2.519263886207006e-05,0.00029151674484759,0.0003899131278455296,4.9338748329055895e-05,0.006054258234631081,0.006473848891147735,0.012967809284711659,0.0006970186282314914,0.002018240107638641,0.0005875781486415737,0.0015126479133721381,0.023378515847399552,8.257301625912118e-05
187,2.5192857875015646e-05,0.0002915168362177762,0.0003899129722931166,4.933829069512296e-05,0.006054258641039178,0.006473650082882007,0.012967904483095715,0.0006970241771554732,0.0020182393458338136,0.0005875789104369286,0.00151264855857502,0.0233785150480864,8.257301625881405e-05
188,2.5192219531228078e-05,0.00029152873398816635,0.00038986573372076387,4.933354442126452e-05,0.006054249770236375,0.00647380121156515,0.012967829875859751,0.0006970191148616707,0.0020182345532068434,0.0005875837030816728,0.0015127047039922245,0.02337851027590525,8.257475315634159e-05
189,2.519217187173455e-05,0.0002915287142350214,0.0003898657662891261,4.9333643782303823e-05,0.006054249681651086,0.006473842467165042,0.012967810156888795,0.0006970178997969249,0.0020182347187236846,0.0005875835375668874,0.0015127045653653556,0.023378510449663444,8.257475315767295e-05
190,2.519239072278645e-05,0.00029152880585506464,0.0003898656091702522,4.9333186259921945e-05,0.006054250087499502,0.0064736436205586,0.012967905378080595,0.0006970234408090767,0.002018233957218592,0.0005875842990625143,0.0015127052121928898,0.023378509650701,8.257475315104312e-05
191,2.5192218845852317e-05,0.0002915287329155032,0.0003898657357396053,4.9333545982501956e-05,0.0060542497692756755,0.006473800975730257,0.01296783000607806,0.000697019090662709,0.002018234555734352,0.0005875837005541902,0.0015127047006490188,0.02337851027860593,8.257475315717767e-05
192,2.5192172566668697e-05,0.00029152871355771865,0.00038986576880709886,4.933364272171025e-05,0.006054249683418317,0.006473842665336631,0.012967810048471707,0.0006970179176478197,0.00201823471676295,0.0005875835395275919,0.001512704564062834,0.023378510447567814,8.257475315850349e-05
193,2.5192391448315008e-05,0.00029152880515963617,0.00038986561190229607,4.933318518593894e-05,0.006054250089341401,0.006473643821940186,0.01296790526666245,0.0006970234618503267,0.0020182339552056805,0.0005875843010754,0.0015127052106514893,0.02337850964854506,8.257475315187688e-05
194,2.519222567949017e-05,0.0002915287691003249,0.00038986549344654316,4.9333500334945e-05,0.0060542497447312,0.006473802403330369,0.012967829195734758,0.0006970192229691862,0.002018234495843389,0.0005875837604447363,0.0015127050292745462,0.023378510217889774,8.257475321910983e-05
195,2.519217909818328e-05,0.0002915287495601573,0.000389865527169238,4.9333597822109365e-05,0.006054249658323802,0.006473844011618829,0.012967809282841756,0.0006970180424707286,0.002018234658048192,0.0005875835982419445,0.001512704891144312,0.02337851038810425,8.257475322044165e-05
196,2.519240061666592e-05,0.0002915288418735353,0.000389865371444419,4.933313533108022e-05,0.006054250069471996,0.006473645938789243,0.012967904069636129,0.0006970236784921282,0.0020182338879622987,0.0005875843683182767,0.0015127055413403155,0.023378509579830783,8.257475321380381e-05
197,1.8974082846320555e-05,0.00028955343005993163,0.000385370061226828,6.455010257619532e-05,0.006037955141898021,0.0046222993355580656,0.013689202121455423,0.0004951059903869279,0.0020425008651580047,0.0005633176693860633,0.0015025911095615193,0.02340451666843028,8.260828469237646e-05
198,1.8974082386940428e-05,0.00028955343506727735,0.0003853700214665439,6.455009671588142e-05,0.006037955136227947,0.00462228155575647,0.013689210166143523,0.0004951058998127738,0.002042500858912716,0.0005633176756312184,0.001502591162367273,0.023404516663312308,8.260828469451709e-05
199,1.8974082953637467e-05,0.00028955342936774325,0.00038537006210938085,6.455010242558318e-05,0.00603795514230151,0.004622299342374267,0.01368920211772068,0.0004951059912401344,0.0020425008648620267,0.0005633176696820258,0.0015025911092969805,0.02340451666809649,8.260828469241636e-05
200,1.897408254210332e-05,0.00028955343453856145,0.00038537002157358217,6.455009611836805e-05,0.006037955136846061,0.00462228158164106,0.013689210150749377,0.0004951059023532937,0.00204250085804579,0.0005633176764981322,0.0015025911634770472,0.023404516662379672,8.260828469459053e-05
201,1.8974087450683432e-05,0.00028955349079743976,0.0003853696612878851,6.455001644087732e-05,0.006037955111705216,0.004622300117153221,0.013689201644049262,0.0004951060629210923,0.0020425007608697943,0.0005633177736737175,0.001502591664044661,0.023404516563486074,8.260828471236664e-05
202,1.8974087008033504e-05,0.00028955349585974124,0.0003853696212706848,6.45500104229429e-05,0.006037955106115551,0.004622282343638947,0.013689209685069944,0.0004951059727894196,0.002042500754416484,0.000563317780126888,0.001502591717317832,0.023404516558164026,8.260828471452281e-05
203,1.8983377760610768e-05,0.000289249715012965,0.00038659856670601267,6.472953839542997e-05,0.006038131710947407,0.004622464144710588,0.013689211702015595,0.0004951205632661472,0.0020426981694936733,0.0005631203631520986,0.0015010668585641435,0.02340471467627749,8.257301781355277e-05
204,1.898337463173929e-05,0.00028924971458401956,0.000386598574183171,6.472953983525631e-05,0.006038131711114653,0.004622467621797063,0.013689210150409062,0.0004951205576050165,0.0020426981723077105,0.0005631203603435067,0.0015010668523811222,0.023404714678192832,8.257301781356118e-05
205,1.8983373086678092e-05,0.00028924972212490707,0.0003865985758938165,6.472950839460472e-05,0.006038131741177897,0.004622449879607322,0.013689218171654869,0.0004951204355394834,0.0020426981320988886,0.0005631204005691151,0.001501066892679257,0.02340471463608826,8.25730178135265e-05
206,1.8983376687950517e-05,0.00028924971308331965,0.0003865985752834573,6.472954353955472e-05,0.006038131708248951,0.00462246395808801,0.013689211804593662,0.0004951205483291112,0.0020426981767208497,0.0005631203559246643,0.0015010668435196258,0.02340471468332831,8.257301781358643e-05
207,1.8983374197927094e-05,0.00028924971263541503,0.0003865985849973401,6.472954358749364e-05,0.006038131710519389,0.0046224676409293685,0.013689210143320371,0.0004951205578510858,0.002042698177261519,0.0005631203553892142,0.0015010668358365774,0.02340471468295493,8.257301781360225e-05
208,1.8983374249877915e-05,0.0002892497224730547,0.00038659856828677364,6.472950690681246e-05,0.006038131740621066,0.004622449777694787,0.013689218221578632,0.0004951204320704957,0.002042698129598627,0.0005631204030680912,0.0015010669024703147,0.02340471463388053,8.257301781354504e-05
209,1.898338449310365e-05,0.00028924974657985083,0.000386598363655056,6.472948265967415e-05,0.006038131707955222,0.004622464518878396,0.013689211454213738,0.0004951206103313142,0.0020426980976961454,0.0005631204349488715,0.001501067151903151,0.02340471460451373,8.257301781645663e-05
210,1.8983377466597324e-05,0.00028924974343413017,0.0003865983896812839,6.472949239836592e-05,0.006038131704929651,0.00462246840244641,0.013689209701669718,0.0004951206216842785,0.0020426981135177047,0.0005631204191346798,0.001501067117727958,0.02340471461827421,8.25730178164696e-05
211,1.8983379155783858e-05,0.000289249753147795,0.0003865983819038132,6.472945355547261e-05,0.006038131739790663,0.00462245056575773,0.013689217761500515,0.0004951205011424856,0.002042698061784791,0.0005631204708831854,0.001501067174798935,0.023404714565253525,8.25730178164145e-05
212,1.8982939124371624e-05,0.00028926229189635684,0.0003865497393276385,6.472283240918734e-05,0.006038124284294427,0.004622460854759277,0.013689209907118484,0.0004951201619730023,0.0020426909171441946,0.0005631276155151564,0.001501126726620566,0.023404707403924044,8.25747869756732e-05
213,1.898293724626027e-05,0.000289262291246291,0.00038654975556501623,6.472283281442259e-05,0.0060381242880899145,0.004622464495288536,0.013689208266634606,0.000495120170323695,0.0020426909175574985,0.0005631276151066832,0.001501126709910554,0.02340470740362609,8.257478697585438e-05
214,1.898293551619292e-05,0.0002892622994073687,0.0003865497495724778,6.472280077978147e-05,0.006038124316539284,0.00462244664898264,0.013689216342588595,0.0004951200406030139,0.002042690876866024,0.0005631276558150134,0.0015011267601696373,0.02340470736093328,8.257478697468634e-05
215,1.898293802235833e-05,0.00028926229031732474,0.0003865497412585103,6.472283604512333e-05,0.006038124281243161,0.004622460787487619,0.013689209946580171,0.0004951201554328773,0.002042690922600288,0.0005631276100588621,0.0015011267216208158,0.023404707409345624,8.257478697650215e-05
216,1.898293535945119e-05,0.00028926228927165116,0.00038654976053366434,6.472283630434237e-05,0.0060381242859095475,0.0046224647338810095,0.013689208147344985,0.0004951201818285191,0.0020426909233532253,0.0005631276093115832,0.001501126702698796,0.023404707408974323,8.257478697668377e-05
217,1.8982935223838228e-05,0.00028926229815086336,0.00038654975248044897,6.472280212589227e-05,0.006038124316053224,0.004622446684560135,0.013689216325239652,0.0004951200429542681,0.0020426908788501925,0.0005631276538306131,0.0015011267561068267,0.023404707362970255,8.257478697551389e-05
218,1.8982945513316143e-05,0.00028926232410998623,0.0003865495406519518,6.472277689828085e-05,0.0060381242822595965,0.004622461436785993,0.013689209550238949,0.0004951202219831507,0.002042690845815952,0.0005631276868430202,0.0015011270140432994,0.023404707332357718,8.257478703797658e-05
219,1.8982943616407355e-05,0.0002892623234197571,0.0003865495583684314,6.472277657663279e-05,0.006038124287151726,0.004622465244138433,0.013689207822250948,0.0004951202413989984,0.002042690845304085,0.0005631276873599361,0.0015011269966594305,0.023404707331109,8.257478703815839e-05
220,1.8982941239739638e-05,0.00028926233142064135,0.00038654955225125186,6.472274544261758e-05,0.006038124314628136,0.004622447307207828,0.013689215947490684,0.0004951201039425984,0.0020426908062453498,0.0005631277264360074,0.0015011270466524832,0.023404707289908764,8.257478703698979e-05
221,1.877469635266655e-05,0.0002894612892766498,0.00038518350068742873,6.519393485093134e-05,0.006037266614629362,0.0045644491516885245,0.013995437980286084,0.0004886331373007282,0.002043461715448413,0.000562356829501612,0.0015021434037733865,0.023405546379280648,8.26083129298378e-05
222,1.877469732185229e-05,0.0002894612892009721,0.0003851835093868242,6.519393304925769e-05,0.006037266618919022,0.004564451192085255,0.013995437108976069,0.000488633173461071,0.0020434617123084114,0.0005623568326415734,0.0015021433947847364,0.023405546375777436,8.260831292919843e-05
223,1.877469217980453e-05,0.00028946129008025737,0.0003851834861876144,6.519394630685915e-05,0.0060372665991763295,0.0045644413870539035,0.013995441305491524,0.0004886329937312704,0.002043461733212986,0.0005623568117372263,0.0015021434080968394,0.0234055463985789,8.260831293075819e-05
224,1.877469671329793e-05,0.00028946128785136137,0.00038518349087850455,6.519393211990825e-05,0.006037266614462903,0.004564449184025094,0.013995437960873864,0.000488633140209363,0.0020434617119220364,0.000562356833027957,0.001502143421054121,0.023405546375728548,8.260831293082618e-05
225,1.8774692540222604e-05,0.00028946128859948613,0.000385183476502986,6.519394360142155e-05,0.006037266599020673,0.004564441419234117,0.01399544128621897,0.0004886329966211549,0.002043461729732089,0.0005623568152181025,0.0015021434252427807,0.02340554639518852,8.260831293175177e-05
226,1.8774695935657752e-05,0.0002894707392816063,0.00038517595791427,6.519205297218043e-05,0.006037266459944978,0.0045644695564357775,0.013995425921492012,0.0004886347225317841,0.002043459292178689,0.0005623592527614513,0.0015021459060588274,0.023405543928444083,8.260831487236762e-05
227,1.878502334932104e-05,0.00028915725812604545,0.00038641576467078284,6.536770528617334e-05,0.006037449738253834,0.004564627925371335,0.013995434932292628,0.0004886496005280793,0.0020436507332142464,0.000562167811493182,0.001500622559361009,0.02340573578976352,8.257301762188431e-05
228,1.8785026669525408e-05,0.000289157258947269,0.00038641576242402835,6.536770135969589e-05,0.006037449741381575,0.004564630108294768,0.013995433981312278,0.0004886496494228819,0.002043650726281492,0.0005621678184258295,0.0015006225650171828,0.02340573578231293,8.257301762188462e-05
229,1.878501020432224e-05,0.00028915725589235023,0.00038641576988891367,6.536772029765008e-05,0.006037449725371328,0.004564619659263707,0.01399543853559122,0.0004886494118685087,0.0020436507595637627,0.0005621677851440908,0.0015006225417416464,0.023405735818059468,8.257301762182584e-05
230,1.8781464820044324e-05,0.00028915457785089416,0.00038643167553168713,6.537369482366091e-05,0.006037446475185026,0.004564578095135792,0.013995464363003538,0.0004886474758094297,0.002043656934482265,0.0005621616096041542,0.0015006028739580125,0.02340574274209717,8.257301762241676e-05
231,1.878142023033723e-05,0.0002891545723638574,0.00038643172354893465,6.537371498878373e-05,0.0060374464687522715,0.004564570311829956,0.013995467698382256,0.0004886473266656783,0.0020436569482233987,0.0005621615958570169,0.0015006028526093158,0.02340574275696093,8.257301762236763e-05
232,1.8785015449339372e-05,0.00028915728394780376,0.0003864155862882312,6.536766253227804e-05,0.006037449729582149,0.004564627793409368,0.013995434977725957,0.0004886495943275197,0.0020436506859074373,0.0005621678587999061,0.0015006228184885097,0.023405735742523564,8.25730176247803e-05
233,1.8785018717114346e-05,0.0002891572845346813,0.0003864155853176478,6.536765867695716e-05,0.006037449732995185,0.004564629965597607,0.013995434032625816,0.0004886496425380018,0.0020436506793129142,0.0005621678653943259,0.0015006228224772825,0.023405735735449764,8.257301762479166e-05
234,1.878458468453102e-05,0.0002891698822682753,0.00038636689563780857,6.536094080765079e-05,0.006037442353346753,0.004564625310642904,0.013995432747184455,0.00048864925457322,0.002043643414188482,0.0005621751305317949,0.001500682502429177,0.023405728449568886,8.257478291524289e-05
235,1.8784588039155345e-05,0.00028916988287158035,0.0003863668942596633,6.536093701066814e-05,0.006037442356596373,0.004564627495577075,0.013995431795157096,0.0004886493036505267,0.0020436434073642443,0.0005621751373559206,0.00150068250703568,0.023405728442244682,8.257478291547515e-05
236,1.8784571524000328e-05,0.00028916987998979336,0.0003863669010783256,6.536095580836146e-05,0.006037442340534985,0.00456461704399509,0.013995436350838449,0.0004886490657961006,0.0020436434405962235,0.0005621751041244769,0.0015006824845317035,0.02340572847791421,8.257478291401857e-05
237,1.8781030818223206e-05,0.0002891672051611689,0.0003863828346660602,6.536694319862238e-05,0.006037439074110876,0.004564575449967775,0.013995462199337548,0.0004886471306096038,0.002043649628176274,0.0005621689159218888,0.001500662771341158,0.02340573541516657,8.257478292669761e-05
238,1.878098654006236e-05,0.00028916720183172235,0.000386382876664658,6.536696453000869e-05,0.006037439064769602,0.004564567668297955,0.013995465534396831,0.0004886469818354486,0.0020436496437076686,0.0005621689003841111,0.0015006627530865918,0.02340573543143284,8.257478292558126e-05
239,1.878457671827789e-05,0.00028916990956292783,0.0003863667102872409,6.536089685869054e-05,0.006037442343845124,0.004564625176619611,0.013995432793040864,0.0004886492483099719,0.0020436433656253095,0.0005621751790948747,0.0015006827704642284,0.02340572840101084,8.257478297750554e-05
240,1.8784580095555272e-05,0.0002891699100892471,0.00038636670923663765,6.536089299192637e-05,0.006037442347241702,0.004564627353872533,0.013995431845124466,0.0004886492969513075,0.0020436433589403813,0.0005621751857796972,0.0015006827745862865,0.02340572839385875,8.257478297773797e-05
241,1.911756125090111e-05,0.00028962271894173694,0.0003854444899650855,6.408247648644541e-05,0.006038437625817014,0.0046649719691237886,0.013927429433619359,0.0004996064503487067,0.0020418045739052696,0.0005640139529716242,0.0015029544212526575,0.023403773379375374,8.260826832416247e-05
242,1.9117561328858358e-05,0.000289622718197619,0.0003854444911631361,6.408247640079826e-05,0.006038437626238554,0.004664971977957318,0.013927429429074522,0.0004996064507125766,0.0020418045737240448,0.0005640139531528359,0.0015029544205677275,0.023403773379229036,8.260826832419391e-05
243,1.912765259129377e-05,0.00028933198552962783,0.0003866298538388114,6.424790215810984e-05,0.006038615415659889,0.0046651440558955716,0.01392742530520647,0.0004996221306933717,0.002041984257193641,0.0005638342694538973,0.0015014922742575293,0.023403953431297336,8.257478125576842e-05
244,2.597236848385381e-05,0.0002917219107122898,0.0003903011898290279,4.792782809356474e-05,0.006055760713427102,0.006704131039965945,0.012795276088324795,0.0007242463640403157,0.0020157810535532195,0.0005900371745104898,0.0015135846039673194,0.023375867560334943,8.257475155575029e-05
245,1.9133061834977573e-05,0.0002896324851864893,0.0003854323061919971,6.403172271493104e-05,0.006038484130893815,0.004669559280324289,0.013964440216168527,0.0005000248422486857,0.002041729108573982,0.0005640894174386537,0.0015030199915940894,0.023403693661936703,8.260826770625805e-05
246,1.91330629056373e-05,0.0002896324847691767,0.00038543231297485453,6.403172143839013e-05,0.0060384841340985936,0.004669562387659476,0.013964438819899214,0.0005000248776471827,0.0020417291059847873,0.0005640894200278174,0.0015030199847820168,0.02340369365899231,8.260826770583167e-05
247,1.9133057156374988e-05,0.0002896324868294877,0.00038543228135707415,6.403172750553263e-05,0.006038484119040621,0.004669547506467682,0.013964445510350264,0.0005000247014071809,0.0020417291192037306,0.0005640894068090369,0.0015030200160941654,0.023403693674118396,8.260826770781016e-05
248,1.913306191579832e-05,0.00028963248451262724,0.00038543230676128863,6.403172240728896e-05,0.006038484131361118,0.00466955929063541,0.013964440210302246,0.0005000248433793871,0.0020417291081111246,0.0005640894179014949,0.001503019991920592,0.023403693661459054,8.26082677063195e-05
249,1.9133062981064972e-05,0.00028963248409183797,0.0003854323135609261,6.403172113377315e-05,0.0060384841345683385,0.004669562395843728,0.01396443881523652,0.0005000248784695621,0.0020417291055407735,0.00056408942047183,0.0015030199850885426,0.0234036936585551,8.260826770589008e-05
250,1.9133057251505672e-05,0.0002896324861510654,0.0003854322819629051,6.403172718945156e-05,0.006038484119527953,0.0046695475157448475,0.013964445505157479,0.0005000247023455171,0.0020417291187245453,0.0005640894072882182,0.0015030200163915833,0.023403693673622755,8.260826770786992e-05
251,1.913305908082877e-05,0.00028963254411258285,0.00038543191915249846,6.403162870707785e-05,0.006038484112376404,0.004669559997589975,0.013964439772120705,0.0005000249070225657,0.0020417290033064813,0.0005640895227057225,0.0015030205398923328,0.023403693556040932,8.26082677254136e-05
252,1.9133060160503774e-05,0.00028963254368631565,0.000385431925914532,6.403162749732883e-05,0.00603848411550896,0.004669563100803399,0.013964438378251244,0.0005000249419542326,0.0020417290007747877,0.0005640895252373804,0.0015030205330398936,0.02340369355312276,8.260826772498939e-05
253,1.913305443120592e-05,0.00028963254574423063,0.00038543189433583135,6.403163354713545e-05,0.006038484100479503,0.004669548221693931,0.013964445067689695,0.0005000247658789275,0.002041729013955015,0.000564089512057325,0.0015030205643252381,0.023403693568172127,8.260826772696609e-05
254,1.914247842673305e-05,0.0002893282591340293,0.0003866720098943056,6.420390063941183e-05,0.006038670935841432,0.004669719279940124,0.013964447301911577,0.0005000394464471092,0.002041917241026921,0.0005639012848256303,0.001501491760379602,0.02340388216515906,8.257301746901709e-05
255,1.9142473881570253e-05,0.0002893282599849736,0.0003866719818598756,6.420391035302865e-05,0.006038670918195582,0.00466970436054133,0.013964454017574592,0.00050003926139018,0.0020419172571812926,0.0005639012686714314,0.0015014917840870715,0.023403882183249226,8.257301746895017e-05
256,1.914247852235316e-05,0.00028932825803051546,0.00038667201323553855,6.420390082573675e-05,0.006038670936622624,0.0046697192888521775,0.01396444729718325,0.0005000394471697949,0.002041917241129037,0.0005639012847235189,0.0015014917569896196,0.02340388216523593,8.257301746907016e-05
257,1.9142386563465995e-05,0.0002893279736350178,0.0003866744786595192,6.420474111995093e-05,0.006038670808283315,0.004669683291519382,0.013964465958329994,0.0005000375965454198,0.0020419183682452604,0.0005639001575680514,0.001501487816455514,0.023403883316165632,8.257301746905254e-05
258,1.9142481026584295e-05,0.00028932828894090483,0.00038667179242165477,6.420385380405107e-05,0.006038670919395688,0.00466971680130392,0.013964448326045013,0.0005000394666297497,0.0020419171844557084,0.000563901341396312,0.0015014920646238806,0.023403882108479976,8.257301747192181e-05
259,1.914248190616385e-05,0.0002893282885378008,0.00038667179910230115,6.420385220732573e-05,0.0060386709228867,0.004669719910668661,0.013964446928264748,0.0005000395035654272,0.0020419171817000425,0.0005639013441519253,0.0015014920582899233,0.0234038821053526,8.257301747194204e-05
260,1.914247736995069e-05,0.0002893282893697876,0.000386671771174065,6.420386191800543e-05,0.006038670905274122,0.00466970499312426,0.013964453642771128,0.0005000393184284486,0.0020419171978389877,0.0005639013280131519,0.001501492081880658,0.023403882123450192,8.257301747187426e-05
261,1.9142038152883546e-05,0.00028934082871574237,0.000386623285244308,6.419726294413234e-05,0.006038663470082304,0.004669716327823289,0.01396444537294045,0.000500039067923089,0.002041910068711912,0.0005639084571532469,0.0015015514180531328,0.023403874972901268,8.257477961734941e-05
262,1.9141945614409487e-05,0.00028934054090285687,0.00038662576261507193,6.419810458575378e-05,0.006038663343885828,0.004669680338998491,0.013964464030490035,0.0005000372170266323,0.0020419111978827505,0.0005639073279432621,0.0015015474642042345,0.023403876125809187,8.257477961709008e-05
263,1.914203735120677e-05,0.00028934082797617034,0.00038662328207752654,6.419726482624246e-05,0.006038663467321154,0.004669713220976929,0.01396444676979,0.0005000390311819834,0.0020419100716891152,0.000563908454176093,0.001501551420699949,0.023403874976217938,8.257477961792644e-05
264,1.9142038245127562e-05,0.0002893408277813798,0.0003866232879289927,6.419726304218762e-05,0.006038663470758909,0.004669716336037554,0.013964445368417584,0.000500039068628904,0.002041910068704523,0.0005639084571606291,0.0015015514154446304,0.0234038749728698,8.257477961817987e-05
265,1.914194569435862e-05,0.00028934053997053564,0.00038662576520693707,6.419810472400678e-05,0.00603866334449429,0.004669680343346814,0.013964464028452929,0.0005000372174247122,0.0020419111979564433,0.0005639073278695629,0.0015015474616533351,0.023403876125867758,8.257477961792053e-05
266,1.9142040719265176e-05,0.0002893408601544665,0.0003866230600662194,6.419721492200689e-05,0.006038663452588529,0.004669713846562942,0.013964446397999222,0.0005000390877784523,0.0020419100107939747,0.0005639085150706442,0.0015015517320290381,0.023403874914903502,8.257477967953982e-05
267,1.914204159513473e-05,0.00028934085995229846,0.00038662306589851164,6.419721319688282e-05,0.006038663455962535,0.004669716956244214,0.013964444999769005,0.0005000391249393249,0.0020419100078975395,0.000563908517967028,0.0015015517267394929,0.023403874911639675,8.25747796797935e-05
268,1.9142037047774588e-05,0.0002893408607988602,0.00038662303787984016,6.419722292094597e-05,0.006038663438310897,0.004669702037733367,0.013964451715111363,0.0005000389395773138,0.00204191002406486,0.0005639085017998794,0.0015015517504157019,0.02340387492977182,8.257477967829e-05
269,2.51820384231584e-05,0.0002918054001492791,0.0003887045612865834,4.9205244863312624e-05,0.006054043115245253,0.006473492575729389,0.01296793056984504,0.0006969887854335294,0.002018097494367078,0.0005877207620986986,0.0015140831910007626,0.02337837313507041,8.260768860537696e-05
270,2.5181989769701997e-05,0.000291805379161156,0.00038870459947592357,4.92053464810703e-05,0.006054043026045418,0.006473533557815684,0.012967911005784738,0.0006969875353106722,0.0020180976635616557,0.0005877205929062303,0.0015140830437255113,0.02337837331270488,8.260768860584771e-05
271,2.5182212759151487e-05,0.00029180547661108937,0.0003887044160054708,4.920487821307834e-05,0.006054043434931268,0.006473335935623729,0.012968005538164944,0.0006969932224797804,0.0020180968852062933,0.0005877213712519383,0.0015140837312586249,0.023378372495892384,8.260768860411438e-05
272,2.5182037197325048e-05,0.00029180539913941414,0.0003887045612507145,4.9205247260399954e-05,0.0060540431128710895,0.0064734921562245255,0.012967930801736744,0.000696988741649184,0.0020180974984354296,0.0005877207580303889,0.0015140831892508475,0.02337837313945161,8.260768860553504e-05
273,2.518199138724258e-05,0.0002918053789555733,0.0003887046004377824,4.9205343508229715e-05,0.0060540430292524185,0.006473534007073916,0.012967910755622487,0.0006969875853906146,0.0020180976583909697,0.0005877205980768393,0.0015140830462072631,0.023378373307175702,8.260768860580983e-05
274,2.518221070141565e-05,0.00029180547539785104,0.000388704415377687,4.920488218200204e-05,0.006054043430837362,0.00647333527677127,0.012968005904851858,0.0006969931482729393,0.002018096891975039,0.0005877213644832637,0.0015140837286211535,0.02337837250317152,8.260768860435064e-05
275,2.5182045707132205e-05,0.0002918054606009224,0.00038870414758646965,4.9205173586435774e-05,0.0060540430667350865,0.006473493887219717,0.012967929807881444,0.0006969889049117941,0.00201809740445874,0.0005877208520065392,0.0015140837458646546,0.023378373044392046,8.260768862618477e-05
276,2.5181998283325706e-05,0.0002918054399704677,0.0003887041860680634,4.9205272930105105e-05,0.006054042979861292,0.006473535244665684,0.012967910035523495,0.0006969876957221204,0.0020180975696983475,0.000587720686768979,0.001514083600540579,0.0233783732178142,8.260768862657967e-05
277,2.5182219613396828e-05,0.00029180553693099144,0.0003887040022827977,4.920480776462679e-05,0.0060540433855973295,0.006473337112580582,0.012968004851873594,0.0006969933251648526,0.002018096796680301,0.0005877214597774338,0.0015140842853197125,0.023378372406705383,8.260768862494657e-05
278,2.5192516678514194e-05,0.0002915150357001674,0.0003899144794267879,4.933918528396914e-05,0.0060542581854234785,0.006473781411045368,0.012967843956987048,0.0006970169765251488,0.002018240722691129,0.0005875775335290777,0.0015126255047767864,0.023378516539842686,8.257301615454627e-05
279,2.5192470950669395e-05,0.0002915150168656921,0.00038991451167993984,4.933928092618593e-05,0.006054258100397121,0.006473823272258208,0.012967823905383605,0.0006970158193104349,0.0020182408818072827,0.000587577374414742,0.00151262536985721,0.023378516706972097,8.257301615460639e-05
280,2.519269024785973e-05,0.00029151510751248687,0.00038991435595357607,4.933882258038298e-05,0.006054258507483162,0.006473624562296528,0.012967919048082636,0.0006970213807870266,0.002018240118970792,0.0005875781372420118,0.0015126260170617814,0.023378515906254737,8.257301615429581e-05
281,2.519251730978905e-05,0.0002915150347760262,0.00038991448282225423,4.933918439193799e-05,0.006054258187282567,0.006473781597315868,0.012967843856344374,0.0006970169903187885,0.0020182407210117773,0.0005875775352084665,0.0015126255024472909,0.02337851653800941,8.257301615459216e-05
282,2.519246990356316e-05,0.0002915150154470641,0.0003899145150512109,4.9339283197598215e-05,0.0060542580991486475,0.006473822945153937,0.012967824084786105,0.0006970157887386043,0.0020182408856371232,0.0005875773705852011,0.001512625364503569,0.023378516710748882,8.25730161546441e-05
283,2.519268879046686e-05,0.0002915151059664428,0.00038991435833610015,4.93388258524621e-05,0.006054258504920769,0.0064736240599555465,0.012967919326953086,0.0006970213261191846,0.0020182401242301146,0.0005875781319825399,0.0015126260115376476,0.0233785159120912,8.257301615435032e-05
284,2.519252519209347e-05,0.0002915150696318617,0.000389914243345256,4.933913694869039e-05,0.006054258165321844,0.00647378343569485,0.012967842815518956,0.0006970171745216811,0.002018240657975582,0.0005875775982442888,0.0015126258308659965,0.0233785164736797,8.257301615748149e-05
285,2.519247767484721e-05,0.00029151505020963425,0.0003899142755802445,4.933923587457356e-05,0.006054258077074918,0.006473824790256743,0.012967823046073228,0.0006970159603103128,0.002018240822859785,0.0005875774333621919,0.001512625692892905,0.023378516646757788,8.257301615754317e-05
286,2.5192697768850273e-05,0.00029151514118922687,0.0003899141187130351,4.9338776265254964e-05,0.006054258485025962,0.006473626248376596,0.01296791809586027,0.0006970215391521262,0.0020182400575246948,0.0005875781986874706,0.0015126263422367786,0.023378515843967218,8.257301615723741e-05
287,2.519206054245377e-05,0.00029152704052313983,0.0003898670188441004,4.933404559623612e-05,0.006054249638650539,0.0064737774840778455,0.012967843435088408,0.0006970164956822326,0.00201823528172834,0.0005875829745017393,0.0015126822876569367,0.023378511088378743,8.257475098421733e-05
288,2.5192013262040014e-05,0.00029152702106933814,0.00038986705137891063,4.933414419745749e-05,0.00605424955079885,0.006473818890292882,0.012967823635732295,0.0006970152900467715,0.002018235445940555,0.0005875828102915076,0.0015126821496152974,0.023378511260817948,8.257475098554217e-05
289,2.5192232031445136e-05,0.0002915271119088538,0.00038986689325123665,4.933368690779701e-05,0.006054249956118881,0.006473619972927898,0.012967918893143523,0.0006970208299592834,0.0020182346847587604,0.000587583571463724,0.0015126827981440047,0.023378510462292404,8.257475097892252e-05
290,2.519205942690538e-05,0.00029152703930230395,0.00038986702086773767,4.933404800384146e-05,0.006054249636857724,0.006473777111139736,0.012967843641378731,0.0006970164565308847,0.002018235285694448,0.0005875829705356753,0.001512682283462905,0.023378511092644157,8.257475098505977e-05
291,2.5192012506702036e-05,0.00029152701997454614,0.00038986705305227363,4.933414600208288e-05,0.0060542495494814285,0.006473818602881646,0.012967823795222969,0.0006970152586489474,0.0020182354487653324,0.0005875828074665709,0.0015126821462910194,0.023378511264068324,8.257475098638263e-05
292,2.519223391814805e-05,0.0002915271115550041,0.0003898668965754346,4.9333683465291744e-05,0.006054249960487045,0.006473620555971717,0.012967918570728314,0.0006970208903117321,0.0020182346788481104,0.0005875835773745228,0.0015126827984761372,0.023378510455730063,8.257475097974864e-05
293,2.519206685468781e-05,0.0002915270756043353,0.0003898667730589768,4.933400033672746e-05,0.00605424961272448,0.006473778846227097,0.012967842661760176,0.0006970166196726246,0.00201823522287187,0.000587583033357865,0.0015126826214479905,0.023378511028694413,8.2574751047015e-05
294,2.5192020925196758e-05,0.0002915270565097525,0.00038986680611842017,4.9334096476349844e-05,0.006054249527439879,0.00647382063316436,0.012967822649598006,0.0006970154585400853,0.00201823538277713,0.0005875828734544379,0.0015126824851799982,0.02337851119663829,8.257475104833443e-05
295,2.519223948461156e-05,0.0002915271472733113,0.0003898666483003939,4.933363949142544e-05,0.006054249932566816,0.0064736216819646685,0.012967917925816766,0.0006970209947264197,0.002018234622231214,0.0005875836339909717,0.0015126831331901554,0.023378510398590544,8.257475104171422e-05
296,1.8636491512443165e-05,0.00028939151095447584,0.0003850992700860687,6.565807570919979e-05,0.006036784803768562,0.00452356604183376,0.01375577004317273,0.00048430065346451883,0.0020441485744305274,0.0005616699777112597,0.0015017750564368323,0.023406279707583126,8.260833005594295e-05
297,1.8636635196123394e-05,0.00028939100296707473,0.0003851035886817658,6.565850408966994e-05,0.00603678555570006,0.004523550874256091,0.013755779691402202,0.0004842977502910377,0.0020441488080033547,0.0005616697444460485,0.001501769852819152,0.02340627988589791,8.260832988383462e-05
298,1.863663601321941e-05,0.00028939100236485355,0.0003851035967321133,6.565850264403017e-05,0.006036785559451983,0.004523553093885789,0.01375577873857013,0.00048429778275544983,0.0020441488054050217,0.0005616697470443425,0.00150176984479497,0.023406279882969658,8.26083298833396e-05
299,1.8636631989221426e-05,0.000289391005155491,0.000385103558197697,6.565850989271075e-05,0.006036785541167806,0.004523542479978689,0.013755783296343374,0.0004842976243768656,0.0020441488183663525,0.0005616697340832341,0.0015017698829027186,0.02340627989763797,8.260832988572904e-05
300,1.8646487424335103e-05,0.00028908649063958796,0.0003863410966882313,6.583347337917228e-05,0.006036969031405879,0.004523673212991314,0.01375580830042055,0.00048430922299633926,0.002044340096175921,0.0005614784560693247,0.0015002409307408556,0.023406471604044885,8.257301778142924e-05
301,1.864648684733148e-05,0.0002890864899157313,0.0003863410996859528,6.58334727690409e-05,0.0060369690328851925,0.004523673220423685,0.013755808296491177,0.0004843092234022586,0.002044340096148629,0.0005614784560966375,0.001500240928252704,0.02340647160396954,8.257301778145609e-05
302,1.8646411087665994e-05,0.0002890865336431393,0.0003863409653824388,6.583332041136746e-05,0.006036969147078932,0.004523682206983076,0.013755804345056364,0.00048430937534569104,0.0020443400097959327,0.0005614785424521521,0.001500241224379461,0.023406471513638998,8.257301778437823e-05
303,1.8646391236865063e-05,0.0002890865371970844,0.00038634098560322516,6.583329333699569e-05,0.00603696918026966,0.004523684458679309,0.013755803375595465,0.0004843094035153336,0.0020443400020941738,0.0005614785501547126,0.0015002412235492757,0.023406471504980868,8.257301778436268e-05
304,1.864649265615066e-05,0.00028908652071736693,0.00038634087667298105,6.58334305198191e-05,0.0060369690103217796,0.004523673692683688,0.013755808011438726,0.00048430926811763263,0.0020443400401944515,0.0005614785120503315,0.0015002412345449512,0.02340647154776009,8.257301778433127e-05
305,1.8645963559993854e-05,0.0002890991286713583,0.00038629235516968733,6.582654903462872e-05,0.006036961842648096,0.004523679061703612,0.013755802444557595,0.0004843089739053131,0.0020443326950542093,0.0005614858572074381,0.0015003008736193474,0.023406464177721197,8.257478632905361e-05
306,1.864596894395023e-05,0.00028909916019254496,0.00038629212757381717,6.582650513653976e-05,0.006036961820405028,0.0045236795420860315,0.013755802154437837,0.0004843090192244089,0.002044332637688501,0.0005614859145726648,0.0015003011870309614,0.023406464120052043,8.257478639136937e-05
307,1.8645948949311334e-05,0.0002890991632786697,0.000386292149431333,6.582647808783468e-05,0.006036961854046384,0.004523681793600918,0.013755801185200395,0.0004843090473503821,0.0020443326301876025,0.0005614859220743831,0.001500301184519709,0.023406464111595318,8.257478639148772e-05
308,1.8646051163266367e-05,0.00028909914747639304,0.00038629203863751137,6.582661611606201e-05,0.006036961682719171,0.004523671028666521,0.013755805820417785,0.0004843089122397427,0.0020443326683484897,0.0005614858839093468,0.0015003011963090115,0.023406464154479292,8.257478639056409e-05
309,1.8974009249766353e-05,0.00028955096365788354,0.0003853721740351463,6.455076968893361e-05,0.006037955093142792,0.004622287194514222,0.01368920882554938,0.0004951051794884312,0.002042501714534613,0.0005633168200153464,0.0015025682390580662,0.023404517525133464,8.260828492321786e-05
310,1.897400919506736e-05,0.00028955096303242113,0.0003853721795468795,6.455077027040533e-05,0.006037955094147735,0.004622290904524696,0.01368920714810405,0.0004951051961039563,0.002042501715258245,0.0005633168192917919,0.001502568232021817,0.02340451752558949,8.260828492292246e-05
311,1.8974008790131104e-05,0.0002895509679232306,0.00038537214008901004,6.455076425060465e-05,0.006037955088722983,0.004622273137423507,0.0136892151850165,0.0004951051071401413,0.0020425017087560074,0.0005633168257938847,0.0015025682847452258,0.02340451752020652,8.260828492505633e-05
312,1.897400935802755e-05,0.00028955096294039953,0.00038537217499476313,6.455076957691272e-05,0.0060379550935293295,0.004622287200381637,0.013689208822419587,0.000495105180039482,0.0020425017142757193,0.0005633168202742198,0.0015025682386725875,0.02340451752483168,8.260828492325584e-05
313,1.8974009320995278e-05,0.0002895509623497373,0.0003853721803499372,6.455077004600585e-05,0.006037955094600521,0.004622290916797112,0.013689207140972885,0.0004951051974439097,0.002042501714858456,0.0005633168196915607,0.0015025682319367453,0.0234045175252372,8.260828492296775e-05
314,1.8974008909587523e-05,0.0002895509671958495,0.00038537214115304626,6.455076413512281e-05,0.006037955089143679,0.004622273145411152,0.013689215180719298,0.0004951051077983633,0.0020425017084941734,0.0005633168260557068,0.001502568284238139,0.02340451751994409,8.260828492509042e-05
315,1.897401387813326e-05,0.0002895510243374433,0.0003853717660210214,6.455068210665482e-05,0.006037955062052046,0.004622287978754081,0.013689208346022285,0.0004951052520624638,0.0020425016085433927,0.0005633169260059928,0.0015025688056844386,0.023404517418498628,8.26082849438166e-05
316,1.8974013849925196e-05,0.0002895510236392842,0.000385371772065146,6.455068280117428e-05,0.006037955063100261,0.004622291695987938,0.013689206663960249,0.0004951052695775294,0.002042501609371511,0.0005633169251779444,0.001502568797892072,0.02340451741906009,8.260828494349146e-05
317,1.8974013426530485e-05,0.0002895510285403751,0.0003853717324765685,6.455067679005783e-05,0.006037955057628701,0.00462227392288494,0.01368921470457726,0.0004951051798213432,0.0020425016029115887,0.0005633169316377273,0.001502568850765324,0.023404517413735476,8.260828494563677e-05
318,1.8984243608706524e-05,0.0002892484344480314,0.0003865998935190961,6.472458505805814e-05,0.006038136857284157,0.004622460063512049,0.01368920827695032,0.0004951246003002706,0.002042690305112229,0.0005631282288900343,0.001501050984034572,0.02340470767949917,8.257301771289858e-05
319,1.898424385708141e-05,0.00028924843338326426,0.00038659990317524537,6.472458514979221e-05,0.0060381368600594685,0.0046224637808556105,0.013689206593841716,0.0004951246174819468,0.002042690306373234,0.0005631282276289147,0.0015010509730552686,0.02340470767871449,8.257301771291204e-05
320,1.8984242340592082e-05,0.0002892484365556639,0.0003865998818642652,6.472456796933136e-05,0.006038136870677078,0.004622445992786496,0.013689214647843263,0.0004951244942470363,0.002042690292874281,0.0005631282411307657,0.001501051023779513,0.023404707656554485,8.257301771285084e-05
321,1.8984243528428685e-05,0.00028924843373928405,0.00038659989615094333,6.472458461878464e-05,0.006038136858493131,0.004622460073725417,0.013689208271881094,0.0004951246009178578,0.002042690304473972,0.0005631282295287058,0.0015010509822307731,0.023404707678852773,8.257301771293249e-05
322,1.8984243345215106e-05,0.00028924843247335767,0.00038659990817231096,6.47245828880871e-05,0.006038136863627021,0.004622463785476709,0.013689206593788316,0.0004951246128969782,0.0020426903039709532,0.0005631282300326433,0.0015010509718985715,0.023404707675340853,8.257301771293665e-05
323,1.8984241079628005e-05,0.0002892484356997667,0.00038659989192890113,6.472456329892675e-05,0.0060381368779792504,0.004622445989533271,0.013689214654107636,0.0004951244828900658,0.00204269028809546,0.0005631282459128246,0.001501051020903789,0.02340470765003278,8.257301771288813e-05
324,1.8984247891405207e-05,0.0002892484667025473,0.00038659967008839504,6.472453387800342e-05,0.006038136843402146,0.004622460759331605,0.013689207868167654,0.0004951246629978127,0.002042690242176797,0.0005631282918241387,0.0015010512979512192,0.023404707615975618,8.257301771580949e-05
325,1.8984247750213567e-05,0.00028924846532599966,0.0003865996811200025,6.47245323727133e-05,0.006038136848045822,0.004622464481732951,0.013689206181690823,0.0004951246803587572,0.0020426902418888,0.0005631282921129202,0.0015010512885792954,0.023404707612947453,8.257301771580804e-05
326,1.8984245753355837e-05,0.000289248468297179,0.00038659966386050455,6.472451365827471e-05,0.006038136861287098,0.004622446685765013,0.013689214241579012,0.0004951245511866626,0.0020426902269022732,0.0005631283071035405,0.0015010513374238727,0.02340470758878499,8.2573017715757e-05
327,1.8983803374740164e-05,0.0002892610061911635,0.0003865512232406535,6.471791514066528e-05,0.0060381294375066894,0.00462245693750299,0.013689206422144887,0.0004951242038343325,0.0020426830969940053,0.0005631354370197773,0.001501110612683801,0.02340470045086903,8.257478482394391e-05
328,1.89838040681544e-05,0.0002892610051031204,0.0003865512296450837,6.471791691965408e-05,0.006038129437707253,0.004622460658957508,0.013689204734611837,0.00049512422549978,0.002042683099868591,0.0005631354341439713,0.001501110602654843,0.023404700452539232,8.257478482411978e-05
329,1.898380334877092e-05,0.00028926100850821623,0.0003865512027806916,6.471790301539107e-05,0.006038129443619554,0.004622442878444504,0.013689212779789288,0.000495124110571636,0.002042683089593336,0.0005631354444201036,0.0015011106540191849,0.02340470043524188,8.257478482295027e-05
330,1.898380397873856e-05,0.00028926100549605383,0.0003865512218726356,6.471791749994471e-05,0.006038129434861443,0.004622456950318234,0.013689206412632528,0.0004951242089495097,0.002042683099031559,0.0005631354349809553,0.0015011106107203805,0.02340470045438276,8.257478482477304e-05
331,1.898380349094434e-05,0.0002892610041247888,0.00038655123610510563,6.471791475328516e-05,0.006038129441610797,0.00462246066299369,0.013689204734667991,0.0004951242204623066,0.0020426830975504478,0.000563135436463717,0.0015011105996874526,0.02340470044949895,8.257478482494852e-05
332,1.898380221021536e-05,0.00028926100739130883,0.0003865512129610698,6.471789869061403e-05,0.0060381294506425464,0.004622442877212021,0.01368921278572102,0.0004951241006987729,0.0020426830851583387,0.0005631354488581013,0.0015011106505851994,0.0234047004291136,8.257478482377891e-05
333,1.898380841603534e-05,0.00028926103997149093,0.0003865509866938833,6.471786583498496e-05,0.006038129418098111,0.004622457639979097,0.013689206003862628,0.0004951242753586375,0.0020426830356906284,0.0005631354983198643,0.0015011109374970756,0.023404700390468457,8.257478488627652e-05
334,1.8983807426918973e-05,0.0002892610385095785,0.00038655100413011233,6.471786120948598e-05,0.00603812942755535,0.004622461353415512,0.013689204326959895,0.0004951242820984642,0.0020426830323253425,0.0005631355016880676,0.0015011109260772554,0.023404700383111484,8.257478488645146e-05
335,1.898380715218656e-05,0.00028926104197829803,0.00038655097442495115,6.471784896872141e-05,0.006038129431070573,0.004622443571378561,0.013689212372780328,0.0004951241709830518,0.0020426830237104594,0.0005631355103027057,0.00150111097779822,0.023404700367999427,8.257478488528268e-05
